# awd2obj de C:\Source\MexOrbit\MexOrbit.CMS\public\spacemap\3d\meshes\asset-mmo-miningstation-b.awd
o geometry
v 49.960701 24.113300 7.375200
v 64.165398 22.702900 14.025000
v 46.018902 30.254400 15.280700
v 40.950298 22.702900 7.099300
v 39.171001 22.702900 23.576799
v 51.490200 22.702900 35.178200
v 64.338898 22.114401 32.448502
v 62.976799 25.666201 21.608200
v 53.398300 15.180800 4.118400
v 40.950298 22.702900 7.099300
v 32.780800 15.180800 8.521500
v 30.445000 15.180800 21.705999
v 32.780800 15.180800 8.521500
v 36.123501 15.180800 33.498600
v 49.688702 15.180800 42.493801
v 69.182404 15.180800 45.719700
v 73.131500 15.180800 35.532501
v 85.919800 25.115999 28.608999
v 81.109497 15.180800 23.001400
v 86.857300 23.216101 17.259001
v 67.066803 13.831600 10.406500
v 43.322899 1.365100 17.159000
v 56.166801 1.365100 9.420900
v 43.322899 1.365100 17.159000
v 43.051899 -3.476000 31.233601
v 57.435902 1.365100 37.205799
v 72.475304 1.365100 32.757099
v 73.131500 15.180800 35.532501
v 81.109497 15.180800 23.001400
v 66.213097 1.365100 19.163200
v 54.383099 -9.517500 34.020000
v 54.383099 -9.517500 34.020000
v 72.475304 1.365100 32.757099
v 85.919800 25.115999 28.608999
v -76.934402 -38.107601 57.543201
v -76.934402 -38.107700 82.623299
v -71.287201 -42.846298 57.543201
v -71.287201 -42.846298 82.623299
v 27.014900 7.094200 -6.330400
v 20.050900 7.641300 -8.151700
v 22.146799 -11.292000 6.189600
v 15.182800 -10.744900 4.368300
v 23.083700 -9.167500 7.281600
v 22.716801 -13.914800 0.697000
v 28.088900 7.635400 -5.111700
v 27.722000 2.888100 -11.696300
v 32.083302 20.049999 90.109398
v 32.083302 20.049999 114.704498
v 38.539501 20.049999 90.569397
v 38.539501 20.049999 114.704498
v -30.050301 12.727600 43.344200
v -24.944500 8.602200 43.344200
v -30.050301 12.727600 20.227900
v -24.944500 8.602200 20.227900
v -47.206799 -56.474800 85.871201
v -47.206799 -56.474800 62.754799
v -53.769798 -56.353199 85.871201
v -53.769798 -56.353199 62.754799
v -68.177299 -48.363602 99.911903
v -68.177299 -48.363602 111.667603
v -65.668602 -50.468700 99.911903
v -65.668602 -50.468700 111.667603
v 31.310600 25.799900 -16.920700
v 59.015400 25.799900 -16.920601
v 31.310600 25.799900 -22.400600
v 59.015400 25.799900 -22.400499
v -56.908501 -50.191200 36.974800
v -56.908501 -50.191200 27.876600
v -56.908501 -8.785000 36.974800
v -56.908501 -8.785000 27.876499
v -86.577499 -28.902599 9.637700
v -84.168900 -25.985300 9.637700
v -75.900299 -35.323299 9.847600
v -73.681900 -32.251701 9.687000
v -69.145103 -42.348900 9.722200
v -66.712196 -39.148800 9.722200
v -58.165501 -48.656200 9.945000
v -55.941002 -45.300301 9.774400
v -74.332001 -26.841900 17.167700
v -74.332001 -23.978701 17.167700
v -37.572899 -26.841900 17.167700
v -37.572899 -23.978701 17.167700
v -37.572899 -23.978701 14.304400
v -74.332001 -23.978701 14.304400
v -37.572899 -26.841900 14.304400
v -74.332001 -26.841900 14.304400
v -37.572899 -23.978701 17.167700
v -74.332001 -23.978701 17.167700
v -37.572899 -23.978701 14.304400
v -74.332001 -23.978701 14.304400
v -74.332001 -26.841900 17.167700
v -37.572899 -26.841900 17.167700
v -74.332001 -26.841900 14.304400
v -37.572899 -26.841900 14.304400
v -5.871900 40.082199 79.919998
v -5.871900 40.082199 67.964699
v -45.385201 -7.007800 79.919998
v -45.385201 -7.007800 67.964699
v 67.768799 23.308100 198.700607
v 75.645599 20.441200 198.700607
v 67.768799 23.308100 90.814598
v 75.645599 20.441200 90.320198
v 74.749901 21.709200 70.274300
v 85.107101 21.709200 70.274300
v 74.750000 21.709200 32.437401
v 85.107101 21.709200 32.437401
v 80.232300 21.182699 70.481102
v 80.232300 10.531000 71.328003
v 80.232399 21.182699 32.249298
v 80.232399 10.531000 32.249298
v 66.467102 21.150999 198.962204
v 71.275002 28.017401 198.962204
v 66.467102 21.150999 91.076202
v 71.275002 28.017401 90.581902
v -24.672899 16.843000 51.345299
v -8.248800 33.400398 51.100300
v -24.675900 16.844400 45.231701
v -8.251700 33.401699 44.986801
v -9.387500 40.128700 45.162998
v -9.384300 40.127499 51.267899
v -29.101900 20.303400 45.163101
v -29.098700 20.302200 51.267899
v -29.000299 20.912100 50.634399
v -9.277800 40.657001 50.634399
v -24.625200 16.641800 50.631401
v -4.902700 36.386902 50.631302
v -4.904600 36.388699 45.396500
v -9.279600 40.658901 45.399700
v -24.627100 16.643700 45.396599
v -29.002199 20.913900 45.399601
v -56.695099 12.673900 47.036301
v -49.849499 12.673900 47.036301
v -56.695099 12.673900 24.368401
v -49.849499 12.673900 24.368500
v -49.030201 21.435699 0.906300
v -49.030201 7.673400 0.906300
v -49.030201 21.435699 24.348600
v -49.030201 7.673400 24.348600
v -63.154598 7.673400 0.906300
v -63.154598 21.435699 0.906300
v -63.154598 7.673400 24.348600
v -63.154598 21.435699 24.348600
v -49.030201 7.673400 0.906300
v -63.154598 7.673400 0.906300
v -49.030201 7.673400 24.348600
v -63.154598 7.673400 24.348600
v -49.030201 21.435699 24.348600
v -49.030201 7.673400 24.348600
v -63.154598 21.435699 24.348600
v -63.154598 7.673400 24.348600
v -49.030201 21.435699 0.906300
v -49.030201 21.435699 24.348600
v -63.154598 21.435699 0.906300
v -63.154598 21.435699 24.348600
v -63.154598 7.673400 0.906300
v -49.030201 7.673400 0.906300
v -63.154598 21.435699 0.906300
v -49.030201 21.435699 0.906300
v 51.138401 61.922699 -146.325806
v 47.105999 64.746300 -139.550201
v 50.429901 57.072498 -139.550201
v 57.663101 57.354000 -143.737793
v 57.663101 57.354000 -135.362701
v 51.138401 61.922699 -132.774597
v 51.138401 61.922699 -146.325806
v 51.138401 61.922699 -132.774597
v 47.105999 64.746300 -139.550201
v 57.663101 57.354000 -143.737793
v 57.663101 57.354000 -135.362701
v -8.674000 -15.859600 17.896500
v -8.674000 -15.859600 6.156500
v -32.083099 -15.859600 17.896500
v -32.083099 -15.859600 6.156500
v -8.674000 -15.859600 6.156500
v -8.674000 -5.926800 6.156500
v -32.083099 -15.859600 6.156500
v -32.083099 -5.926800 6.156500
v -8.674000 -5.926800 6.156500
v -8.674000 -5.926800 17.896500
v -32.083099 -5.926800 6.156500
v -32.083099 -5.926800 17.896500
v -8.674000 -5.926800 17.896500
v -8.674000 -15.859600 17.896500
v -32.083099 -5.926800 17.896500
v -32.083099 -15.859600 17.896500
v -9.637100 -3.841800 1.039600
v 4.125200 -3.841800 1.039600
v -9.637100 -3.841800 24.482000
v 4.125100 -3.841800 24.482000
v 4.125200 -17.966101 1.039600
v -9.637100 -17.966200 1.039600
v 4.125200 -17.966200 24.482000
v -9.637100 -17.966200 24.482000
v 4.125200 -3.841800 1.039600
v 4.125200 -17.966101 1.039600
v 4.125100 -3.841800 24.482000
v 4.125200 -17.966200 24.482000
v -9.637100 -3.841800 24.482000
v 4.125100 -3.841800 24.482000
v -9.637100 -17.966200 24.482000
v 4.125200 -17.966200 24.482000
v -9.637100 -3.841800 1.039600
v -9.637100 -3.841800 24.482000
v -9.637100 -17.966200 1.039600
v -9.637100 -17.966200 24.482000
v 4.125200 -17.966101 1.039600
v 4.125200 -3.841800 1.039600
v -9.637100 -17.966200 1.039600
v -9.637100 -3.841800 1.039600
v -2.762100 -12.727000 -20.398300
v -9.607600 -12.727000 -20.398300
v -2.762100 -12.727000 2.269500
v -9.607600 -12.727000 2.269500
v -10.497100 -3.124500 0.593300
v -10.497100 -3.124500 33.533600
v -7.157600 -3.124500 0.593300
v -7.157600 -3.124500 33.533600
v -10.587300 -3.154500 0.558800
v -10.587300 -3.154500 33.499001
v -10.587300 -6.613900 0.558800
v -10.587400 -6.613900 33.499001
v 4.323600 -16.591999 5.800500
v 4.323600 -16.591999 39.160400
v 4.323700 -20.114201 5.800500
v 4.323700 -20.114201 39.160400
v 0.808600 -20.156200 39.160301
v 4.330800 -20.156200 39.160301
v 0.808600 -20.156200 5.800400
v 4.330800 -20.156200 5.800400
v -42.552700 0.931800 41.908501
v -42.590500 -1.716200 56.745998
v -50.959599 6.870500 42.200901
v -45.965500 0.301100 33.894798
v -60.979599 -0.029500 39.001999
v -66.065002 -1.326200 54.324402
v -58.507801 -2.816600 64.276299
v -49.628101 0.986000 59.023201
v -38.402802 -7.761600 42.823101
v -45.965500 0.301100 33.894798
v -50.556099 -6.271100 26.784599
v -62.938301 -6.464200 30.083099
v -50.556099 -6.271100 26.784599
v -70.873703 -7.245700 39.744801
v -73.194397 -8.565700 55.092701
v -68.113800 -10.185800 73.236504
v -57.679798 -10.204700 72.540802
v -46.432301 -1.536700 81.623802
v -43.583900 -10.472500 74.380798
v -36.220501 -3.097900 77.699097
v -38.343102 -10.298800 57.056499
v -53.888901 -20.516701 38.228199
v -41.984402 -21.302700 46.205299
v -53.888901 -20.516701 38.228199
v -66.243896 -25.512699 43.267300
v -65.575996 -22.194901 58.506100
v -55.637798 -23.246799 69.706497
v -57.679798 -10.204700 72.540802
v -43.583900 -10.472500 74.380798
v -46.375599 -22.368099 58.814098
v -64.125198 -32.240799 53.679298
v -64.125198 -32.240799 53.679298
v -55.637798 -23.246799 69.706497
v -46.432301 -1.536700 81.623802
v -89.079697 4.416500 86.540100
v -81.636803 7.034500 83.730904
v -82.686302 -0.946800 85.996399
v -90.349503 -3.344300 83.658897
v -83.691399 -5.522600 79.069000
v -78.306702 0.891900 79.113503
v -89.079697 4.416500 86.540100
v -78.306702 0.891900 79.113503
v -81.636803 7.034500 83.730904
v -90.349503 -3.344300 83.658897
v -83.691399 -5.522600 79.069000
v -10.372300 -53.926399 105.059402
v -20.914801 -45.080200 105.059402
v -10.372300 -53.926399 81.617104
v -20.914801 -45.080200 81.617104
v -29.993799 -55.900101 105.059402
v -19.451300 -64.746300 105.059402
v -29.993799 -55.900101 81.617104
v -19.451300 -64.746300 81.617104
v -20.914801 -45.080200 105.059402
v -29.993799 -55.900101 105.059402
v -20.914801 -45.080200 81.617104
v -29.993799 -55.900101 81.617104
v -10.372300 -53.926399 81.617104
v -20.914801 -45.080200 81.617104
v -19.451300 -64.746300 81.617104
v -29.993799 -55.900101 81.617104
v -10.372300 -53.926399 105.059402
v -10.372300 -53.926399 81.617104
v -19.451300 -64.746300 105.059402
v -19.451300 -64.746300 81.617104
v -29.993799 -55.900101 105.059402
v -20.914801 -45.080200 105.059402
v -19.451300 -64.746300 105.059402
v -10.372300 -53.926399 105.059402
v -9.814000 -52.440601 99.878899
v -9.813900 -52.440601 66.938599
v -12.372200 -50.293999 99.878899
v -12.372200 -50.293999 66.938599
v -9.764100 -52.521599 99.913399
v -9.764100 -52.521599 66.973198
v -11.987700 -55.171600 99.913399
v -11.987700 -55.171600 66.973198
v -23.941999 -48.504101 126.380302
v -18.698000 -52.904400 126.380302
v -23.941999 -48.504101 103.712502
v -18.698000 -52.904400 103.712502
v -31.837299 -56.242298 72.587402
v -29.573299 -53.544102 72.587402
v -31.837299 -56.242298 105.947403
v -29.573299 -53.544102 105.947403
v -29.171600 -58.533901 72.587502
v -31.869699 -56.269901 72.587502
v -29.171600 -58.533901 105.947403
v -31.869699 -56.269901 105.947403
v -27.929300 -54.901299 99.922401
v -27.929300 -54.901299 88.182503
v -45.861698 -39.854301 99.922401
v -45.861698 -39.854301 88.182503
v -27.929300 -54.901299 88.182503
v -21.544600 -47.292301 88.182503
v -45.861698 -39.854301 88.182503
v -39.477001 -32.245300 88.182503
v -21.544600 -47.292301 88.182503
v -21.544600 -47.292301 99.922401
v -39.477001 -32.245300 88.182503
v -39.477001 -32.245300 99.922401
v -21.544600 -47.292301 99.922401
v -27.929300 -54.901299 99.922401
v -39.477001 -32.245300 99.922401
v -45.861698 -39.854301 99.922401
v -43.907501 -47.456501 50.320801
v -43.753601 -47.412201 63.379299
v -68.315399 -47.307800 50.251701
v -68.161499 -47.263500 63.439800
v -43.902500 -61.708801 63.336700
v -44.056301 -61.753101 50.271000
v -68.310402 -61.560101 63.397202
v -68.464302 -61.604401 50.201801
v -68.310402 -61.560101 63.397202
v -68.464302 -61.604401 50.201801
v -68.161499 -47.263500 63.439800
v -68.315399 -47.307800 50.251701
v -43.902500 -61.708801 63.336700
v -68.310402 -61.560101 63.397202
v -43.753601 -47.412201 63.379299
v -68.161499 -47.263500 63.439800
v -44.056301 -61.753101 50.271000
v -43.902500 -61.708801 63.336700
v -43.907501 -47.456501 50.320801
v -43.753601 -47.412201 63.379299
v -50.966000 -59.108200 26.942400
v -50.827099 -59.087299 50.407600
v -50.953800 -50.463299 29.129900
v -50.913200 -49.950100 50.225800
v -62.474800 -36.859299 15.325400
v -62.532700 -59.184898 26.970400
v -50.220798 -36.859402 15.325300
v -50.966000 -59.108200 26.942400
v -50.220798 -36.859402 15.325300
v -51.062698 -32.527401 20.705700
v -50.827099 -59.087299 50.407600
v -63.560799 -59.154099 50.407398
v -62.169498 -50.608002 29.253901
v -63.455700 -32.527401 20.705700
v -50.953800 -50.463299 29.129900
v -51.062698 -32.527401 20.705700
v -63.560799 -59.154099 50.407398
v -62.532700 -59.184898 26.970400
v -63.474701 -50.016899 50.225601
v -62.169498 -50.608002 29.253901
v -63.455700 -32.527401 20.705700
v -62.474800 -36.859299 15.325400
v -50.913200 -49.950100 50.225800
v -63.474701 -50.016899 50.225601
v -63.474701 -50.016899 50.225601
v -50.913200 -49.950100 50.225800
v -68.315399 -47.307800 50.251701
v -43.907501 -47.456501 50.320801
v -44.056301 -61.753101 50.271000
v -50.827099 -59.087299 50.407600
v -63.560799 -59.154099 50.407398
v -68.464302 -61.604401 50.201801
v -63.455700 -32.527401 20.705700
v -62.474800 -36.859299 15.325400
v -51.062698 -32.527401 20.705700
v -50.220798 -36.859402 15.325300
v 38.785099 15.021500 -41.051498
v 38.922298 14.938800 -54.109901
v 15.170300 21.195101 -40.982399
v 15.307500 21.112400 -54.170502
v 42.478699 28.786800 -54.067299
v 42.341499 28.869400 -41.001598
v 18.863899 34.960400 -54.127800
v 18.726700 35.043098 -40.932499
v 18.863899 34.960400 -54.127800
v 18.726700 35.043098 -40.932499
v 15.307500 21.112400 -54.170502
v 15.170300 21.195101 -40.982399
v 42.478699 28.786800 -54.067299
v 18.863899 34.960400 -54.127800
v 38.922298 14.938800 -54.109901
v 15.307500 21.112400 -54.170502
v 42.341499 28.869400 -41.001598
v 42.478699 28.786800 -54.067299
v 38.785099 15.021500 -41.051498
v 38.922298 14.938800 -54.109901
v 34.982700 28.103001 -17.673000
v 35.111500 28.046900 -41.138199
v 32.757099 19.749500 -19.860500
v 32.663502 19.243299 -40.956402
v 18.107700 9.591000 -6.056000
v 23.830000 31.170799 -17.701000
v 29.944099 6.419400 -6.056000
v 34.982700 28.103001 -17.673000
v 29.944099 6.419400 -6.056000
v 28.009701 2.453000 -11.436300
v 35.111500 28.046900 -41.138199
v 22.829000 31.407101 -41.138100
v 21.961000 22.792101 -19.984501
v 16.039000 5.660600 -11.436300
v 32.757099 19.749500 -19.860500
v 28.009701 2.453000 -11.436300
v 22.829000 31.407101 -41.138100
v 23.830000 31.170799 -17.701000
v 20.547300 22.559000 -40.956299
v 21.961000 22.792101 -19.984501
v 16.039000 5.660600 -11.436300
v 18.107700 9.591000 -6.056000
v 32.663502 19.243299 -40.956402
v 20.547300 22.559000 -40.956299
v 20.547300 22.559000 -40.956299
v 32.663502 19.243299 -40.956402
v 15.170300 21.195101 -40.982399
v 38.785099 15.021500 -41.051498
v 42.341499 28.869400 -41.001598
v 35.111500 28.046900 -41.138199
v 22.829000 31.407101 -41.138100
v 18.726700 35.043098 -40.932499
v 16.039000 5.660600 -11.436300
v 18.107700 9.591000 -6.056000
v 28.009701 2.453000 -11.436300
v 29.944099 6.419400 -6.056000
v 40.056499 20.460600 -50.199402
v 55.331600 16.607800 -50.199402
v 38.968498 16.145100 -50.199402
v 54.243599 12.292300 -50.199402
v -34.656898 -39.897301 7.436500
v -42.049000 -44.131401 7.470900
v -34.907501 -39.418999 16.896299
v -42.299500 -43.653000 16.930700
v -34.907501 -39.418999 16.896299
v -42.299500 -43.653000 16.930700
v -41.899300 -27.765600 17.591999
v -48.457802 -31.522200 17.622601
v -42.049000 -44.131401 7.470900
v -34.656898 -39.897301 7.436500
v -48.337700 -31.759800 5.532900
v -41.800201 -28.015301 5.502500
v -34.907501 -39.418999 16.896299
v -41.899300 -27.765600 17.591999
v -34.656898 -39.897301 7.436500
v -41.800201 -28.015301 5.502500
v -42.049000 -44.131401 7.470900
v -48.337700 -31.759800 5.532900
v -42.299500 -43.653000 16.930700
v -48.457802 -31.522200 17.622601
v -91.920700 -15.083500 6.765800
v -91.920700 -6.929800 6.765800
v -91.957802 -15.083500 16.664700
v -91.957802 -6.929800 16.664700
v -91.957802 -15.083500 16.664700
v -91.957802 -6.929800 16.664700
v -78.437202 -14.819400 18.206800
v -78.437202 -7.585100 18.206800
v -91.920700 -6.929800 6.765800
v -91.920700 -15.083500 6.765800
v -77.966797 -7.596800 5.581600
v -77.966797 -14.807800 5.581600
v -91.957802 -15.083500 16.664700
v -78.437202 -14.819400 18.206800
v -91.920700 -15.083500 6.765800
v -77.966797 -14.807800 5.581600
v -91.920700 -6.929800 6.765800
v -77.966797 -7.596800 5.581600
v -91.957802 -6.929800 16.664700
v -78.437202 -7.585100 18.206800
v -77.764297 18.485901 7.014300
v -70.702904 22.562799 7.014300
v -77.774902 18.504299 16.489300
v -70.713600 22.581200 16.489300
v -77.774902 18.504299 16.489300
v -70.713600 22.581200 16.489300
v -70.785103 6.925800 17.986900
v -64.519997 10.542900 17.986900
v -70.702904 22.562799 7.014300
v -77.764297 18.485901 7.014300
v -64.305000 10.147300 5.903100
v -70.550003 6.541700 5.903100
v -77.774902 18.504299 16.489300
v -70.785103 6.925800 17.986900
v -77.764297 18.485901 7.014300
v -70.550003 6.541700 5.903100
v -70.702904 22.562799 7.014300
v -64.305000 10.147300 5.903100
v -70.713600 22.581200 16.489300
v -64.519997 10.542900 17.986900
v -41.966900 22.381100 6.985800
v -34.589199 18.122000 6.993700
v -41.948299 22.395000 16.461100
v -34.570702 18.135799 16.468901
v -41.948299 22.395000 16.461100
v -34.570702 18.135799 16.468901
v -48.469700 10.546000 17.959000
v -41.923901 6.767100 17.965900
v -34.589199 18.122000 6.993700
v -41.966900 22.381100 6.985800
v -42.169601 6.389100 5.881800
v -48.694401 10.155900 5.874800
v -41.948299 22.395000 16.461100
v -48.469700 10.546000 17.959000
v -41.966900 22.381100 6.985800
v -48.694401 10.155900 5.874800
v -34.589199 18.122000 6.993700
v -42.169601 6.389100 5.881800
v -34.570702 18.135799 16.468901
v -41.923901 6.767100 17.965900
v -70.270103 -44.097198 6.956600
v -77.782501 -40.080399 6.964500
v -70.288101 -44.111698 16.431801
v -77.800598 -40.094898 16.439699
v -70.288101 -44.111698 16.431801
v -77.800598 -40.094898 16.439699
v -64.155899 -32.056702 17.929701
v -70.821198 -28.492800 17.936701
v -77.782501 -40.080399 6.964500
v -70.270103 -44.097198 6.956600
v -70.587898 -28.107100 5.852500
v -63.944099 -31.659500 5.845600
v -70.288101 -44.111698 16.431801
v -64.155899 -32.056702 17.929701
v -70.270103 -44.097198 6.956600
v -63.944099 -31.659500 5.845600
v -77.782501 -40.080399 6.964500
v -70.587898 -28.107100 5.852500
v -77.800598 -40.094898 16.439699
v -70.821198 -28.492800 17.936701
v -44.110901 9.989100 17.721201
v -40.020199 17.074301 12.199000
v -31.787399 -11.355800 17.721201
v -23.606001 -11.355800 12.199000
v -31.787399 -11.355800 6.364800
v -44.110901 9.989100 6.364800
v -31.787399 -11.355800 17.721201
v -44.110901 9.989100 17.721201
v -44.110901 9.989100 6.364800
v -31.787399 -11.355800 6.364800
v -31.787399 -11.355800 17.721201
v -23.606001 -11.355800 12.199000
v -44.110901 -32.700600 17.721201
v -40.020199 -39.785900 12.199000
v -31.787399 -11.355800 6.364800
v -31.787399 -11.355800 17.721201
v -44.110901 -32.700600 6.364800
v -44.110901 -32.700600 17.721201
v -31.787399 -11.355800 6.364800
v -44.110901 -32.700600 6.364800
v -44.110901 -32.700600 17.721201
v -40.020199 -39.785900 12.199000
v -68.757797 -32.700600 17.721201
v -72.848396 -39.785900 12.199000
v -44.110901 -32.700600 6.364800
v -44.110901 -32.700600 17.721201
v -68.757797 -32.700600 6.364800
v -68.757797 -32.700600 17.721201
v -44.110901 -32.700600 6.364800
v -68.757797 -32.700600 6.364800
v -68.757797 -32.700600 17.721201
v -72.848396 -39.785900 12.199000
v -81.081200 -11.355800 17.721201
v -89.262604 -11.355800 12.199000
v -68.757797 -32.700600 6.364800
v -68.757797 -32.700600 17.721201
v -81.081200 -11.355800 6.364800
v -81.081200 -11.355800 17.721201
v -68.757797 -32.700600 6.364800
v -81.081200 -11.355800 6.364800
v -81.081200 -11.355800 17.721201
v -89.262604 -11.355800 12.199000
v -68.757797 9.989100 17.721201
v -72.848396 17.074301 12.199000
v -81.081200 -11.355800 6.364800
v -81.081200 -11.355800 17.721201
v -68.757797 9.989100 6.364800
v -68.757797 9.989100 17.721201
v -81.081200 -11.355800 6.364800
v -68.757797 9.989100 6.364800
v -68.757797 9.989100 17.721201
v -72.848396 17.074301 12.199000
v -44.110901 9.989100 17.721201
v -40.020199 17.074301 12.199000
v -68.757797 9.989100 6.364800
v -68.757797 9.989100 17.721201
v -44.110901 9.989100 6.364800
v -44.110901 9.989100 17.721201
v -68.757797 9.989100 6.364800
v -44.110901 9.989100 6.364800
v -87.131500 -40.950199 81.750397
v -78.933098 -31.179701 81.750397
v -87.131500 -40.950199 104.925499
v -78.933098 -31.179701 104.925499
v -68.218498 -40.170300 81.750397
v -76.416901 -49.940800 81.750397
v -68.218498 -40.170300 104.925499
v -76.416901 -49.940701 104.925499
v -78.933098 -31.179701 81.750397
v -68.218498 -40.170300 81.750397
v -78.933098 -31.179701 104.925499
v -68.218498 -40.170300 104.925499
v -87.131500 -40.950199 104.925499
v -78.933098 -31.179701 104.925499
v -76.416901 -49.940701 104.925499
v -68.218498 -40.170300 104.925499
v -87.131500 -40.950199 81.750397
v -87.131500 -40.950199 104.925499
v -76.416901 -49.940800 81.750397
v -76.416901 -49.940701 104.925499
v -68.218498 -40.170300 81.750397
v -78.933098 -31.179701 81.750397
v -76.416901 -49.940800 81.750397
v -87.131500 -40.950199 81.750397
v -56.725498 4.298200 99.422302
v -55.304798 12.355200 93.900101
v -37.844898 -11.544600 99.422302
v -30.156900 -8.746400 93.900101
v -37.844898 -11.544600 88.065903
v -56.725498 4.298200 88.065903
v -37.844898 -11.544600 99.422302
v -56.725498 4.298200 99.422302
v -56.725498 4.298200 88.065903
v -37.844898 -11.544600 88.065903
v -37.844898 -11.544600 99.422302
v -30.156900 -8.746400 93.900101
v -42.124802 -35.817001 99.422302
v -35.857498 -41.075901 93.900101
v -37.844898 -11.544600 88.065903
v -37.844898 -11.544600 99.422302
v -42.124802 -35.817001 88.065903
v -42.124802 -35.817001 99.422302
v -37.844898 -11.544600 88.065903
v -42.124802 -35.817001 88.065903
v -42.124802 -35.817001 99.422302
v -35.857498 -41.075901 93.900101
v -65.285301 -44.246799 99.422302
v -66.705902 -52.303799 93.900101
v -42.124802 -35.817001 88.065903
v -42.124802 -35.817001 99.422302
v -65.285301 -44.246799 88.065903
v -65.285301 -44.246799 99.422302
v -42.124802 -35.817001 88.065903
v -65.285301 -44.246799 88.065903
v -65.285301 -44.246799 99.422302
v -66.705902 -52.303799 93.900101
v -84.165901 -28.403999 99.422302
v -91.853897 -31.202200 93.900101
v -65.285301 -44.246799 88.065903
v -65.285301 -44.246799 99.422302
v -84.165901 -28.403999 88.065903
v -84.165901 -28.403999 99.422302
v -65.285301 -44.246799 88.065903
v -84.165901 -28.403999 88.065903
v -84.165901 -28.403999 99.422302
v -91.853897 -31.202200 93.900101
v -79.886002 -4.131600 99.422302
v -86.153297 1.127300 93.900101
v -84.165901 -28.403999 88.065903
v -84.165901 -28.403999 99.422302
v -79.886002 -4.131600 88.065903
v -79.886002 -4.131600 99.422302
v -84.165901 -28.403999 88.065903
v -79.886002 -4.131600 88.065903
v -79.886002 -4.131600 99.422302
v -86.153297 1.127300 93.900101
v -56.725498 4.298200 99.422302
v -55.304798 12.355200 93.900101
v -79.886002 -4.131600 88.065903
v -79.886002 -4.131600 99.422302
v -56.725498 4.298200 88.065903
v -56.725498 4.298200 99.422302
v -79.886002 -4.131600 88.065903
v -56.725498 4.298200 88.065903
v -28.965700 -4.030600 88.762604
v -26.069000 -11.989100 88.762604
v -28.929501 -4.017400 99.044601
v -26.032900 -11.975900 99.044601
v -28.929501 -4.017400 99.044601
v -26.032900 -11.975900 99.044601
v -42.032600 -9.078400 100.646400
v -39.462502 -16.139500 100.646400
v -26.069000 -11.989100 88.762604
v -28.965700 -4.030600 88.762604
v -39.925701 -16.295300 87.532501
v -42.487499 -9.256900 87.532501
v -28.929501 -4.017400 99.044601
v -42.032600 -9.078400 100.646400
v -28.965700 -4.030600 88.762604
v -42.487499 -9.256900 87.532501
v -26.069000 -11.989100 88.762604
v -39.925701 -16.295300 87.532501
v -26.032900 -11.975900 99.044601
v -39.462502 -16.139500 100.646400
v -58.909500 15.719700 89.659401
v -50.520100 14.240700 89.667198
v -58.896900 15.739100 99.134598
v -50.507401 14.260100 99.142502
v -58.896900 15.739100 99.134598
v -50.507401 14.260100 99.142502
v -60.972301 2.374200 100.632500
v -53.528801 1.062000 100.639503
v -50.520100 14.240700 89.667198
v -58.909500 15.719700 89.659401
v -53.630501 0.622800 88.555298
v -61.049999 1.930800 88.548401
v -58.896900 15.739100 99.134598
v -60.972301 2.374200 100.632500
v -58.909500 15.719700 89.659401
v -61.049999 1.930800 88.548401
v -50.520100 14.240700 89.667198
v -53.630501 0.622800 88.555298
v -50.507401 14.260100 99.142502
v -53.528801 1.062000 100.639503
v -91.015999 -0.633800 89.451302
v -85.774803 5.612300 89.451302
v -91.032303 -0.620100 98.926300
v -85.791199 5.626000 98.926300
v -91.032303 -0.620100 98.926300
v -85.791199 5.626000 98.926300
v -80.503899 -9.109700 100.423897
v -75.853798 -3.568000 100.423897
v -85.774803 5.612300 89.451302
v -91.015999 -0.633800 89.451302
v -75.516403 -3.866200 88.339996
v -80.151604 -9.390200 88.339996
v -91.032303 -0.620100 98.926300
v -80.503899 -9.109700 100.423897
v -91.015999 -0.633800 89.451302
v -80.151604 -9.390200 88.339996
v -85.774803 5.612300 89.451302
v -75.516403 -3.866200 88.339996
v -85.791199 5.626000 98.926300
v -75.853798 -3.568000 100.423897
v -93.888199 -36.519100 89.617500
v -96.676903 -28.857100 89.617500
v -93.922997 -36.531799 99.516502
v -96.711700 -28.869801 99.516502
v -93.922997 -36.531799 99.516502
v -96.711700 -28.869801 99.516502
v -81.308098 -31.659300 101.058601
v -83.782402 -24.861300 101.058601
v -96.676903 -28.857100 89.617500
v -93.888199 -36.519100 89.617500
v -83.336502 -24.711300 88.433296
v -80.870102 -31.487499 88.433296
v -93.922997 -36.531799 99.516502
v -81.308098 -31.659300 101.058601
v -93.888199 -36.519100 89.617500
v -80.870102 -31.487499 88.433296
v -96.676903 -28.857100 89.617500
v -83.336502 -24.711300 88.433296
v -96.711700 -28.869801 99.516502
v -83.782402 -24.861300 101.058601
v -63.216000 -56.632702 89.630203
v -71.605499 -55.153702 89.638000
v -63.228699 -56.652100 99.105400
v -71.618103 -55.173100 99.113197
v -63.228699 -56.652100 99.105400
v -71.618103 -55.173100 99.113197
v -61.153198 -43.287300 100.603302
v -68.596703 -41.974998 100.610199
v -71.605499 -55.153702 89.638000
v -63.216000 -56.632702 89.630203
v -68.495102 -41.535801 88.526100
v -61.075500 -42.843800 88.519096
v -63.228699 -56.652100 99.105400
v -61.153198 -43.287300 100.603302
v -63.216000 -56.632702 89.630203
v -61.075500 -42.843800 88.519096
v -71.605499 -55.153702 89.638000
v -68.495102 -41.535801 88.526100
v -71.618103 -55.173100 99.113197
v -68.596703 -41.974998 100.610199
v 79.606796 24.545099 168.409195
v 68.850502 28.803101 176.005005
v 76.751602 21.134399 157.811005
v 63.745800 19.670401 163.990906
v 63.917702 19.670401 178.050507
v 63.917702 19.670401 178.050507
v 68.850502 28.803101 176.005005
v 73.468300 19.670401 183.082199
v 81.159103 21.134399 180.595993
v 79.606796 24.545099 168.409195
v 90.288399 7.213100 165.188202
v 74.976898 7.213100 153.011093
v 60.387299 7.213100 158.849792
v 61.599098 7.213100 173.852493
v 78.411102 7.213100 175.634903
v 90.288399 7.213100 165.188202
v 73.316597 -6.468200 166.781494
v 21.900999 27.062099 -30.649900
v 21.900600 27.058800 -24.545000
v -2.351200 40.973598 -30.649799
v -2.351600 40.970299 -24.545000
v -1.737000 41.033001 -25.178499
v 22.439699 27.092899 -25.178499
v -4.729500 35.701801 -25.181499
v 19.447399 21.761700 -25.181601
v 19.448700 21.764000 -30.416401
v 22.441000 27.095200 -30.413200
v -4.728100 35.704102 -30.416300
v -1.735800 41.035301 -30.413300
v -4.912700 35.645802 -24.545000
v 19.339600 21.734301 -24.545000
v -4.912300 35.649101 -30.649799
v 19.339899 21.737700 -30.649900
v 37.980999 18.672400 -74.942497
v 33.195400 10.383500 -74.942497
v -2.739400 42.182301 -74.942497
v -7.525000 33.893398 -74.942497
v 83.927101 10.687200 72.594200
v 87.492699 12.745800 72.594200
v 91.705002 -2.784600 72.594200
v 95.270599 -0.726000 72.594200
v 41.460999 45.603401 -174.534500
v 41.460999 45.603401 -150.294296
v 48.845600 45.603401 -174.534500
v 48.845600 45.603401 -150.294296
v 15.656200 17.424999 -142.755203
v 15.656200 41.665199 -142.755203
v 23.040800 17.424999 -142.755203
v 23.040800 41.665199 -142.755203
v 47.684399 17.419800 -142.701508
v 47.684399 41.660000 -142.701508
v 55.068901 17.419800 -142.701508
v 55.068901 41.660000 -142.701508
v 58.618698 45.620499 -128.564606
v 58.618698 45.620499 -94.779297
v 67.345596 47.159302 -128.564606
v 67.345596 47.159302 -94.779297
v -20.708099 16.546101 -149.557907
v -8.168200 38.007198 -149.557907
v -14.897200 13.155000 -149.557907
v -2.357300 34.616001 -149.557907
v 32.385300 30.921400 91.595398
v 15.552700 26.250299 90.223198
v 32.385300 30.921400 67.464401
v 15.552700 26.250299 68.382004
v 32.385300 17.988001 91.595398
v 32.385300 17.988001 67.464401
v 20.382200 17.348600 90.429199
v 20.382200 17.348600 68.587997
v 20.382200 17.348600 68.587997
v 32.385300 17.988001 67.464401
v 15.552700 26.250299 68.382004
v 32.385300 30.921400 67.464401
v 32.385300 30.921400 91.595398
v 32.385300 30.921400 67.464401
v 32.385300 17.988001 91.595398
v 32.385300 17.988001 67.464401
v 15.552700 26.250299 90.223198
v 32.385300 30.921400 91.595398
v 20.382200 17.348600 90.429199
v 32.385300 17.988001 91.595398
v 2.236900 13.348300 91.521500
v 2.236900 13.348300 67.502899
v 13.298800 6.942900 67.502899
v 13.298800 6.942900 91.521500
v 2.236900 13.348300 67.502899
v 13.298800 6.942900 67.502899
v 2.236900 13.348300 91.521500
v 13.298800 6.942900 91.521500
v 2.236900 13.348300 67.502899
v 2.236900 13.348300 91.521500
v 13.298800 6.942900 67.502899
v 13.298800 6.942900 91.521500
v 76.920502 51.830200 -167.947998
v 89.581299 29.339800 -167.947998
v 71.532700 48.825100 -167.947998
v 84.193604 26.334600 -167.947998
v 48.902000 54.813000 -151.382797
v 65.888199 49.925201 -150.569901
v 48.902000 54.813000 -127.251900
v 65.888199 49.925201 -128.728607
v 48.902000 41.879501 -151.382797
v 48.902000 41.879501 -127.251900
v 60.905102 41.240101 -150.216705
v 60.905102 41.240101 -128.375504
v 60.905102 41.240101 -128.375504
v 48.902000 41.879501 -127.251900
v 65.888199 49.925201 -128.728607
v 48.902000 54.813000 -127.251900
v 48.902000 54.813000 -151.382797
v 48.902000 54.813000 -127.251900
v 48.902000 41.879501 -151.382797
v 48.902000 41.879501 -127.251900
v 65.888199 49.925201 -150.569901
v 48.902000 54.813000 -151.382797
v 60.905102 41.240101 -150.216705
v 48.902000 41.879501 -151.382797
v 79.050400 37.239899 -151.309006
v 79.050400 37.239899 -127.290398
v 67.988403 30.834400 -127.290398
v 67.988403 30.834400 -151.309006
v 79.050400 37.239899 -127.290398
v 67.988403 30.834400 -127.290398
v 79.050400 37.239899 -151.309006
v 67.988403 30.834400 -151.309006
v 79.050400 37.239899 -127.290398
v 79.050400 37.239899 -151.309006
v 67.988403 30.834400 -127.290398
v 67.988403 30.834400 -151.309006
v 22.650999 54.813000 -127.224297
v 5.909500 50.091801 -128.651199
v 22.650999 54.812901 -151.355301
v 5.909600 50.091801 -150.492493
v 22.650999 41.879501 -127.224297
v 22.650999 41.879501 -151.355301
v 10.648000 41.240101 -128.390503
v 10.648000 41.240101 -150.231705
v 10.648000 41.240101 -150.231705
v 22.650999 41.879501 -151.355301
v 5.909600 50.091801 -150.492493
v 22.650999 54.812901 -151.355301
v 22.650999 54.813000 -127.224297
v 22.650999 54.812901 -151.355301
v 22.650999 41.879501 -127.224297
v 22.650999 41.879501 -151.355301
v 5.909500 50.091801 -128.651199
v 22.650999 54.813000 -127.224297
v 10.648000 41.240101 -128.390503
v 22.650999 41.879501 -127.224297
v -7.497400 37.239899 -127.298203
v -7.497400 37.239899 -151.316803
v 3.564600 30.834400 -151.316803
v 3.564600 30.834400 -127.298203
v -7.497400 37.239899 -151.316803
v 3.564600 30.834400 -151.316803
v -7.497400 37.239899 -127.298203
v 3.564600 30.834400 -127.298203
v -7.497400 37.239899 -151.316803
v -7.497400 37.239899 -127.298203
v 3.564600 30.834400 -151.316803
v 3.564600 30.834400 -127.298203
v -20.708099 16.546101 -129.039993
v -8.168200 38.007198 -129.039993
v -14.897200 13.155000 -129.039993
v -2.357300 34.616100 -129.039993
v 75.817596 12.089500 -198.962204
v 75.817596 12.089500 -175.488007
v 81.450104 15.482200 -198.962204
v 81.450104 15.482200 -175.488007
v 68.803200 18.221100 -163.413803
v 68.647797 18.182600 -176.237305
v 89.338402 30.248800 -163.344696
v 89.182999 30.210199 -176.297806
v 76.021103 5.709400 -176.194595
v 76.176498 5.748000 -163.363998
v 96.556297 17.737101 -176.255096
v 96.711700 17.775700 -163.294800
v 96.556297 17.737101 -176.255096
v 96.711700 17.775700 -163.294800
v 89.182999 30.210199 -176.297806
v 89.338402 30.248800 -163.344696
v 76.021103 5.709400 -176.194595
v 96.556297 17.737101 -176.255096
v 68.647797 18.182600 -176.237305
v 89.182999 30.210199 -176.297806
v 76.176498 5.748000 -163.363998
v 76.021103 5.709400 -176.194595
v 68.803200 18.221100 -163.413803
v 68.647797 18.182600 -176.237305
v 80.062500 11.329100 -138.476501
v 80.305099 10.631100 -163.500595
v 75.729500 18.809601 -140.663895
v 75.810997 18.587299 -163.318802
v 78.418701 37.193802 -127.744102
v 90.117996 17.046000 -138.504501
v 67.806503 31.066799 -127.744102
v 80.062500 11.329100 -138.476501
v 67.806503 31.066799 -127.744102
v 68.605598 31.366501 -134.650208
v 80.305099 10.631100 -163.500595
v 91.366203 16.940201 -163.500397
v 85.514900 24.292200 -140.787994
v 79.338303 37.563000 -134.650208
v 75.729500 18.809601 -140.663895
v 68.605598 31.366501 -134.650208
v 91.366203 16.940201 -163.500397
v 90.117996 17.046000 -138.504501
v 86.723000 24.810301 -163.318604
v 85.514900 24.292200 -140.787994
v 79.338303 37.563000 -134.650208
v 78.418701 37.193802 -127.744102
v 75.810997 18.587299 -163.318802
v 86.723000 24.810301 -163.318604
v 86.723000 24.810301 -163.318604
v 75.810997 18.587299 -163.318802
v 89.338402 30.248800 -163.344696
v 68.803200 18.221100 -163.413803
v 76.176498 5.748000 -163.363998
v 80.305099 10.631100 -163.500595
v 91.366203 16.940201 -163.500397
v 96.711700 17.775700 -163.294800
v -8.930600 34.459202 85.255699
v -5.487800 41.842201 85.255699
v -8.930600 34.459202 -24.808800
v -5.487800 41.842201 -24.808800
v 33.462502 11.064900 -83.495796
v -7.257900 34.574799 -83.495796
v 33.462502 11.064900 -74.351196
v -7.257900 34.574799 -74.351196
v -6.252600 36.390800 83.028801
v 13.991500 24.811701 82.783897
v -6.252000 36.394001 76.915199
v 13.992000 24.814899 76.670403
v 20.195900 27.653000 76.846497
v 20.195499 27.649599 82.951401
v -4.056300 41.564499 76.846603
v -4.056700 41.561100 82.951401
v 59.488701 29.221800 70.799400
v 60.118698 21.297501 70.799400
v 31.046700 29.221800 70.799400
v 31.046700 21.297501 70.799400
v -3.442200 41.623901 82.317902
v 20.734600 27.683800 82.317902
v -6.434500 36.292702 82.314903
v 17.742300 22.352600 82.314796
v 17.743601 22.354900 77.080002
v 20.735901 27.686001 77.083199
v -6.433200 36.294998 77.080101
v -3.440800 41.626202 77.083099
v -7.525000 33.893398 -83.256699
v 33.195400 10.383500 -83.256699
v -2.739400 42.182301 -83.256699
v 37.980999 18.672400 -83.256699
v 76.714600 20.358500 -163.318893
v 76.714600 20.358500 -111.952301
v 87.146103 26.381201 -163.318893
v 87.146103 26.381100 -111.952301
v 86.234703 26.325600 -164.566193
v 91.949600 16.427099 -164.566193
v 86.234703 26.325600 -111.790497
v 91.949600 16.427099 -111.790497
v 82.634697 11.049100 -111.790497
v 82.634697 11.049100 -164.566193
v 76.919800 20.947599 -111.790497
v 76.919800 20.947599 -164.566193
v 81.844101 11.473900 -163.318893
v 81.844101 11.473900 -111.952301
v 92.275597 17.496500 -163.318893
v 92.275597 17.496500 -111.952301
v -8.282300 42.938999 -133.855301
v -8.282300 42.938999 -24.353201
v -1.825000 39.927898 -133.855301
v -1.825000 39.927898 -24.353201
v 37.647900 18.314400 -74.313499
v 37.647900 18.314400 -83.458000
v -3.072400 41.824299 -74.313499
v -3.072400 41.824299 -83.458000
v -5.487800 41.842201 -134.873306
v -8.930600 34.459202 -134.873306
v -8.282300 42.938999 85.148903
v -1.825000 39.927898 85.148903
v 56.953499 -6.354000 83.053902
v 56.953499 17.886200 83.053902
v 64.338097 -6.354000 83.053902
v 64.338097 17.886200 83.053902
v 29.177299 26.755600 32.407501
v 29.177299 26.755600 67.933403
v 29.177299 16.586399 32.407501
v 29.177299 16.586399 67.933403
v 83.927101 10.687200 87.217102
v 87.492699 12.745800 87.217102
v 91.705002 -2.784600 87.217102
v 95.270599 -0.726000 87.217102
v 25.148500 -6.162800 83.002403
v 25.148500 18.077400 83.002403
v 32.533001 -6.162800 83.002403
v 32.533001 18.077400 83.002403
v 53.657398 54.273899 -136.505096
v 81.764397 54.273899 -136.505096
v 53.657398 54.273899 -144.483307
v 81.764397 54.273899 -144.483307
v 59.195000 29.066000 75.002899
v 59.195000 29.066000 67.297798
v 31.046700 29.066000 75.002899
v 31.046700 29.066000 67.297798
v 31.401699 29.460400 91.016602
v 59.106499 29.460300 91.016701
v 31.401699 29.460400 85.536797
v 59.106499 29.460300 85.536797
v 58.494301 30.984301 67.063599
v 75.480499 26.096600 67.876602
v 58.494400 30.984301 91.194504
v 75.480499 26.096600 89.717796
v 58.494301 18.050900 67.063599
v 58.494400 18.050900 91.194504
v 70.497398 17.411501 68.229698
v 70.497398 17.411501 90.070999
v 70.497398 17.411501 90.070999
v 58.494400 18.050900 91.194504
v 75.480499 26.096600 89.717796
v 58.494400 30.984301 91.194504
v 58.494301 30.984301 67.063599
v 58.494400 30.984301 91.194504
v 58.494301 18.050900 67.063599
v 58.494400 18.050900 91.194504
v 75.480499 26.096600 67.876602
v 58.494301 30.984301 67.063599
v 70.497398 17.411501 68.229698
v 58.494301 18.050900 67.063599
v 88.642799 13.411200 67.137497
v 88.642799 13.411200 91.156097
v 77.580803 7.005800 91.155998
v 77.580803 7.005800 67.137497
v 88.642799 13.411200 91.156097
v 77.580803 7.005800 91.155998
v 88.642799 13.411200 67.137497
v 77.580803 7.005800 67.137497
v 88.642799 13.411200 91.156097
v 88.642799 13.411200 67.137497
v 77.580803 7.005800 91.155998
v 77.580803 7.005800 67.137497
v -28.822300 -0.225800 55.608299
v -28.733400 -0.359100 42.784901
v -47.084499 15.033500 55.677502
v -46.995602 14.900300 42.724400
v -19.487700 10.797200 42.827499
v -19.576599 10.930400 55.658199
v -37.750000 26.056499 42.766998
v -37.838902 26.189800 55.727299
v -37.750000 26.056499 42.766998
v -37.838902 26.189800 55.727299
v -46.995602 14.900300 42.724400
v -47.084499 15.033500 55.677502
v -19.487700 10.797200 42.827499
v -37.750000 26.056499 42.766998
v -28.733400 -0.359100 42.784901
v -46.995602 14.900300 42.724400
v -19.576599 10.930400 55.658199
v -19.487700 10.797200 42.827499
v -28.822300 -0.225800 55.608299
v -28.733400 -0.359100 42.784901
v -26.142900 12.700600 80.545700
v -25.568001 13.164800 55.521599
v -31.717899 6.093600 78.358200
v -31.536200 6.245500 55.703400
v -49.373600 3.044800 90.492104
v -34.922798 20.231001 80.517700
v -40.019402 -4.870900 90.492104
v -26.142900 12.700600 80.545700
v -40.019402 -4.870900 90.492104
v -40.571701 -4.220200 83.585999
v -25.568001 13.164800 55.521599
v -35.245300 21.441500 55.521702
v -40.186001 13.449100 78.234200
v -50.031898 3.785400 83.585999
v -31.717899 6.093600 78.358200
v -40.571701 -4.220200 83.585999
v -35.245300 21.441500 55.521702
v -34.922798 20.231001 80.517700
v -41.082001 14.410900 55.703499
v -40.186001 13.449100 78.234200
v -50.031898 3.785400 83.585999
v -49.373600 3.044800 90.492104
v -31.536200 6.245500 55.703400
v -41.082001 14.410900 55.703499
v -41.082001 14.410900 55.703499
v -31.536200 6.245500 55.703400
v -47.084499 15.033500 55.677502
v -28.822300 -0.225800 55.608299
v -19.576599 10.930400 55.658199
v -25.568001 13.164800 55.521599
v -35.245300 21.441500 55.521702
v -37.838902 26.189800 55.727299
v 20.332701 45.599899 -128.298492
v 20.332701 52.081699 -128.298492
v 48.254902 45.599899 -128.298492
v 48.254902 52.081699 -128.298492
v 20.332701 46.204700 -134.213593
v 20.332701 46.204700 -127.888397
v 48.254902 46.204700 -134.213593
v 48.254902 46.204700 -127.888397
v 48.254902 52.081699 -133.920395
v 20.332701 52.081699 -133.920395
v 48.254902 45.599899 -133.920395
v 20.332701 45.599899 -133.920395
v 49.195202 42.738899 -148.279694
v 21.273001 42.738899 -148.279694
v 49.195202 54.900299 -148.279694
v 21.273001 54.900299 -148.279694
v 21.273001 42.901699 -150.858002
v 21.273001 42.901699 -148.205902
v 49.195202 42.901699 -150.858002
v 49.195202 42.901699 -148.205902
v 49.195202 54.787701 -148.205902
v 21.273001 54.787701 -148.205902
v 49.195202 54.787701 -150.858002
v 21.273001 54.787701 -150.858002
v 48.254902 51.547798 -127.888397
v 20.332701 51.547798 -127.888397
v 48.254902 51.547798 -134.213593
v 20.332701 51.547798 -134.213593
v 21.273001 54.900299 -150.627304
v 21.273001 42.738899 -150.627304
v 49.195202 54.900299 -150.627304
v 49.195202 42.738899 -150.627304
v 17.964899 26.888800 -53.339802
v 23.964500 24.225500 -53.339802
v 17.964899 26.888800 -76.773804
v 23.964500 24.225500 -76.773804
v -89.627899 -5.304800 22.368200
v -93.653503 -12.068800 19.549500
v -85.319901 -12.068800 20.047400
v -83.114403 -7.888400 26.929001
v -83.114403 -16.249201 26.929001
v -89.627899 -18.832800 22.368200
v -89.627899 -5.304800 22.368200
v -89.627899 -18.832800 22.368200
v -93.653503 -12.068800 19.549500
v -83.114403 -7.888400 26.929001
v -83.114403 -16.249201 26.929001
v -28.693001 -8.648600 -5.682900
v -31.955099 -8.648600 -5.682900
v -28.693001 -8.648600 6.296800
v -31.955099 -8.648600 6.296800
v -40.433201 14.953100 -5.568600
v -43.708199 14.953100 -5.568600
v -40.433201 14.953100 6.187200
v -43.708199 14.953100 6.187200
v -79.333801 -36.484901 95.822800
v -79.336899 -36.483700 89.728401
v -59.653099 -16.693600 95.822800
v -59.656300 -16.692400 89.728302
v -79.284500 -36.602699 95.183800
v -59.595699 -16.891600 95.197502
v -74.916901 -40.865700 95.183098
v -55.228199 -21.154400 95.196602
v -55.424999 -20.880800 89.970901
v -59.792599 -16.618000 89.971703
v -75.113800 -40.592098 89.957397
v -79.481400 -36.329201 89.958099
v -55.774200 -20.849400 89.648804
v -75.454803 -40.640701 89.635002
v -55.774399 -20.851500 95.743202
v -75.455002 -40.642700 95.729500
v -43.570999 -37.323399 99.802200
v -43.570999 -37.323399 111.781898
v -41.072102 -39.420300 99.802200
v -41.072102 -39.420300 111.781898
v -72.827301 12.787600 96.581497
v -72.857399 9.004600 96.581497
v -59.586399 10.843100 96.371498
v -59.861401 7.064000 96.532097
v -51.830898 11.882800 96.628304
v -52.024200 7.867500 96.628304
v -38.365101 9.656900 96.405502
v -38.818199 5.656300 96.576202
v 65.995903 17.130100 -133.493896
v 75.325897 36.333500 -124.404602
v 44.279999 17.130100 -120.044197
v 36.722301 22.334299 -96.897797
v 51.226799 17.130100 -87.252800
v 68.625298 17.130100 -87.252800
v 80.682999 16.035601 -105.716599
v 83.720901 8.606300 -124.732498
v 83.720901 8.606300 -124.732498
v 42.201801 -2.440600 -113.277496
v 57.982800 -2.228700 -125.040802
v 38.919701 3.487900 -94.310204
v 38.919701 3.487900 -94.310204
v 54.505299 -6.412400 -84.890701
v 72.771400 -2.357900 -101.077904
v 70.333702 -0.223400 -119.833603
v 70.333702 -0.223400 -119.833603
v 56.110298 -27.121201 -115.861801
v 52.413700 -24.413601 -102.455002
v 52.413700 -24.413601 -102.455002
v 62.832401 -24.267700 -101.071899
v 68.232399 -27.349199 -113.006104
v 54.443699 -39.993500 -102.674896
v 54.443699 -39.993500 -102.674896
v 68.232399 -27.349199 -113.006104
vn 0.2179 0.6475 -0.7303
vn 0.2355 0.7893 -0.5671
vn -0.0525 0.9979 0.0372
vn -0.7312 0.6776 -0.0790
vn -0.6059 0.7744 0.1824
vn -0.1675 0.8524 0.4953
vn 0.1296 0.8926 0.4319
vn 0.1176 0.9926 0.0306
vn 0.1133 -0.0029 -0.9936
vn -0.1381 0.3376 -0.9311
vn -0.2796 -0.4279 -0.8595
vn -0.9634 -0.2652 0.0391
vn -0.9639 0.2196 -0.1504
vn -0.7122 0.2004 0.6727
vn -0.3366 -0.0742 0.9387
vn 0.2774 0.1297 0.9520
vn 0.7139 0.1605 0.6816
vn 0.2033 0.9292 0.3088
vn 0.6873 -0.5798 0.4376
vn 0.5508 0.3219 -0.7701
vn 0.5116 -0.2519 -0.8214
vn -0.3093 -0.8005 -0.5134
vn 0.0380 -0.7101 -0.7030
vn -0.6686 -0.7102 -0.2202
vn -0.6499 -0.5631 0.5104
vn -0.0360 -0.4542 0.8902
vn 0.4490 -0.4648 0.7632
vn 0.8642 -0.5000 0.0568
vn 0.6878 -0.7014 -0.1870
vn 0.6498 -0.6871 -0.3251
vn 0.1895 -0.9158 -0.3541
vn -0.2021 -0.6931 0.6920
vn 0.7567 -0.5531 -0.3486
vn 0.8524 -0.4997 0.1540
vn -0.6428 -0.7660 -0.0000
vn -0.6428 -0.7660 -0.0000
vn -0.6428 -0.7660 -0.0000
vn -0.6428 -0.7660 -0.0000
vn 0.1620 -0.5844 -0.7952
vn 0.1620 -0.5844 -0.7952
vn 0.1620 -0.5844 -0.7952
vn 0.1620 -0.5844 -0.7952
vn -0.9714 0.2150 -0.1009
vn -0.9714 0.2150 -0.1009
vn -0.9714 0.2150 -0.1009
vn -0.9714 0.2150 -0.1009
vn 0.0000 -1.0000 -0.0000
vn 0.0000 -1.0000 -0.0000
vn 0.0000 -1.0000 -0.0000
vn 0.0000 -1.0000 -0.0000
vn -0.6285 -0.7778 -0.0000
vn -0.6285 -0.7778 -0.0000
vn -0.6285 -0.7778 -0.0000
vn -0.6285 -0.7778 -0.0000
vn -0.0185 -0.9998 -0.0000
vn -0.0185 -0.9998 -0.0000
vn -0.0185 -0.9998 -0.0000
vn -0.0185 -0.9998 -0.0000
vn -0.6428 -0.7660 -0.0000
vn -0.6428 -0.7660 -0.0000
vn -0.6428 -0.7660 -0.0000
vn -0.6428 -0.7660 -0.0000
vn 0.0000 -1.0000 -0.0000
vn 0.0000 -1.0000 -0.0000
vn 0.0000 -1.0000 -0.0000
vn 0.0000 -1.0000 -0.0000
vn -1.0000 0.0000 -0.0000
vn -1.0000 0.0000 -0.0000
vn -1.0000 0.0000 -0.0000
vn -1.0000 0.0000 -0.0000
vn -0.0131 0.0108 0.9999
vn 0.0026 0.0248 0.9997
vn 0.0026 0.0248 0.9997
vn 0.0185 0.0389 0.9991
vn -0.0141 0.0107 0.9998
vn 0.0016 0.0249 0.9997
vn 0.0016 0.0249 0.9997
vn 0.0175 0.0392 0.9991
vn 0.0000 0.0000 1.0000
vn 0.0000 0.0000 1.0000
vn 0.0000 0.0000 1.0000
vn 0.0000 0.0000 1.0000
vn 0.0000 0.0000 -1.0000
vn 0.0000 0.0000 -1.0000
vn 0.0000 0.0000 -1.0000
vn 0.0000 0.0000 -1.0000
vn 0.0000 1.0000 -0.0000
vn 0.0000 1.0000 -0.0000
vn 0.0000 1.0000 -0.0000
vn 0.0000 1.0000 -0.0000
vn 0.0000 -1.0000 -0.0000
vn 0.0000 -1.0000 -0.0000
vn 0.0000 -1.0000 -0.0000
vn 0.0000 -1.0000 -0.0000
vn 0.7660 -0.6428 -0.0000
vn 0.7660 -0.6428 -0.0000
vn 0.7660 -0.6428 -0.0000
vn 0.7660 -0.6428 -0.0000
vn -0.3420 -0.9397 -0.0000
vn -0.3420 -0.9397 -0.0000
vn -0.3420 -0.9397 -0.0000
vn -0.3420 -0.9397 -0.0000
vn 0.0000 -1.0000 -0.0000
vn 0.0000 -1.0000 -0.0000
vn 0.0000 -1.0000 -0.0000
vn 0.0000 -1.0000 -0.0000
vn -1.0000 -0.0000 -0.0000
vn -1.0000 -0.0000 -0.0000
vn -1.0000 -0.0000 -0.0000
vn -1.0000 0.0000 -0.0000
vn 0.8192 -0.5736 -0.0000
vn 0.8192 -0.5736 -0.0000
vn 0.8192 -0.5736 -0.0000
vn 0.8192 -0.5736 -0.0000
vn 0.7100 -0.7042 -0.0005
vn 0.7100 -0.7042 -0.0005
vn 0.7100 -0.7042 -0.0005
vn 0.7100 -0.7043 -0.0005
vn -0.7091 0.7051 0.0005
vn -0.7091 0.7051 0.0005
vn -0.7091 0.7051 0.0005
vn -0.7091 0.7051 0.0005
vn 0.0003 -0.0003 1.0000
vn 0.0004 -0.0004 1.0000
vn 0.0004 -0.0004 1.0000
vn 0.0004 -0.0004 1.0000
vn -0.0004 0.0004 -1.0000
vn -0.0004 0.0004 -1.0000
vn -0.0004 0.0004 -1.0000
vn -0.0003 0.0003 -1.0000
vn 0.0000 -1.0000 -0.0000
vn 0.0000 -1.0000 -0.0000
vn 0.0000 -1.0000 -0.0000
vn 0.0000 -1.0000 -0.0000
vn 1.0000 0.0000 -0.0000
vn 1.0000 0.0000 -0.0000
vn 1.0000 0.0000 -0.0000
vn 1.0000 0.0000 -0.0000
vn -1.0000 0.0000 -0.0000
vn -1.0000 0.0000 -0.0000
vn -1.0000 0.0000 -0.0000
vn -1.0000 0.0000 -0.0000
vn 0.0000 -1.0000 -0.0000
vn 0.0000 -1.0000 -0.0000
vn 0.0000 -1.0000 -0.0000
vn 0.0000 -1.0000 -0.0000
vn 0.0000 0.0000 1.0000
vn 0.0000 0.0000 1.0000
vn 0.0000 0.0000 1.0000
vn 0.0000 0.0000 1.0000
vn 0.0000 1.0000 -0.0000
vn 0.0000 1.0000 -0.0000
vn 0.0000 1.0000 -0.0000
vn 0.0000 1.0000 -0.0000
vn 0.0000 0.0000 -1.0000
vn 0.0000 0.0000 -1.0000
vn 0.0000 0.0000 -1.0000
vn 0.0000 0.0000 -1.0000
vn -0.6212 -0.6050 -0.4981
vn -0.9176 -0.3975 -0.0000
vn -0.5736 -0.8191 -0.0000
vn -0.1416 -0.9409 -0.3078
vn -0.1416 -0.9409 0.3078
vn -0.6212 -0.6050 0.4981
vn 0.5736 0.8191 -0.0000
vn 0.5736 0.8191 -0.0000
vn 0.5736 0.8191 -0.0000
vn 0.5736 0.8191 -0.0000
vn 0.5736 0.8191 -0.0000
vn 0.0000 -1.0000 -0.0000
vn 0.0000 -1.0000 -0.0000
vn 0.0000 -1.0000 -0.0000
vn 0.0000 -1.0000 -0.0000
vn 0.0000 0.0000 -1.0000
vn 0.0000 0.0000 -1.0000
vn 0.0000 0.0000 -1.0000
vn 0.0000 0.0000 -1.0000
vn 0.0000 1.0000 -0.0000
vn 0.0000 1.0000 -0.0000
vn 0.0000 1.0000 -0.0000
vn 0.0000 1.0000 -0.0000
vn 0.0000 0.0000 1.0000
vn 0.0000 0.0000 1.0000
vn 0.0000 0.0000 1.0000
vn 0.0000 0.0000 1.0000
vn 0.0000 1.0000 -0.0000
vn 0.0000 1.0000 -0.0000
vn 0.0000 1.0000 -0.0000
vn 0.0000 1.0000 -0.0000
vn 0.0000 -1.0000 -0.0000
vn 0.0000 -1.0000 -0.0000
vn 0.0000 -1.0000 -0.0000
vn 0.0000 -1.0000 -0.0000
vn 1.0000 0.0000 0.0000
vn 1.0000 0.0000 0.0000
vn 1.0000 0.0000 0.0000
vn 1.0000 0.0000 0.0000
vn 0.0000 0.0000 1.0000
vn 0.0000 0.0000 1.0000
vn 0.0000 0.0000 1.0000
vn 0.0000 0.0000 1.0000
vn -1.0000 0.0000 -0.0000
vn -1.0000 0.0000 -0.0000
vn -1.0000 0.0000 -0.0000
vn -1.0000 0.0000 -0.0000
vn 0.0000 0.0000 -1.0000
vn 0.0000 0.0000 -1.0000
vn 0.0000 0.0000 -1.0000
vn 0.0000 0.0000 -1.0000
vn 0.0000 -1.0000 -0.0000
vn 0.0000 -1.0000 -0.0000
vn 0.0000 -1.0000 -0.0000
vn 0.0000 -1.0000 -0.0000
vn 0.0000 -1.0000 -0.0000
vn 0.0000 -1.0000 -0.0000
vn 0.0000 -1.0000 -0.0000
vn 0.0000 -1.0000 -0.0000
vn -1.0000 0.0000 -0.0000
vn -1.0000 0.0000 -0.0000
vn -1.0000 0.0000 -0.0000
vn -1.0000 0.0000 -0.0000
vn -1.0000 -0.0000 -0.0000
vn -1.0000 -0.0000 -0.0000
vn -1.0000 -0.0000 -0.0000
vn -1.0000 -0.0000 -0.0000
vn 0.0000 -1.0000 -0.0000
vn 0.0000 -1.0000 -0.0000
vn 0.0000 -1.0000 -0.0000
vn 0.0000 -1.0000 -0.0000
vn 0.7589 0.6489 -0.0548
vn 0.6195 0.7839 0.0422
vn -0.0483 0.9973 0.0550
vn -0.2321 0.7372 -0.6345
vn -0.4153 0.8156 -0.4028
vn -0.5132 0.8481 0.1315
vn -0.3300 0.8657 0.3764
vn 0.0295 0.9783 0.2052
vn 0.9484 0.0174 -0.3166
vn 0.7882 0.3754 -0.4877
vn 0.6577 -0.3778 -0.6517
vn -0.4443 -0.1865 -0.8763
vn -0.2691 0.3022 -0.9145
vn -0.9090 0.2379 -0.3421
vn -0.9936 -0.0743 0.0852
vn -0.7448 0.0781 0.6627
vn -0.3151 0.0811 0.9456
vn -0.1870 0.8998 0.3943
vn -0.1108 -0.6469 0.7545
vn 0.9331 0.2985 0.2008
vn 0.9587 -0.2684 0.0939
vn 0.3286 -0.7568 -0.5650
vn 0.6479 -0.6896 -0.3235
vn -0.0882 -0.6462 -0.7580
vn -0.7414 -0.5229 -0.4205
vn -0.8255 -0.4760 0.3031
vn -0.5057 -0.5225 0.6865
vn 0.3097 -0.5706 0.7606
vn 0.4546 -0.7495 0.4813
vn 0.5639 -0.7280 0.3899
vn 0.3940 -0.9173 -0.0577
vn -0.7178 -0.6945 0.0489
vn 0.6313 -0.6025 0.4882
vn 0.2165 -0.5722 0.7910
vn 0.0464 -0.0459 0.9979
vn 0.5935 0.1466 0.7914
vn 0.4399 -0.3749 0.8160
vn -0.0470 -0.6163 0.7861
vn 0.4425 -0.7765 0.4487
vn 0.8383 -0.3050 0.4519
vn -0.4399 0.3749 -0.8160
vn -0.4399 0.3749 -0.8160
vn -0.4399 0.3749 -0.8160
vn -0.4399 0.3749 -0.8160
vn -0.4399 0.3749 -0.8160
vn 0.6428 0.7660 -0.0000
vn 0.6428 0.7660 -0.0000
vn 0.6428 0.7660 -0.0000
vn 0.6428 0.7660 -0.0000
vn -0.6428 -0.7660 -0.0000
vn -0.6428 -0.7660 -0.0000
vn -0.6428 -0.7660 -0.0000
vn -0.6428 -0.7660 -0.0000
vn -0.7660 0.6428 -0.0000
vn -0.7660 0.6428 -0.0000
vn -0.7660 0.6428 -0.0000
vn -0.7660 0.6428 -0.0000
vn 0.0000 0.0000 -1.0000
vn 0.0000 0.0000 -1.0000
vn 0.0000 0.0000 -1.0000
vn 0.0000 0.0000 -1.0000
vn 0.7660 -0.6428 -0.0000
vn 0.7660 -0.6428 -0.0000
vn 0.7660 -0.6428 -0.0000
vn 0.7660 -0.6428 -0.0000
vn 0.0000 0.0000 1.0000
vn 0.0000 0.0000 1.0000
vn 0.0000 0.0000 1.0000
vn 0.0000 0.0000 1.0000
vn -0.6428 -0.7660 -0.0000
vn -0.6428 -0.7660 -0.0000
vn -0.6428 -0.7660 -0.0000
vn -0.6428 -0.7661 -0.0000
vn 0.7660 -0.6428 -0.0000
vn 0.7660 -0.6428 -0.0000
vn 0.7660 -0.6428 -0.0000
vn 0.7660 -0.6428 -0.0000
vn -0.6428 -0.7660 -0.0000
vn -0.6428 -0.7660 -0.0000
vn -0.6428 -0.7660 -0.0000
vn -0.6428 -0.7660 -0.0000
vn -0.7661 0.6428 -0.0000
vn -0.7661 0.6428 -0.0000
vn -0.7661 0.6428 -0.0000
vn -0.7661 0.6428 -0.0000
vn -0.6428 -0.7660 -0.0000
vn -0.6428 -0.7660 -0.0000
vn -0.6428 -0.7660 -0.0000
vn -0.6428 -0.7660 -0.0000
vn -0.6428 -0.7660 -0.0000
vn -0.6428 -0.7660 -0.0000
vn -0.6428 -0.7660 -0.0000
vn -0.6428 -0.7660 -0.0000
vn 0.0000 0.0000 -1.0000
vn 0.0000 0.0000 -1.0000
vn 0.0000 0.0000 -1.0000
vn 0.0000 0.0000 -1.0000
vn 0.6428 0.7660 -0.0000
vn 0.6428 0.7660 -0.0000
vn 0.6428 0.7660 -0.0000
vn 0.6428 0.7660 -0.0000
vn 0.0000 0.0000 1.0000
vn 0.0000 0.0000 1.0000
vn 0.0000 0.0000 1.0000
vn 0.0000 0.0000 1.0000
vn 0.0061 1.0000 -0.0035
vn 0.0061 1.0000 -0.0034
vn 0.0061 1.0000 -0.0034
vn 0.0061 1.0000 -0.0034
vn -0.0061 -1.0000 0.0035
vn -0.0061 -1.0000 0.0034
vn -0.0061 -1.0000 0.0034
vn -0.0061 -1.0000 0.0034
vn -0.9999 0.0104 0.0116
vn -0.9999 0.0104 0.0116
vn -0.9999 0.0104 0.0116
vn -0.9999 0.0104 0.0116
vn 0.0025 -0.0030 1.0000
vn 0.0025 -0.0030 1.0000
vn 0.0025 -0.0030 1.0000
vn 0.0025 -0.0030 1.0000
vn 0.9999 -0.0104 -0.0117
vn 0.9999 -0.0104 -0.0117
vn 0.9999 -0.0104 -0.0117
vn 0.9999 -0.0104 -0.0117
vn 0.9999 -0.0050 0.0141
vn 1.0000 0.0046 -0.0041
vn 0.9995 0.0114 0.0283
vn 1.0000 0.0094 -0.0022
vn -0.0000 -0.4625 -0.8866
vn 0.0036 -0.8476 -0.5306
vn 0.0004 -0.4627 -0.8865
vn 0.0043 -0.8447 -0.5352
vn 0.9971 0.0209 0.0735
vn 0.9924 0.0573 0.1092
vn 0.0059 -1.0000 0.0012
vn 0.0052 -1.0000 0.0015
vn -0.0056 0.9529 0.3033
vn 0.0021 0.4263 0.9046
vn -0.0035 0.7214 0.6925
vn 0.0000 0.4251 0.9051
vn -0.9990 0.0085 -0.0438
vn -0.9992 0.0309 -0.0243
vn -0.9981 0.0316 -0.0529
vn -0.9994 -0.0007 -0.0344
vn -0.9896 -0.1128 -0.0896
vn -0.9991 -0.0383 -0.0159
vn -0.0090 0.9996 -0.0265
vn -0.0053 0.9996 -0.0285
vn 0.0140 -0.0023 -0.9999
vn -0.0012 0.0049 -1.0000
vn -0.0003 0.0145 -0.9999
vn 0.0088 0.0134 -0.9999
vn -0.0013 0.0128 -0.9999
vn -0.0098 0.0330 -0.9994
vn 0.0306 0.0226 -0.9993
vn 0.0109 0.0275 -0.9996
vn 0.0000 0.7789 -0.6271
vn 0.0000 0.7789 -0.6271
vn 0.0000 0.7789 -0.6271
vn 0.0000 0.7789 -0.6271
vn -0.2529 -0.9675 0.0035
vn -0.2529 -0.9675 0.0035
vn -0.2529 -0.9675 0.0035
vn -0.2529 -0.9675 0.0034
vn 0.2529 0.9675 -0.0035
vn 0.2529 0.9675 -0.0034
vn 0.2529 0.9675 -0.0034
vn 0.2529 0.9675 -0.0034
vn -0.9685 0.2488 -0.0116
vn -0.9685 0.2488 -0.0116
vn -0.9685 0.2488 -0.0116
vn -0.9685 0.2488 -0.0116
vn 0.0032 0.0023 -1.0000
vn 0.0032 0.0023 -1.0000
vn 0.0032 0.0023 -1.0000
vn 0.0032 0.0023 -1.0000
vn 0.9685 -0.2488 0.0117
vn 0.9685 -0.2488 0.0117
vn 0.9685 -0.2488 0.0117
vn 0.9685 -0.2488 0.0118
vn 0.9671 -0.2540 -0.0141
vn 0.9647 -0.2633 0.0041
vn 0.9625 -0.2697 -0.0283
vn 0.9635 -0.2679 0.0022
vn 0.1197 0.4467 0.8866
vn 0.2229 0.8178 0.5306
vn 0.1202 0.4468 0.8865
vn 0.2228 0.8148 0.5352
vn 0.9577 -0.2782 -0.0735
vn 0.9437 -0.3122 -0.1092
vn 0.2645 0.9644 -0.0012
vn 0.2639 0.9646 -0.0015
vn -0.2520 -0.9190 -0.3033
vn -0.1083 -0.4124 -0.9046
vn -0.1901 -0.6960 -0.6925
vn -0.1100 -0.4106 -0.9051
vn -0.9672 0.2503 0.0438
vn -0.9732 0.2288 0.0243
vn -0.9723 0.2278 0.0529
vn -0.9652 0.2594 0.0344
vn -0.9267 0.3650 0.0896
vn -0.9552 0.2956 0.0159
vn -0.2674 -0.9632 0.0265
vn -0.2638 -0.9641 0.0285
vn 0.0141 -0.0015 0.9999
vn -0.0024 -0.0044 1.0000
vn -0.0041 -0.0140 0.9999
vn 0.0050 -0.0153 0.9999
vn -0.0046 -0.0121 0.9999
vn -0.0181 -0.0294 0.9994
vn 0.0237 -0.0298 0.9993
vn 0.0034 -0.0294 0.9996
vn -0.2016 -0.7524 0.6271
vn -0.2016 -0.7524 0.6271
vn -0.2016 -0.7524 0.6271
vn -0.2016 -0.7524 0.6271
vn 0.0000 0.0000 1.0000
vn 0.0000 0.0000 1.0000
vn 0.0000 0.0000 1.0000
vn 0.0000 0.0000 1.0000
vn 0.4964 -0.8662 0.0569
vn 0.4964 -0.8662 0.0569
vn 0.4964 -0.8662 0.0569
vn 0.4964 -0.8662 0.0570
vn 0.0289 -0.0423 0.9987
vn 0.0289 -0.0423 0.9987
vn 0.0289 -0.0423 0.9987
vn 0.0289 -0.0423 0.9987
vn 0.0653 -0.1220 -0.9904
vn 0.0653 -0.1220 -0.9904
vn 0.0653 -0.1220 -0.9904
vn 0.0653 -0.1220 -0.9904
vn 0.8574 0.5146 -0.0033
vn 0.8573 0.5147 -0.0035
vn 0.8573 0.5147 -0.0035
vn 0.8573 0.5148 -0.0036
vn -0.8914 -0.4532 -0.0007
vn -0.8916 -0.4529 -0.0003
vn -0.8916 -0.4529 -0.0003
vn -0.8917 -0.4527 0.0000
vn -1.0000 0.0000 -0.0037
vn -1.0000 0.0000 -0.0037
vn -1.0000 0.0000 -0.0037
vn -1.0000 0.0000 -0.0037
vn -0.1133 0.0000 0.9936
vn -0.1133 0.0000 0.9936
vn -0.1133 0.0000 0.9936
vn -0.1133 0.0000 0.9936
vn -0.0846 0.0000 -0.9964
vn -0.0846 0.0000 -0.9964
vn -0.0846 0.0000 -0.9964
vn -0.0846 0.0000 -0.9964
vn 0.0195 -0.9998 0.0001
vn 0.0196 -0.9998 -0.0001
vn 0.0196 -0.9998 -0.0001
vn 0.0197 -0.9998 -0.0002
vn 0.0478 0.9989 0.0002
vn 0.0481 0.9988 0.0006
vn 0.0481 0.9988 0.0006
vn 0.0483 0.9988 0.0009
vn -0.5000 0.8660 -0.0022
vn -0.5000 0.8660 -0.0022
vn -0.5000 0.8660 -0.0022
vn -0.5000 0.8660 -0.0022
vn -0.0550 0.0953 0.9939
vn -0.0550 0.0953 0.9939
vn -0.0550 0.0953 0.9939
vn -0.0550 0.0953 0.9939
vn -0.0397 0.0688 -0.9968
vn -0.0397 0.0688 -0.9968
vn -0.0397 0.0688 -0.9968
vn -0.0397 0.0688 -0.9968
vn -0.8561 -0.5168 0.0000
vn -0.8560 -0.5169 -0.0001
vn -0.8560 -0.5169 -0.0001
vn -0.8560 -0.5170 -0.0002
vn 0.8889 0.4581 0.0001
vn 0.8891 0.4578 0.0005
vn 0.8891 0.4578 0.0005
vn 0.8892 0.4576 0.0008
vn 0.5000 0.8660 -0.0023
vn 0.5000 0.8660 -0.0022
vn 0.5000 0.8660 -0.0022
vn 0.5000 0.8660 -0.0022
vn 0.0542 0.0958 0.9939
vn 0.0543 0.0958 0.9939
vn 0.0543 0.0958 0.9939
vn 0.0543 0.0958 0.9939
vn 0.0405 0.0683 -0.9968
vn 0.0405 0.0683 -0.9968
vn 0.0405 0.0683 -0.9968
vn 0.0405 0.0683 -0.9968
vn -0.8760 0.4823 0.0010
vn -0.8761 0.4822 0.0009
vn -0.8761 0.4822 0.0009
vn -0.8761 0.4821 0.0007
vn 0.8400 -0.5426 -0.0008
vn 0.8398 -0.5429 -0.0004
vn 0.8398 -0.5429 -0.0004
vn 0.8397 -0.5431 -0.0001
vn -0.4715 -0.8819 -0.0022
vn -0.4715 -0.8819 -0.0022
vn -0.4715 -0.8819 -0.0022
vn -0.4715 -0.8819 -0.0023
vn -0.0511 -0.0975 0.9939
vn -0.0511 -0.0975 0.9939
vn -0.0511 -0.0975 0.9939
vn -0.0511 -0.0975 0.9939
vn -0.0383 -0.0696 -0.9968
vn -0.0383 -0.0696 -0.9968
vn -0.0383 -0.0696 -0.9968
vn -0.0382 -0.0696 -0.9968
vn 0.8913 -0.4535 0.0010
vn 0.8913 -0.4534 0.0008
vn 0.8913 -0.4534 0.0008
vn 0.8914 -0.4533 0.0007
vn -0.8572 0.5150 -0.0008
vn -0.8570 0.5153 -0.0004
vn -0.8570 0.5153 -0.0004
vn -0.8569 0.5155 -0.0001
vn 0.5324 0.3074 0.7887
vn 0.8191 0.4729 0.3246
vn 0.5324 0.3074 0.7887
vn 0.8204 0.4737 -0.3202
vn -0.8660 -0.5000 -0.0000
vn -0.8660 -0.5000 -0.0000
vn -0.8660 -0.5000 -0.0000
vn -0.8660 -0.5000 -0.0000
vn 0.5505 0.3178 -0.7720
vn 0.5505 0.3178 -0.7720
vn 0.5324 -0.3074 0.7887
vn 0.8191 -0.4729 0.3246
vn 0.5324 -0.3074 0.7887
vn 0.8204 -0.4737 -0.3202
vn -0.8660 0.5000 -0.0000
vn -0.8660 0.5000 -0.0000
vn -0.8660 0.5000 -0.0000
vn -0.8660 0.5000 -0.0000
vn 0.5505 -0.3178 -0.7720
vn 0.5505 -0.3178 -0.7720
vn 0.0000 -0.6147 0.7887
vn 0.0000 -0.9459 0.3246
vn 0.0000 -0.6147 0.7887
vn 0.0000 -0.9473 -0.3202
vn 0.0000 1.0000 -0.0000
vn 0.0000 1.0000 -0.0000
vn 0.0000 1.0000 -0.0000
vn 0.0000 1.0000 -0.0000
vn 0.0000 -0.6357 -0.7720
vn 0.0000 -0.6357 -0.7720
vn -0.5324 -0.3074 0.7887
vn -0.8191 -0.4729 0.3246
vn -0.5324 -0.3074 0.7887
vn -0.8204 -0.4737 -0.3202
vn 0.8660 0.5000 -0.0000
vn 0.8660 0.5000 -0.0000
vn 0.8660 0.5000 -0.0000
vn 0.8660 0.5000 -0.0000
vn -0.5505 -0.3178 -0.7720
vn -0.5505 -0.3178 -0.7720
vn -0.5324 0.3074 0.7887
vn -0.8191 0.4729 0.3246
vn -0.5324 0.3074 0.7887
vn -0.8204 0.4737 -0.3202
vn 0.8660 -0.5000 -0.0000
vn 0.8660 -0.5000 -0.0000
vn 0.8660 -0.5000 -0.0000
vn 0.8660 -0.5000 -0.0000
vn -0.5505 0.3178 -0.7720
vn -0.5505 0.3178 -0.7720
vn 0.0000 0.6147 0.7887
vn 0.0000 0.9459 0.3246
vn 0.0000 0.6147 0.7887
vn 0.0000 0.9473 -0.3202
vn 0.0000 -1.0000 -0.0000
vn 0.0000 -1.0000 -0.0000
vn 0.0000 -1.0000 -0.0000
vn 0.0000 -1.0000 -0.0000
vn 0.0000 0.6357 -0.7720
vn 0.0000 0.6357 -0.7720
vn -0.7660 0.6428 -0.0000
vn -0.7660 0.6428 -0.0000
vn -0.7660 0.6428 -0.0000
vn -0.7660 0.6428 -0.0000
vn 0.7660 -0.6428 -0.0000
vn 0.7660 -0.6428 0.0000
vn 0.7660 -0.6428 0.0000
vn 0.7660 -0.6428 0.0000
vn 0.6428 0.7660 -0.0000
vn 0.6428 0.7660 -0.0000
vn 0.6428 0.7660 -0.0000
vn 0.6428 0.7660 -0.0000
vn 0.0000 0.0000 1.0000
vn 0.0000 0.0000 1.0000
vn 0.0000 0.0000 1.0000
vn 0.0000 0.0000 1.0000
vn -0.6428 -0.7660 -0.0000
vn -0.6428 -0.7660 0.0000
vn -0.6428 -0.7660 0.0000
vn -0.6428 -0.7660 0.0000
vn 0.0000 0.0000 -1.0000
vn 0.0000 0.0000 -1.0000
vn 0.0000 0.0000 -1.0000
vn 0.0000 0.0000 -1.0000
vn 0.3951 0.4709 0.7887
vn 0.6080 0.7246 0.3246
vn 0.3951 0.4709 0.7887
vn 0.6089 0.7257 -0.3202
vn -0.6428 -0.7660 -0.0000
vn -0.6428 -0.7660 -0.0000
vn -0.6428 -0.7660 -0.0000
vn -0.6428 -0.7660 -0.0000
vn 0.4086 0.4869 -0.7720
vn 0.4086 0.4869 -0.7720
vn 0.6054 -0.1067 0.7887
vn 0.9315 -0.1642 0.3246
vn 0.6054 -0.1067 0.7887
vn 0.9329 -0.1645 -0.3202
vn -0.9848 0.1736 -0.0000
vn -0.9848 0.1736 -0.0000
vn -0.9848 0.1736 -0.0000
vn -0.9848 0.1736 -0.0000
vn 0.6260 -0.1104 -0.7720
vn 0.6260 -0.1104 -0.7720
vn 0.2103 -0.5777 0.7887
vn 0.3235 -0.8888 0.3246
vn 0.2103 -0.5777 0.7887
vn 0.3240 -0.8902 -0.3202
vn -0.3420 0.9397 -0.0000
vn -0.3420 0.9397 -0.0000
vn -0.3420 0.9397 -0.0000
vn -0.3420 0.9397 -0.0000
vn 0.2174 -0.5973 -0.7720
vn 0.2174 -0.5973 -0.7720
vn -0.3951 -0.4709 0.7887
vn -0.6080 -0.7246 0.3246
vn -0.3951 -0.4709 0.7887
vn -0.6089 -0.7257 -0.3202
vn 0.6428 0.7660 -0.0000
vn 0.6428 0.7660 -0.0000
vn 0.6428 0.7660 -0.0000
vn 0.6428 0.7660 -0.0000
vn -0.4086 -0.4869 -0.7720
vn -0.4086 -0.4869 -0.7720
vn -0.6054 0.1067 0.7887
vn -0.9315 0.1642 0.3246
vn -0.6054 0.1067 0.7887
vn -0.9329 0.1645 -0.3202
vn 0.9848 -0.1736 -0.0000
vn 0.9848 -0.1736 -0.0000
vn 0.9848 -0.1736 -0.0000
vn 0.9848 -0.1736 -0.0000
vn -0.6260 0.1104 -0.7720
vn -0.6260 0.1104 -0.7720
vn -0.2103 0.5777 0.7887
vn -0.3235 0.8888 0.3246
vn -0.2103 0.5777 0.7887
vn -0.3240 0.8902 -0.3202
vn 0.3420 -0.9397 -0.0000
vn 0.3420 -0.9397 -0.0000
vn 0.3420 -0.9397 -0.0000
vn 0.3420 -0.9397 -0.0000
vn -0.2174 0.5973 -0.7720
vn -0.2174 0.5973 -0.7720
vn 0.9397 0.3420 -0.0037
vn 0.9397 0.3420 -0.0037
vn 0.9397 0.3420 -0.0037
vn 0.9397 0.3420 -0.0037
vn 0.1065 0.0388 0.9936
vn 0.1065 0.0388 0.9936
vn 0.1065 0.0388 0.9936
vn 0.1065 0.0388 0.9936
vn 0.0795 0.0289 -0.9964
vn 0.0795 0.0289 -0.9964
vn 0.0795 0.0289 -0.9964
vn 0.0795 0.0289 -0.9964
vn -0.3603 0.9328 0.0001
vn -0.3604 0.9328 -0.0001
vn -0.3604 0.9328 -0.0001
vn -0.3605 0.9328 -0.0002
vn 0.2968 -0.9550 0.0002
vn 0.2965 -0.9550 0.0006
vn 0.2965 -0.9550 0.0006
vn 0.2962 -0.9551 0.0009
vn 0.1736 0.9848 -0.0022
vn 0.1736 0.9848 -0.0022
vn 0.1736 0.9848 -0.0022
vn 0.1736 0.9848 -0.0022
vn 0.0182 0.1086 0.9939
vn 0.0182 0.1086 0.9939
vn 0.0182 0.1086 0.9939
vn 0.0182 0.1086 0.9939
vn 0.0147 0.0780 -0.9968
vn 0.0147 0.0780 -0.9968
vn 0.0147 0.0780 -0.9968
vn 0.0147 0.0780 -0.9968
vn -0.9881 0.1536 0.0010
vn -0.9882 0.1534 0.0008
vn -0.9882 0.1534 0.0008
vn -0.9882 0.1533 0.0007
vn 0.9749 -0.2226 -0.0009
vn 0.9748 -0.2229 -0.0004
vn 0.9748 -0.2229 -0.0004
vn 0.9748 -0.2232 -0.0001
vn -0.7660 0.6428 -0.0022
vn -0.7660 0.6428 -0.0023
vn -0.7660 0.6428 -0.0023
vn -0.7660 0.6428 -0.0023
vn -0.0843 0.0708 0.9939
vn -0.0843 0.0708 0.9939
vn -0.0843 0.0708 0.9939
vn -0.0843 0.0708 0.9939
vn -0.0608 0.0510 -0.9968
vn -0.0608 0.0510 -0.9968
vn -0.0608 0.0510 -0.9968
vn -0.0608 0.0510 -0.9968
vn -0.6277 -0.7784 0.0000
vn -0.6276 -0.7785 -0.0001
vn -0.6276 -0.7785 -0.0001
vn -0.6275 -0.7786 -0.0002
vn 0.6786 0.7345 0.0001
vn 0.6789 0.7343 0.0005
vn 0.6789 0.7343 0.0005
vn 0.6790 0.7341 0.0008
vn -0.9397 -0.3420 -0.0037
vn -0.9397 -0.3420 -0.0037
vn -0.9397 -0.3420 -0.0037
vn -0.9397 -0.3420 -0.0037
vn -0.1065 -0.0388 0.9936
vn -0.1065 -0.0388 0.9936
vn -0.1065 -0.0388 0.9936
vn -0.1065 -0.0388 0.9936
vn -0.0795 -0.0289 -0.9964
vn -0.0795 -0.0289 -0.9964
vn -0.0795 -0.0289 -0.9964
vn -0.0795 -0.0289 -0.9964
vn 0.3603 -0.9328 0.0001
vn 0.3604 -0.9328 -0.0001
vn 0.3604 -0.9328 -0.0001
vn 0.3605 -0.9328 -0.0002
vn -0.2968 0.9550 0.0002
vn -0.2965 0.9550 0.0006
vn -0.2965 0.9550 0.0006
vn -0.2962 0.9551 0.0009
vn -0.1736 -0.9848 -0.0022
vn -0.1736 -0.9848 -0.0022
vn -0.1736 -0.9848 -0.0022
vn -0.1736 -0.9848 -0.0022
vn -0.0182 -0.1086 0.9939
vn -0.0182 -0.1086 0.9939
vn -0.0182 -0.1086 0.9939
vn -0.0182 -0.1086 0.9939
vn -0.0147 -0.0780 -0.9968
vn -0.0147 -0.0780 -0.9968
vn -0.0147 -0.0780 -0.9968
vn -0.0147 -0.0780 -0.9968
vn 0.9881 -0.1536 0.0010
vn 0.9882 -0.1534 0.0008
vn 0.9882 -0.1534 0.0008
vn 0.9882 -0.1533 0.0007
vn -0.9749 0.2226 -0.0008
vn -0.9748 0.2229 -0.0004
vn -0.9748 0.2229 -0.0004
vn -0.9748 0.2232 -0.0001
vn 0.5504 0.7401 -0.3865
vn -0.3967 0.8513 -0.3434
vn 0.1144 0.6264 -0.7710
vn -0.7983 0.5181 -0.3070
vn -0.9482 0.3173 0.0116
vn -0.4650 0.0682 0.8827
vn 0.1372 0.7858 0.6031
vn -0.1259 -0.1597 0.9791
vn 0.7511 0.3177 0.5787
vn 0.7300 0.6766 0.0964
vn 0.7051 -0.0787 -0.7047
vn 0.1961 -0.3251 -0.9251
vn -0.7557 -0.1936 -0.6257
vn -0.6845 -0.4153 0.5992
vn 0.2637 -0.5251 0.8092
vn 0.8210 -0.1782 0.5425
vn 0.0000 -1.0000 -0.0000
vn 0.4976 0.8674 0.0005
vn 0.4976 0.8674 0.0005
vn 0.4976 0.8674 0.0005
vn 0.4976 0.8674 0.0005
vn -0.0002 -0.0004 1.0000
vn -0.0002 -0.0004 1.0000
vn -0.0002 -0.0004 1.0000
vn -0.0003 -0.0004 1.0000
vn 0.0003 0.0005 -1.0000
vn 0.0003 0.0004 -1.0000
vn 0.0003 0.0004 -1.0000
vn 0.0002 0.0004 -1.0000
vn -0.4976 -0.8674 -0.0005
vn -0.4976 -0.8674 -0.0005
vn -0.4976 -0.8674 -0.0005
vn -0.4976 -0.8674 -0.0005
vn 0.0000 0.0000 1.0000
vn 0.0000 0.0000 1.0000
vn 0.0000 0.0000 1.0000
vn 0.0000 0.0000 1.0000
vn 0.0000 0.0000 1.0000
vn 0.0000 0.0000 1.0000
vn 0.0000 0.0000 1.0000
vn 0.0000 0.0000 1.0000
vn 0.0000 -1.0000 -0.0000
vn 0.0000 -1.0000 -0.0000
vn 0.0000 -1.0000 -0.0000
vn 0.0000 -1.0000 -0.0000
vn 0.0000 0.0000 1.0000
vn 0.0000 0.0000 1.0000
vn 0.0000 0.0000 1.0000
vn 0.0000 0.0000 1.0000
vn 0.0000 0.0000 1.0000
vn 0.0000 0.0000 1.0000
vn 0.0000 0.0000 1.0000
vn 0.0000 0.0000 1.0000
vn 0.1736 -0.9848 -0.0000
vn 0.1736 -0.9848 -0.0000
vn 0.1736 -0.9848 -0.0000
vn 0.1736 -0.9848 -0.0000
vn 0.0000 0.0000 1.0000
vn 0.0000 0.0000 1.0000
vn 0.0000 0.0000 1.0000
vn 0.0000 0.0000 1.0000
vn -0.2674 0.9636 -0.0000
vn -0.4227 0.9063 -0.0000
vn -0.2674 0.9636 -0.0000
vn -0.5784 0.8157 -0.0000
vn 0.0532 -0.9986 -0.0000
vn 0.0532 -0.9986 -0.0000
vn 0.5003 -0.8658 -0.0000
vn 0.5009 -0.8655 -0.0000
vn 0.0087 -0.0184 -0.9998
vn -0.0662 -0.0240 -0.9975
vn -0.0064 0.0084 -0.9999
vn -0.0544 0.0000 -0.9985
vn 1.0000 0.0000 -0.0000
vn 1.0000 0.0000 -0.0000
vn 1.0000 0.0000 -0.0000
vn 1.0000 0.0000 -0.0000
vn -0.0121 0.0166 0.9998
vn -0.0859 -0.0096 0.9963
vn -0.0185 0.0268 0.9995
vn -0.0967 0.0000 0.9953
vn -0.6959 0.7182 -0.0000
vn -0.6959 0.7182 -0.0000
vn 0.8266 -0.5627 -0.0000
vn 0.8266 -0.5627 -0.0000
vn 0.0247 0.0426 -0.9988
vn 0.0510 0.0395 -0.9979
vn 0.0464 0.0616 0.9970
vn 0.0434 0.0750 0.9962
vn -0.5011 -0.8654 -0.0000
vn -0.5011 -0.8654 -0.0000
vn -0.5011 -0.8654 -0.0000
vn -0.5011 -0.8654 -0.0000
vn 0.0000 0.0000 1.0000
vn 0.0000 0.0000 1.0000
vn 0.0000 0.0000 1.0000
vn 0.0000 0.0000 1.0000
vn 0.2765 0.9610 -0.0000
vn 0.4251 0.9051 -0.0000
vn 0.2765 0.9610 -0.0000
vn 0.5770 0.8168 -0.0000
vn -0.0532 -0.9986 -0.0000
vn -0.0532 -0.9986 -0.0000
vn -0.5003 -0.8658 -0.0000
vn -0.5009 -0.8655 -0.0000
vn 0.0192 0.0296 0.9994
vn 0.0886 -0.0041 0.9961
vn 0.0212 0.0337 0.9992
vn 0.0866 0.0000 0.9962
vn -1.0000 0.0000 -0.0000
vn -1.0000 0.0000 -0.0000
vn -1.0000 0.0000 -0.0000
vn -1.0000 0.0000 -0.0000
vn -0.0159 -0.0315 -0.9994
vn 0.0623 -0.0306 -0.9976
vn 0.0038 0.0016 -1.0000
vn 0.0967 0.0000 -0.9953
vn 0.6939 0.7200 -0.0000
vn 0.6939 0.7200 -0.0000
vn -0.8267 -0.5627 -0.0000
vn -0.8267 -0.5627 -0.0000
vn -0.0409 0.0706 0.9967
vn -0.0441 0.0702 0.9966
vn -0.0528 0.0328 -0.9981
vn -0.0434 0.0750 -0.9962
vn 0.5011 -0.8654 -0.0000
vn 0.5011 -0.8654 -0.0000
vn 0.5011 -0.8654 -0.0000
vn 0.5011 -0.8654 -0.0000
vn -0.2714 0.9625 -0.0000
vn -0.4242 0.9056 -0.0000
vn -0.2714 0.9625 -0.0000
vn -0.5769 0.8168 -0.0000
vn 0.0532 -0.9986 -0.0000
vn 0.0532 -0.9986 -0.0000
vn 0.5003 -0.8658 -0.0000
vn 0.5009 -0.8655 -0.0000
vn 0.0115 -0.0233 -0.9997
vn -0.0641 -0.0259 -0.9976
vn -0.0050 0.0059 -1.0000
vn -0.0515 0.0000 -0.9987
vn 1.0000 0.0000 -0.0000
vn 1.0000 0.0000 -0.0000
vn 1.0000 0.0000 -0.0000
vn 1.0000 0.0000 -0.0000
vn -0.0149 0.0214 0.9997
vn -0.0885 -0.0073 0.9961
vn -0.0200 0.0294 0.9994
vn -0.0967 0.0000 0.9953
vn -0.6920 0.7219 -0.0000
vn -0.6920 0.7219 -0.0000
vn 0.8266 -0.5627 -0.0000
vn 0.8266 -0.5627 -0.0000
vn 0.0231 0.0399 -0.9989
vn 0.0516 0.0364 -0.9980
vn 0.0458 0.0645 0.9969
vn 0.0434 0.0750 0.9962
vn -0.5011 -0.8654 -0.0000
vn -0.5011 -0.8654 -0.0000
vn -0.5011 -0.8654 -0.0000
vn -0.5011 -0.8654 -0.0000
vn 0.0000 0.0000 1.0000
vn 0.0000 0.0000 1.0000
vn 0.0000 0.0000 1.0000
vn 0.0000 0.0000 1.0000
vn 0.5160 -0.8566 -0.0000
vn 0.5160 -0.8566 -0.0000
vn 0.5160 -0.8566 -0.0000
vn 0.5160 -0.8566 -0.0000
vn -0.5054 0.8629 0.0035
vn -0.5054 0.8629 0.0035
vn -0.5054 0.8629 0.0035
vn -0.5054 0.8629 0.0035
vn 0.5054 -0.8629 -0.0035
vn 0.5054 -0.8629 -0.0035
vn 0.5054 -0.8629 -0.0035
vn 0.5054 -0.8629 -0.0035
vn 0.8608 0.5088 -0.0118
vn 0.8608 0.5088 -0.0118
vn 0.8608 0.5088 -0.0118
vn 0.8608 0.5088 -0.0118
vn -0.0007 -0.0038 -1.0000
vn -0.0007 -0.0038 -1.0000
vn -0.0007 -0.0038 -1.0000
vn -0.0007 -0.0038 -1.0000
vn -0.8608 -0.5088 0.0120
vn -0.8608 -0.5088 0.0120
vn -0.8608 -0.5088 0.0120
vn -0.8608 -0.5088 0.0120
vn -0.8635 -0.5042 -0.0137
vn -0.8683 -0.4960 0.0037
vn -0.8702 -0.4920 -0.0251
vn -0.8707 -0.4918 0.0017
vn 0.2096 -0.3631 0.9078
vn 0.4139 -0.7240 0.5518
vn 0.2095 -0.3634 0.9078
vn 0.4118 -0.7217 0.5564
vn -0.8718 -0.4841 -0.0754
vn -0.8872 -0.4449 -0.1220
vn 0.4947 -0.8686 0.0287
vn 0.4953 -0.8683 0.0284
vn -0.4765 0.8375 -0.2674
vn -0.1953 0.3334 -0.9223
vn -0.3737 0.6561 -0.6556
vn -0.1923 0.3330 -0.9231
vn 0.8610 0.5070 0.0408
vn 0.8503 0.5258 0.0220
vn 0.8491 0.5261 0.0484
vn 0.8650 0.5002 0.0402
vn 0.9209 0.3629 0.1420
vn 0.8870 0.4610 0.0265
vn -0.4923 0.8704 -0.0084
vn -0.4954 0.8687 -0.0066
vn -0.0097 -0.0081 0.9999
vn -0.0019 0.0048 1.0000
vn -0.0064 0.0108 0.9999
vn -0.0139 0.0067 0.9999
vn -0.0062 0.0133 0.9999
vn -0.0100 0.0402 0.9991
vn -0.0392 0.0049 0.9992
vn -0.0242 0.0194 0.9995
vn 0.9063 -0.4226 -0.0000
vn 0.9063 -0.4226 -0.0000
vn 0.9063 -0.4226 -0.0000
vn 0.9063 -0.4226 -0.0000
vn -0.5000 -0.8660 -0.0000
vn -0.5000 -0.8660 -0.0000
vn -0.5000 -0.8660 -0.0000
vn -0.5000 -0.8660 -0.0000
vn -0.4965 -0.8680 -0.0005
vn -0.4965 -0.8680 -0.0005
vn -0.4965 -0.8680 -0.0005
vn -0.4965 -0.8680 -0.0005
vn 0.4976 0.8674 0.0005
vn 0.4976 0.8674 0.0005
vn 0.4976 0.8674 0.0005
vn 0.4976 0.8674 0.0005
vn 0.0000 0.0000 1.0000
vn 0.0000 0.0000 1.0000
vn 0.0000 0.0000 1.0000
vn 0.0000 0.0000 1.0000
vn -0.0002 -0.0004 1.0000
vn -0.0002 -0.0004 1.0000
vn -0.0002 -0.0004 1.0000
vn -0.0003 -0.0004 1.0000
vn 0.0003 0.0005 -1.0000
vn 0.0003 0.0004 -1.0000
vn 0.0003 0.0004 -1.0000
vn 0.0002 0.0004 -1.0000
vn 0.0000 0.0000 -1.0000
vn 0.0000 0.0000 -1.0000
vn 0.0000 0.0000 -1.0000
vn 0.0000 0.0000 -1.0000
vn 0.5000 -0.8660 -0.0000
vn 0.5000 -0.8660 -0.0000
vn 0.5000 -0.8660 -0.0000
vn 0.5000 -0.8660 -0.0000
vn 0.8660 0.5000 -0.0000
vn 0.8660 0.5000 -0.0000
vn 0.8660 0.5000 -0.0000
vn 0.8660 0.5000 -0.0000
vn -0.8660 -0.5000 -0.0000
vn -0.8660 -0.5000 -0.0000
vn -0.8660 -0.5000 -0.0000
vn -0.8660 -0.5000 -0.0000
vn 0.5000 -0.8660 -0.0000
vn 0.5000 -0.8660 -0.0000
vn 0.5000 -0.8660 -0.0000
vn 0.5000 -0.8660 -0.0000
vn -0.4226 -0.9063 -0.0000
vn -0.4226 -0.9063 -0.0000
vn -0.4226 -0.9063 -0.0000
vn -0.4226 -0.9063 -0.0000
vn -0.5000 -0.8660 -0.0000
vn -0.5000 -0.8660 -0.0000
vn -0.5000 -0.8660 -0.0000
vn -0.5000 -0.8660 -0.0000
vn 0.9063 -0.4226 -0.0000
vn 0.9063 -0.4226 -0.0000
vn -0.4226 -0.9063 -0.0000
vn -0.4226 -0.9063 -0.0000
vn 0.0000 0.0000 1.0000
vn 0.0000 0.0000 1.0000
vn 0.0000 0.0000 1.0000
vn 0.0000 0.0000 1.0000
vn -1.0000 0.0000 -0.0000
vn -1.0000 0.0000 -0.0000
vn -1.0000 0.0000 -0.0000
vn -1.0000 0.0000 -0.0000
vn 0.0000 0.0000 1.0000
vn 0.0000 0.0000 1.0000
vn 0.0000 0.0000 1.0000
vn 0.0000 0.0000 1.0000
vn 0.0000 0.0000 1.0000
vn 0.0000 0.0000 1.0000
vn 0.0000 0.0000 1.0000
vn 0.0000 0.0000 1.0000
vn 0.0000 -1.0000 -0.0000
vn 0.0000 -1.0000 -0.0000
vn 0.0000 -1.0000 -0.0000
vn 0.0000 -1.0000 -0.0000
vn 0.0000 -1.0000 -0.0000
vn 0.0000 -1.0000 -0.0000
vn 0.0000 -1.0000 -0.0000
vn 0.0000 -1.0000 -0.0000
vn -0.0000 -1.0000 -0.0000
vn -0.0000 -1.0000 -0.0000
vn -0.0000 -1.0000 -0.0000
vn -0.0000 -1.0000 -0.0000
vn 0.2765 0.9610 -0.0000
vn 0.4251 0.9051 -0.0000
vn 0.2765 0.9610 -0.0000
vn 0.5770 0.8168 -0.0000
vn -0.0532 -0.9986 0.0000
vn -0.0532 -0.9986 0.0000
vn -0.5003 -0.8658 0.0000
vn -0.5009 -0.8655 -0.0000
vn 0.0192 0.0296 0.9994
vn 0.0886 -0.0041 0.9961
vn 0.0212 0.0337 0.9992
vn 0.0866 0.0000 0.9962
vn -1.0000 0.0000 0.0000
vn -1.0000 0.0000 0.0000
vn -1.0000 0.0000 0.0000
vn -1.0000 0.0000 0.0000
vn -0.0159 -0.0315 -0.9994
vn 0.0623 -0.0306 -0.9976
vn 0.0038 0.0016 -1.0000
vn 0.0967 0.0000 -0.9953
vn 0.6939 0.7200 -0.0000
vn 0.6939 0.7200 -0.0000
vn -0.8266 -0.5627 -0.0000
vn -0.8266 -0.5627 -0.0000
vn -0.0409 0.0706 0.9967
vn -0.0441 0.0702 0.9966
vn -0.0528 0.0328 -0.9981
vn -0.0434 0.0750 -0.9962
vn 0.5011 -0.8654 -0.0000
vn 0.5011 -0.8654 -0.0000
vn 0.5011 -0.8654 -0.0000
vn 0.5011 -0.8654 -0.0000
vn -0.6412 -0.7674 0.0035
vn -0.6412 -0.7674 0.0035
vn -0.6412 -0.7674 0.0035
vn -0.6412 -0.7674 0.0035
vn 0.6412 0.7674 -0.0035
vn 0.6412 0.7674 -0.0035
vn 0.6412 0.7674 -0.0035
vn 0.6412 0.7674 -0.0035
vn -0.7699 0.6381 -0.0118
vn -0.7699 0.6381 -0.0118
vn -0.7699 0.6381 -0.0118
vn -0.7699 0.6381 -0.0118
vn 0.0038 0.0006 -1.0000
vn 0.0038 0.0006 -1.0000
vn 0.0038 0.0006 -1.0000
vn 0.0038 0.0006 -1.0000
vn 0.7699 -0.6381 0.0120
vn 0.7699 -0.6381 0.0120
vn 0.7699 -0.6381 0.0120
vn 0.7699 -0.6381 0.0120
vn 0.7665 -0.6420 -0.0144
vn 0.7604 -0.6495 0.0037
vn 0.7579 -0.6519 -0.0248
vn 0.7573 -0.6531 0.0017
vn 0.2622 0.3099 0.9139
vn 0.5438 0.6369 0.5465
vn 0.2625 0.3098 0.9138
vn 0.5422 0.6342 0.5512
vn 0.7517 -0.6549 -0.0775
vn 0.7217 -0.6814 -0.1219
vn 0.6502 0.7592 0.0287
vn 0.6497 0.7597 0.0284
vn -0.6290 -0.7337 -0.2568
vn -0.2312 -0.2774 -0.9325
vn -0.4937 -0.5763 -0.6513
vn -0.2319 -0.2740 -0.9333
vn -0.7682 0.6388 0.0408
vn -0.7823 0.6224 0.0231
vn -0.7822 0.6212 0.0484
vn -0.7641 0.6438 0.0406
vn -0.6530 0.7439 0.1420
vn -0.7337 0.6790 0.0264
vn -0.6527 -0.7576 -0.0084
vn -0.6500 -0.7599 -0.0066
vn 0.0110 -0.0064 0.9999
vn -0.0038 -0.0034 1.0000
vn -0.0080 -0.0096 0.9999
vn -0.0016 -0.0154 0.9999
vn -0.0104 -0.0103 0.9999
vn -0.0345 -0.0230 0.9991
vn 0.0086 -0.0386 0.9992
vn -0.0101 -0.0293 0.9995
vn 0.0000 0.0000 1.0000
vn 0.0000 0.0000 1.0000
vn 0.0000 0.0000 1.0000
vn 0.0000 0.0000 1.0000
vn 0.0000 -1.0000 -0.0000
vn 0.0000 -1.0000 -0.0000
vn 0.0000 -1.0000 -0.0000
vn 0.0000 -1.0000 -0.0000
vn 0.0000 0.0000 -1.0000
vn 0.0000 0.0000 -1.0000
vn 0.0000 0.0000 -1.0000
vn 0.0000 0.0000 -1.0000
vn 0.0000 0.0000 1.0000
vn 0.0000 0.0000 1.0000
vn 0.0000 0.0000 1.0000
vn 0.0000 0.0000 1.0000
vn 0.0000 -1.0000 -0.0000
vn 0.0000 -1.0000 -0.0000
vn 0.0000 -1.0000 -0.0000
vn 0.0000 -1.0000 -0.0000
vn 0.0000 1.0000 -0.0000
vn 0.0000 1.0000 -0.0000
vn 0.0000 1.0000 -0.0000
vn 0.0000 1.0000 -0.0000
vn 0.0000 1.0000 -0.0000
vn 0.0000 1.0000 -0.0000
vn 0.0000 1.0000 -0.0000
vn 0.0000 1.0000 -0.0000
vn 0.0000 0.0000 -1.0000
vn 0.0000 0.0000 -1.0000
vn 0.0000 0.0000 -1.0000
vn 0.0000 0.0000 -1.0000
vn -0.4057 -0.9140 -0.0000
vn -0.4057 -0.9140 -0.0000
vn -0.4057 -0.9140 -0.0000
vn -0.4057 -0.9140 -0.0000
vn 0.3561 0.4981 -0.7907
vn 0.0596 0.0000 -0.9982
vn 0.5736 0.0000 -0.8192
vn 0.8357 0.3078 -0.4548
vn 0.8357 -0.3078 -0.4548
vn 0.3561 -0.4981 -0.7907
vn -0.5736 0.0000 0.8192
vn -0.5736 0.0000 0.8192
vn -0.5736 0.0000 0.8192
vn -0.5736 0.0000 0.8192
vn -0.5736 0.0000 0.8192
vn 0.0000 -1.0000 -0.0000
vn 0.0000 -1.0000 -0.0000
vn 0.0000 -1.0000 -0.0000
vn 0.0000 -1.0000 -0.0000
vn 0.0000 -1.0000 -0.0000
vn 0.0000 -1.0000 -0.0000
vn 0.0000 -1.0000 -0.0000
vn 0.0000 -1.0000 -0.0000
vn -0.7091 0.7051 0.0005
vn -0.7091 0.7051 0.0005
vn -0.7091 0.7051 0.0005
vn -0.7091 0.7051 0.0005
vn -0.0003 -0.0004 1.0000
vn -0.0002 -0.0004 1.0000
vn -0.0002 -0.0004 1.0000
vn -0.0002 -0.0005 1.0000
vn 0.0002 0.0004 -1.0000
vn 0.0003 0.0004 -1.0000
vn 0.0003 0.0004 -1.0000
vn 0.0003 0.0004 -1.0000
vn 0.7091 -0.7051 -0.0002
vn 0.7091 -0.7051 -0.0002
vn 0.7091 -0.7051 -0.0002
vn 0.7091 -0.7051 -0.0002
vn -0.6428 -0.7660 -0.0000
vn -0.6428 -0.7660 -0.0000
vn -0.6428 -0.7660 -0.0000
vn -0.6428 -0.7660 -0.0000
vn -0.0158 0.0001 -0.9999
vn -0.0130 -0.0207 -0.9997
vn -0.0130 -0.0207 -0.9997
vn -0.0100 -0.0417 -0.9991
vn -0.0164 0.0008 -0.9999
vn -0.0137 -0.0202 -0.9997
vn -0.0137 -0.0202 -0.9997
vn -0.0109 -0.0414 -0.9991
vn -0.0681 -0.0136 -0.9976
vn 0.1482 0.9878 -0.0479
vn -0.7480 0.2873 -0.5983
vn -0.6040 0.7867 0.1279
vn -0.1548 0.6395 0.7530
vn 0.5365 0.3553 0.7655
vn 0.9288 0.1444 0.3413
vn 0.9723 -0.2200 0.0790
vn 0.3721 -0.1650 -0.9134
vn -0.8598 -0.2943 -0.4173
vn -0.2838 -0.3037 -0.9095
vn -0.9663 -0.2034 -0.1578
vn -0.6081 -0.1985 0.7687
vn 0.0770 -0.3486 0.9341
vn 0.8449 -0.3608 0.3950
vn 0.8853 -0.4350 -0.1646
vn 0.2870 -0.4277 -0.8571
vn -0.3597 -0.4470 -0.8191
vn -0.9145 -0.3904 -0.1058
vn -0.4423 -0.5016 0.7435
vn 0.5568 -0.4228 0.7150
vn 0.9400 -0.2839 0.1894
vn -0.5252 -0.5748 -0.6275
vn 0.4781 -0.3377 0.8108
vn 0.1963 -0.4535 -0.8694
vt 0.682700 0.560100
vt 0.671900 0.650200
vt 0.739200 0.555400
vt 0.783900 0.477500
vt 0.810100 0.562800
vt 0.805400 0.653400
vt 0.763500 0.708300
vt 0.716100 0.664500
vt 0.633000 0.568200
vt 0.685700 0.507300
vt 0.641800 0.450600
vt 0.868900 0.540400
vt 0.869800 0.475400
vt 0.864200 0.598200
vt 0.852000 0.671600
vt 0.825200 0.753600
vt 0.791800 0.781400
vt 0.689700 0.800300
vt 0.740800 0.849700
vt 0.631400 0.774900
vt 0.612600 0.648500
vt 0.533300 0.502500
vt 0.559600 0.577000
vt 0.976000 0.553400
vt 0.962200 0.636700
vt 0.926700 0.720200
vt 0.900600 0.811800
vt 0.489200 0.762700
vt 0.573100 0.747000
vt 0.523400 0.641000
vt 0.415000 0.573500
vt 0.994400 0.702500
vt 0.454700 0.689400
vt 0.581300 0.816300
vt 0.240700 0.135800
vt 0.008100 0.135800
vt 0.240700 0.194500
vt 0.008100 0.194500
vt 0.049800 0.123700
vt 0.049800 0.064500
vt 0.213500 0.123700
vt 0.213500 0.064500
vt 0.005900 0.059700
vt 0.005900 0.005700
vt 0.149600 0.059700
vt 0.149600 0.005700
vt 0.008100 0.135800
vt 0.240700 0.135800
vt 0.008100 0.194500
vt 0.240700 0.194500
vt 0.008100 0.135800
vt 0.008100 0.194500
vt 0.240700 0.135800
vt 0.240700 0.194500
vt 0.240700 0.194500
vt 0.008100 0.194500
vt 0.240700 0.135800
vt 0.008100 0.135800
vt 0.008100 0.135800
vt 0.240700 0.135800
vt 0.008100 0.194500
vt 0.240700 0.194500
vt 0.298900 0.059700
vt 0.005900 0.059700
vt 0.298900 0.005700
vt 0.005900 0.005700
vt 0.287300 0.059700
vt 0.287300 0.005700
vt 0.005900 0.059700
vt 0.005900 0.005700
vt 0.240700 0.194500
vt 0.240700 0.135800
vt 0.008100 0.194500
vt 0.008100 0.135800
vt 0.008100 0.194500
vt 0.008100 0.135800
vt 0.240700 0.194500
vt 0.240700 0.135800
vt 0.061800 0.203300
vt 0.022900 0.203300
vt 0.061800 0.556300
vt 0.022900 0.556300
vt 0.022900 0.203300
vt 0.022900 0.556300
vt 0.061800 0.203300
vt 0.061800 0.556300
vt 0.022900 0.203300
vt 0.022900 0.556300
vt 0.061800 0.203300
vt 0.061800 0.556300
vt 0.022900 0.203300
vt 0.022900 0.556300
vt 0.061800 0.203300
vt 0.061800 0.556300
vt 0.005900 0.059700
vt 0.005900 0.005700
vt 0.333300 0.059500
vt 0.333300 0.005700
vt 0.716900 0.123700
vt 0.716900 0.064500
vt 0.007200 0.123700
vt 0.007200 0.064500
vt 0.213500 0.064500
vt 0.213500 0.123700
vt 0.007200 0.064500
vt 0.007200 0.123700
vt 0.194800 0.059700
vt 0.194800 0.005700
vt 0.005900 0.059700
vt 0.005900 0.005700
vt 0.716900 0.123700
vt 0.716900 0.064500
vt 0.007200 0.123700
vt 0.007200 0.064500
vt 0.005900 0.059700
vt 0.243400 0.059700
vt 0.005900 0.005700
vt 0.243400 0.005700
vt 0.287300 0.059700
vt 0.287300 0.005700
vt 0.005900 0.059700
vt 0.005900 0.005700
vt 0.287300 0.005700
vt 0.005900 0.005700
vt 0.287300 0.059700
vt 0.005900 0.059700
vt 0.005900 0.005700
vt 0.005900 0.059700
vt 0.287300 0.005700
vt 0.287300 0.059700
vt 0.240700 0.194500
vt 0.240700 0.135800
vt 0.008100 0.194500
vt 0.008100 0.135800
vt 0.553700 0.869200
vt 0.553700 0.994100
vt 0.314000 0.869200
vt 0.314000 0.994100
vt 0.553700 0.869200
vt 0.553700 0.994100
vt 0.314000 0.869200
vt 0.314000 0.994100
vt 0.082600 0.206800
vt 0.213000 0.206800
vt 0.082600 0.423000
vt 0.213000 0.423000
vt 0.408400 0.220600
vt 0.408400 0.131800
vt 0.311000 0.220600
vt 0.311000 0.131800
vt 0.213000 0.206800
vt 0.213000 0.423000
vt 0.082600 0.206800
vt 0.082600 0.423000
vt 0.301600 0.297300
vt 0.301600 0.205100
vt 0.220200 0.297300
vt 0.220200 0.205100
vt 0.352100 0.513100
vt 0.409400 0.563000
vt 0.415100 0.498600
vt 0.381800 0.443100
vt 0.457500 0.449700
vt 0.474600 0.523800
vt 0.469300 0.835200
vt 0.571400 0.818300
vt 0.525800 0.864000
vt 0.479200 0.772600
vt 0.541700 0.762400
vt 0.994100 0.921000
vt 0.928600 0.921000
vt 0.994100 0.790400
vt 0.928600 0.790400
vt 0.272600 0.425400
vt 0.221200 0.425400
vt 0.272600 0.304200
vt 0.221200 0.304200
vt 0.928600 0.921000
vt 0.994100 0.921000
vt 0.928600 0.790400
vt 0.994100 0.790400
vt 0.272600 0.425400
vt 0.221200 0.425400
vt 0.272600 0.304200
vt 0.221200 0.304200
vt 0.553700 0.869200
vt 0.553700 0.994100
vt 0.314000 0.869200
vt 0.314000 0.994100
vt 0.553700 0.869200
vt 0.553700 0.994100
vt 0.314000 0.869200
vt 0.314000 0.994100
vt 0.082600 0.206800
vt 0.213000 0.206800
vt 0.082600 0.423000
vt 0.213000 0.423000
vt 0.408400 0.220600
vt 0.408400 0.131800
vt 0.311000 0.220600
vt 0.311000 0.131800
vt 0.213000 0.206800
vt 0.213000 0.423000
vt 0.082600 0.206800
vt 0.082600 0.423000
vt 0.301600 0.297300
vt 0.301600 0.205100
vt 0.220200 0.297300
vt 0.220200 0.205100
vt 0.240700 0.194500
vt 0.240700 0.135800
vt 0.008100 0.194500
vt 0.008100 0.135800
vt 0.613300 0.123700
vt 0.007200 0.123700
vt 0.613300 0.064500
vt 0.007200 0.064500
vt 0.613300 0.064500
vt 0.007200 0.064500
vt 0.613300 0.123700
vt 0.007200 0.123700
vt 0.613300 0.123700
vt 0.007200 0.123700
vt 0.613300 0.064500
vt 0.007200 0.064500
vt 0.007200 0.064500
vt 0.007200 0.123700
vt 0.613300 0.064500
vt 0.613300 0.123700
vt 0.682700 0.560100
vt 0.671900 0.650200
vt 0.739200 0.555400
vt 0.783900 0.477500
vt 0.810100 0.562800
vt 0.805400 0.653400
vt 0.763500 0.708300
vt 0.716100 0.664500
vt 0.633000 0.568200
vt 0.685700 0.507300
vt 0.641800 0.450600
vt 0.868900 0.540400
vt 0.869800 0.475400
vt 0.864200 0.598200
vt 0.852000 0.671600
vt 0.825200 0.753600
vt 0.791800 0.781400
vt 0.689700 0.800300
vt 0.740800 0.849700
vt 0.631400 0.774900
vt 0.612600 0.648500
vt 0.533300 0.502500
vt 0.559600 0.577000
vt 0.976000 0.553400
vt 0.962200 0.636700
vt 0.926700 0.720200
vt 0.900600 0.811800
vt 0.489200 0.762700
vt 0.573100 0.747000
vt 0.523400 0.641000
vt 0.415000 0.573500
vt 0.994400 0.702500
vt 0.454700 0.689400
vt 0.581300 0.816300
vt 0.352100 0.513100
vt 0.409400 0.563000
vt 0.415100 0.498600
vt 0.381800 0.443100
vt 0.457500 0.449700
vt 0.474600 0.523800
vt 0.469300 0.835200
vt 0.571400 0.818300
vt 0.525800 0.864000
vt 0.479200 0.772600
vt 0.541700 0.762400
vt 0.314000 0.869200
vt 0.314000 0.994100
vt 0.553700 0.869200
vt 0.553700 0.994100
vt 0.553700 0.869200
vt 0.553700 0.994100
vt 0.314000 0.869200
vt 0.314000 0.994100
vt 0.082600 0.206800
vt 0.213000 0.206800
vt 0.082600 0.423000
vt 0.213000 0.423000
vt 0.408400 0.220600
vt 0.408400 0.131800
vt 0.311000 0.220600
vt 0.311000 0.131800
vt 0.213000 0.206800
vt 0.213000 0.423000
vt 0.082600 0.206800
vt 0.082600 0.423000
vt 0.301600 0.297300
vt 0.301600 0.205100
vt 0.220200 0.297300
vt 0.220200 0.205100
vt 0.613300 0.123700
vt 0.007200 0.123700
vt 0.613300 0.064500
vt 0.007200 0.064500
vt 0.613300 0.064500
vt 0.007200 0.064500
vt 0.613300 0.123700
vt 0.007200 0.123700
vt 0.240700 0.194500
vt 0.240700 0.135800
vt 0.008100 0.194500
vt 0.008100 0.135800
vt 0.007200 0.064500
vt 0.007200 0.123700
vt 0.613300 0.064500
vt 0.613300 0.123700
vt 0.007200 0.064500
vt 0.007200 0.123700
vt 0.613300 0.064500
vt 0.613300 0.123700
vt 0.994100 0.921000
vt 0.928600 0.921000
vt 0.994100 0.790400
vt 0.928600 0.790400
vt 0.272600 0.425400
vt 0.221200 0.425400
vt 0.272600 0.304200
vt 0.221200 0.304200
vt 0.928600 0.921000
vt 0.994100 0.921000
vt 0.928600 0.790400
vt 0.994100 0.790400
vt 0.272600 0.425400
vt 0.221200 0.425400
vt 0.272600 0.304200
vt 0.221200 0.304200
vt 0.553700 0.869200
vt 0.553700 0.994100
vt 0.314000 0.869200
vt 0.314000 0.994100
vt 0.553700 0.869200
vt 0.553700 0.994100
vt 0.314000 0.869200
vt 0.314000 0.994100
vt 0.311000 0.220600
vt 0.311000 0.131800
vt 0.408400 0.220600
vt 0.408400 0.131800
vt 0.213000 0.423000
vt 0.213000 0.206800
vt 0.082600 0.423000
vt 0.082600 0.206800
vt 0.301600 0.205100
vt 0.220200 0.205100
vt 0.301600 0.297300
vt 0.220200 0.297300
vt 0.207600 0.450300
vt 0.349200 0.416100
vt 0.234400 0.495700
vt 0.360500 0.469300
vt 0.995000 0.004900
vt 0.874500 0.004900
vt 0.995000 0.058600
vt 0.874500 0.058600
vt 0.176900 0.596900
vt 0.214800 0.613200
vt 0.753500 0.058600
vt 0.753500 0.004900
vt 0.139900 0.787900
vt 0.246000 0.794800
vt 0.139900 0.722600
vt 0.246000 0.722600
vt 0.349200 0.416100
vt 0.207600 0.450300
vt 0.360500 0.469300
vt 0.234400 0.495700
vt 0.214800 0.613200
vt 0.176900 0.596900
vt 0.006700 0.722000
vt 0.006700 0.795200
vt 0.147900 0.461800
vt 0.147900 0.540400
vt 0.168700 0.431700
vt 0.168700 0.579900
vt 0.078800 0.579900
vt 0.091100 0.540400
vt 0.091100 0.461800
vt 0.078800 0.431700
vt 0.165300 0.708200
vt 0.213900 0.708200
vt 0.165300 0.621200
vt 0.213900 0.621200
vt 0.553700 0.869200
vt 0.553700 0.994100
vt 0.314000 0.869200
vt 0.314000 0.994100
vt 0.553700 0.869200
vt 0.553700 0.994100
vt 0.314000 0.869200
vt 0.314000 0.994100
vt 0.311000 0.220600
vt 0.311000 0.131800
vt 0.408400 0.220600
vt 0.408400 0.131800
vt 0.213000 0.423000
vt 0.213000 0.206800
vt 0.082600 0.423000
vt 0.082600 0.206800
vt 0.301600 0.205100
vt 0.220200 0.205100
vt 0.301600 0.297300
vt 0.220200 0.297300
vt 0.207600 0.450300
vt 0.349200 0.416100
vt 0.234400 0.495700
vt 0.360500 0.469300
vt 0.995000 0.004900
vt 0.874500 0.004900
vt 0.995000 0.058600
vt 0.874500 0.058600
vt 0.176900 0.596900
vt 0.214800 0.613200
vt 0.753500 0.058600
vt 0.753500 0.004900
vt 0.139900 0.787900
vt 0.246000 0.794800
vt 0.139900 0.722600
vt 0.246000 0.722600
vt 0.349200 0.416100
vt 0.207600 0.450300
vt 0.360500 0.469300
vt 0.234400 0.495700
vt 0.214800 0.613200
vt 0.176900 0.596900
vt 0.006700 0.722000
vt 0.006700 0.795200
vt 0.147900 0.461800
vt 0.147900 0.540400
vt 0.168700 0.431700
vt 0.168700 0.579900
vt 0.078800 0.579900
vt 0.091100 0.540400
vt 0.091100 0.461800
vt 0.078800 0.431700
vt 0.165300 0.708200
vt 0.213900 0.708200
vt 0.165300 0.621200
vt 0.213900 0.621200
vt 0.008100 0.135800
vt 0.240700 0.135800
vt 0.008100 0.194500
vt 0.240700 0.194500
vt 0.994500 0.416600
vt 0.919600 0.416600
vt 0.994500 0.502500
vt 0.919600 0.502500
vt 0.876100 0.928800
vt 0.876100 0.995100
vt 0.994800 0.928800
vt 0.994800 0.995100
vt 0.876100 0.928800
vt 0.876100 0.995100
vt 0.994800 0.928800
vt 0.994800 0.995100
vt 0.009900 0.703500
vt 0.146400 0.713900
vt 0.009900 0.608200
vt 0.146400 0.593900
vt 0.009900 0.703500
vt 0.146400 0.713900
vt 0.009900 0.608200
vt 0.146400 0.593900
vt 0.994500 0.416600
vt 0.919600 0.416600
vt 0.994500 0.502500
vt 0.919600 0.502500
vt 0.876100 0.928800
vt 0.876100 0.995100
vt 0.994800 0.928800
vt 0.994800 0.995100
vt 0.876100 0.928800
vt 0.876100 0.995100
vt 0.994800 0.928800
vt 0.994800 0.995100
vt 0.009900 0.703500
vt 0.146400 0.713900
vt 0.009900 0.608200
vt 0.146400 0.593900
vt 0.009900 0.703500
vt 0.146400 0.713900
vt 0.009900 0.608200
vt 0.146400 0.593900
vt 0.994500 0.416600
vt 0.919600 0.416600
vt 0.994500 0.502500
vt 0.919600 0.502500
vt 0.876100 0.928800
vt 0.876100 0.995100
vt 0.994800 0.928800
vt 0.994800 0.995100
vt 0.876100 0.928800
vt 0.876100 0.995100
vt 0.994800 0.928800
vt 0.994800 0.995100
vt 0.009900 0.703500
vt 0.146400 0.713900
vt 0.009900 0.608200
vt 0.146400 0.593900
vt 0.009900 0.703500
vt 0.146400 0.713900
vt 0.009900 0.608200
vt 0.146400 0.593900
vt 0.994500 0.416600
vt 0.919600 0.416600
vt 0.994500 0.502500
vt 0.919600 0.502500
vt 0.876100 0.928800
vt 0.876100 0.995100
vt 0.994800 0.928800
vt 0.994800 0.995100
vt 0.876100 0.928800
vt 0.876100 0.995100
vt 0.994800 0.928800
vt 0.994800 0.995100
vt 0.009900 0.703500
vt 0.146400 0.713900
vt 0.009900 0.608200
vt 0.146400 0.593900
vt 0.009900 0.703500
vt 0.146400 0.713900
vt 0.009900 0.608200
vt 0.146400 0.593900
vt 0.994500 0.416600
vt 0.919600 0.416600
vt 0.994500 0.502500
vt 0.919600 0.502500
vt 0.876100 0.928800
vt 0.876100 0.995100
vt 0.994800 0.928800
vt 0.994800 0.995100
vt 0.876100 0.928800
vt 0.876100 0.995100
vt 0.994800 0.928800
vt 0.994800 0.995100
vt 0.009900 0.703500
vt 0.146400 0.713900
vt 0.009900 0.608200
vt 0.146400 0.593900
vt 0.009900 0.703500
vt 0.146400 0.713900
vt 0.009900 0.608200
vt 0.146400 0.593900
vt 0.853300 0.149600
vt 0.834000 0.192900
vt 0.970600 0.149600
vt 0.990000 0.192900
vt 0.990500 0.064300
vt 0.825700 0.064300
vt 0.990500 0.141900
vt 0.825700 0.141900
vt 0.853500 0.235900
vt 0.970700 0.235900
vt 0.970700 0.235900
vt 0.990000 0.192900
vt 0.853500 0.235900
vt 0.834000 0.192900
vt 0.825700 0.064300
vt 0.825700 0.141900
vt 0.990500 0.064300
vt 0.990500 0.141900
vt 0.970600 0.149600
vt 0.853300 0.149600
vt 0.853300 0.149600
vt 0.834000 0.192900
vt 0.970600 0.149600
vt 0.990000 0.192900
vt 0.825600 0.064300
vt 0.825600 0.141900
vt 0.990500 0.064300
vt 0.990500 0.141900
vt 0.853500 0.235900
vt 0.970700 0.235900
vt 0.970700 0.235900
vt 0.990000 0.192900
vt 0.853500 0.235900
vt 0.834000 0.192900
vt 0.825700 0.064300
vt 0.825700 0.141900
vt 0.990500 0.064300
vt 0.990500 0.141900
vt 0.970600 0.149600
vt 0.853300 0.149600
vt 0.970700 0.235900
vt 0.990000 0.192900
vt 0.853500 0.235900
vt 0.834000 0.192900
vt 0.825700 0.064300
vt 0.825700 0.141900
vt 0.990500 0.064300
vt 0.990500 0.141900
vt 0.970600 0.149600
vt 0.853300 0.149600
vt 0.970700 0.235900
vt 0.990000 0.192900
vt 0.853500 0.235900
vt 0.834000 0.192900
vt 0.825700 0.064300
vt 0.825700 0.141900
vt 0.990500 0.064300
vt 0.990500 0.141900
vt 0.970600 0.149600
vt 0.853300 0.149600
vt 0.314000 0.994100
vt 0.314000 0.869200
vt 0.553700 0.994100
vt 0.553700 0.869200
vt 0.314000 0.994100
vt 0.314000 0.869200
vt 0.553700 0.994100
vt 0.553700 0.869200
vt 0.082600 0.423000
vt 0.213000 0.423000
vt 0.082600 0.206800
vt 0.213000 0.206800
vt 0.408400 0.220600
vt 0.408400 0.131800
vt 0.311000 0.220600
vt 0.311000 0.131800
vt 0.213000 0.206800
vt 0.213000 0.423000
vt 0.082600 0.206800
vt 0.082600 0.423000
vt 0.220200 0.205100
vt 0.220200 0.297300
vt 0.301600 0.205100
vt 0.301600 0.297300
vt 0.853300 0.149600
vt 0.834000 0.192900
vt 0.970600 0.149600
vt 0.990000 0.192900
vt 0.990500 0.064300
vt 0.825700 0.064300
vt 0.990500 0.141900
vt 0.825700 0.141900
vt 0.853500 0.235900
vt 0.970700 0.235900
vt 0.970700 0.235900
vt 0.990000 0.192900
vt 0.853500 0.235900
vt 0.834000 0.192900
vt 0.825700 0.064300
vt 0.825700 0.141900
vt 0.990500 0.064300
vt 0.990500 0.141900
vt 0.970600 0.149600
vt 0.853300 0.149600
vt 0.853300 0.149600
vt 0.834000 0.192900
vt 0.970600 0.149600
vt 0.990000 0.192900
vt 0.825600 0.064300
vt 0.825600 0.141900
vt 0.990500 0.064300
vt 0.990500 0.141900
vt 0.853500 0.235900
vt 0.970700 0.235900
vt 0.970700 0.235900
vt 0.990000 0.192900
vt 0.853500 0.235900
vt 0.834000 0.192900
vt 0.825700 0.064300
vt 0.825700 0.141900
vt 0.990500 0.064300
vt 0.990500 0.141900
vt 0.970600 0.149600
vt 0.853300 0.149600
vt 0.970700 0.235900
vt 0.990000 0.192900
vt 0.853500 0.235900
vt 0.834000 0.192900
vt 0.825700 0.064300
vt 0.825700 0.141900
vt 0.990500 0.064300
vt 0.990500 0.141900
vt 0.970600 0.149600
vt 0.853300 0.149600
vt 0.970700 0.235900
vt 0.990000 0.192900
vt 0.853500 0.235900
vt 0.834000 0.192900
vt 0.825700 0.064300
vt 0.825700 0.141900
vt 0.990500 0.064300
vt 0.990500 0.141900
vt 0.970600 0.149600
vt 0.853300 0.149600
vt 0.994500 0.416600
vt 0.919600 0.416600
vt 0.994500 0.502500
vt 0.919600 0.502500
vt 0.876100 0.928800
vt 0.876100 0.995100
vt 0.994800 0.928800
vt 0.994800 0.995100
vt 0.876100 0.928800
vt 0.876100 0.995100
vt 0.994800 0.928800
vt 0.994800 0.995100
vt 0.009900 0.703500
vt 0.146400 0.713900
vt 0.009900 0.608200
vt 0.146400 0.593900
vt 0.009900 0.703500
vt 0.146400 0.713900
vt 0.009900 0.608200
vt 0.146400 0.593900
vt 0.994500 0.416600
vt 0.919600 0.416600
vt 0.994500 0.502500
vt 0.919600 0.502500
vt 0.876100 0.928800
vt 0.876100 0.995100
vt 0.994800 0.928800
vt 0.994800 0.995100
vt 0.876100 0.928800
vt 0.876100 0.995100
vt 0.994800 0.928800
vt 0.994800 0.995100
vt 0.009900 0.703500
vt 0.146400 0.713900
vt 0.009900 0.608200
vt 0.146400 0.593900
vt 0.009900 0.703500
vt 0.146400 0.713900
vt 0.009900 0.608200
vt 0.146400 0.593900
vt 0.994500 0.416600
vt 0.919600 0.416600
vt 0.994500 0.502500
vt 0.919600 0.502500
vt 0.876100 0.928800
vt 0.876100 0.995100
vt 0.994800 0.928800
vt 0.994800 0.995100
vt 0.876100 0.928800
vt 0.876100 0.995100
vt 0.994800 0.928800
vt 0.994800 0.995100
vt 0.009900 0.703500
vt 0.146400 0.713900
vt 0.009900 0.608200
vt 0.146400 0.593900
vt 0.009900 0.703500
vt 0.146400 0.713900
vt 0.009900 0.608200
vt 0.146400 0.593900
vt 0.994500 0.416600
vt 0.919600 0.416600
vt 0.994500 0.502500
vt 0.919600 0.502500
vt 0.876100 0.928800
vt 0.876100 0.995100
vt 0.994800 0.928800
vt 0.994800 0.995100
vt 0.876100 0.928800
vt 0.876100 0.995100
vt 0.994800 0.928800
vt 0.994800 0.995100
vt 0.009900 0.703500
vt 0.146400 0.713900
vt 0.009900 0.608200
vt 0.146400 0.593900
vt 0.009900 0.703500
vt 0.146400 0.713900
vt 0.009900 0.608200
vt 0.146400 0.593900
vt 0.994500 0.416600
vt 0.919600 0.416600
vt 0.994500 0.502500
vt 0.919600 0.502500
vt 0.876100 0.928800
vt 0.876100 0.995100
vt 0.994800 0.928800
vt 0.994800 0.995100
vt 0.876100 0.928800
vt 0.876100 0.995100
vt 0.994800 0.928800
vt 0.994800 0.995100
vt 0.009900 0.703500
vt 0.146400 0.713900
vt 0.009900 0.608200
vt 0.146400 0.593900
vt 0.009900 0.703500
vt 0.146400 0.713900
vt 0.009900 0.608200
vt 0.146400 0.593900
vt 0.588200 0.896100
vt 0.612100 0.820300
vt 0.623600 0.905800
vt 0.662100 0.863900
vt 0.677100 0.809400
vt 0.794900 0.822000
vt 0.853700 0.811000
vt 0.822500 0.855700
vt 0.842100 0.873900
vt 0.891600 0.877200
vt 0.630000 0.992300
vt 0.668700 0.930600
vt 0.701700 0.892600
vt 0.737300 0.862400
vt 0.796400 0.915600
vt 0.843600 0.971400
vt 0.737200 0.962000
vt 0.287300 0.059700
vt 0.287300 0.005700
vt 0.005900 0.059700
vt 0.005900 0.005700
vt 0.287300 0.005700
vt 0.005900 0.005700
vt 0.287300 0.059700
vt 0.005900 0.059700
vt 0.005900 0.005700
vt 0.005900 0.059700
vt 0.287300 0.005700
vt 0.287300 0.059700
vt 0.005900 0.005700
vt 0.287300 0.005700
vt 0.005900 0.059700
vt 0.287300 0.059700
vt 0.005900 0.005700
vt 0.005900 0.059700
vt 0.287300 0.005700
vt 0.287300 0.059700
vt 0.008100 0.194500
vt 0.008100 0.135800
vt 0.240700 0.194500
vt 0.240700 0.135800
vt 0.240700 0.135800
vt 0.008100 0.135800
vt 0.240700 0.194500
vt 0.008100 0.194500
vt 0.240700 0.194500
vt 0.008100 0.194500
vt 0.240700 0.135800
vt 0.008100 0.135800
vt 0.240700 0.194500
vt 0.008100 0.194500
vt 0.240700 0.135800
vt 0.008100 0.135800
vt 0.008100 0.135800
vt 0.240700 0.135800
vt 0.008100 0.194500
vt 0.240700 0.194500
vt 0.240700 0.135800
vt 0.008100 0.135800
vt 0.240700 0.194500
vt 0.008100 0.194500
vt 0.297200 0.802300
vt 0.154100 0.811100
vt 0.297200 0.994300
vt 0.154100 0.988100
vt 0.006400 0.803800
vt 0.006400 0.994700
vt 0.154100 0.811100
vt 0.154100 0.988100
vt 0.377500 0.729800
vt 0.321500 0.644400
vt 0.461900 0.722300
vt 0.403800 0.581700
vt 0.314000 0.869200
vt 0.553700 0.869200
vt 0.314000 0.994100
vt 0.553700 0.994100
vt 0.228100 0.660400
vt 0.280300 0.788800
vt 0.311200 0.645000
vt 0.364800 0.726900
vt 0.006400 0.803700
vt 0.006400 0.994700
vt 0.297200 0.994300
vt 0.297200 0.802300
vt 0.442000 0.862100
vt 0.345100 0.822100
vt 0.250200 0.507100
vt 0.345200 0.548400
vt 0.553700 0.994100
vt 0.314000 0.994100
vt 0.553700 0.869200
vt 0.314000 0.869200
vt 0.240700 0.135800
vt 0.008100 0.135800
vt 0.240700 0.194500
vt 0.008100 0.194500
vt 0.006400 0.994700
vt 0.154100 0.988100
vt 0.006400 0.803800
vt 0.154100 0.811100
vt 0.006400 0.994700
vt 0.006400 0.803800
vt 0.154100 0.988100
vt 0.154100 0.811100
vt 0.311200 0.645000
vt 0.364800 0.726900
vt 0.228100 0.660400
vt 0.280300 0.788800
vt 0.553700 0.869200
vt 0.314000 0.869200
vt 0.553700 0.994100
vt 0.314000 0.994100
vt 0.461900 0.722300
vt 0.442000 0.862100
vt 0.377500 0.729800
vt 0.345100 0.822100
vt 0.297200 0.994300
vt 0.297200 0.802300
vt 0.297200 0.802300
vt 0.297200 0.994300
vt 0.250200 0.507100
vt 0.345200 0.548400
vt 0.403800 0.581700
vt 0.321500 0.644400
vt 0.314000 0.869200
vt 0.553700 0.869200
vt 0.314000 0.994100
vt 0.553700 0.994100
vt 0.297200 0.802300
vt 0.154100 0.811100
vt 0.297200 0.994300
vt 0.154100 0.988100
vt 0.006400 0.803800
vt 0.006400 0.994700
vt 0.154100 0.811100
vt 0.154100 0.988100
vt 0.377500 0.729800
vt 0.321500 0.644400
vt 0.461900 0.722300
vt 0.403800 0.581700
vt 0.314000 0.869200
vt 0.553700 0.869200
vt 0.314000 0.994100
vt 0.553700 0.994100
vt 0.228100 0.660400
vt 0.280300 0.788800
vt 0.311200 0.645000
vt 0.364800 0.726900
vt 0.006400 0.803800
vt 0.006400 0.994700
vt 0.297200 0.994300
vt 0.297200 0.802300
vt 0.442000 0.862100
vt 0.345100 0.822100
vt 0.250200 0.507100
vt 0.345200 0.548400
vt 0.553700 0.994100
vt 0.314000 0.994100
vt 0.553700 0.869200
vt 0.314000 0.869200
vt 0.240700 0.135800
vt 0.008100 0.135800
vt 0.240700 0.194500
vt 0.008100 0.194500
vt 0.240700 0.194500
vt 0.008100 0.194500
vt 0.240700 0.135800
vt 0.008100 0.135800
vt 0.314000 0.869200
vt 0.314000 0.994100
vt 0.553700 0.869200
vt 0.553700 0.994100
vt 0.553700 0.994100
vt 0.553700 0.869200
vt 0.314000 0.994100
vt 0.314000 0.869200
vt 0.311000 0.220600
vt 0.311000 0.131800
vt 0.408400 0.220600
vt 0.408400 0.131800
vt 0.213000 0.423000
vt 0.213000 0.206800
vt 0.082600 0.423000
vt 0.082600 0.206800
vt 0.301600 0.205100
vt 0.220200 0.205100
vt 0.301600 0.297300
vt 0.220200 0.297300
vt 0.207600 0.450300
vt 0.349200 0.416100
vt 0.234400 0.495700
vt 0.360500 0.469300
vt 0.995000 0.004900
vt 0.874500 0.004900
vt 0.995000 0.058600
vt 0.874500 0.058600
vt 0.176900 0.596900
vt 0.214800 0.613200
vt 0.753500 0.058600
vt 0.753500 0.004900
vt 0.139900 0.787900
vt 0.246000 0.794800
vt 0.139900 0.722600
vt 0.246000 0.722600
vt 0.349200 0.416100
vt 0.207600 0.450300
vt 0.360500 0.469300
vt 0.234400 0.495700
vt 0.214800 0.613200
vt 0.176900 0.596900
vt 0.006700 0.722000
vt 0.006700 0.795200
vt 0.147900 0.461800
vt 0.147900 0.540400
vt 0.168700 0.431700
vt 0.168700 0.579900
vt 0.078800 0.579900
vt 0.091100 0.540400
vt 0.091100 0.461800
vt 0.078800 0.431700
vt 0.005900 0.005700
vt 0.005900 0.059700
vt 0.747100 0.005700
vt 0.747100 0.059700
vt 0.005900 0.005700
vt 0.287300 0.005700
vt 0.005900 0.059700
vt 0.287300 0.059700
vt 0.005900 0.059700
vt 0.243400 0.059700
vt 0.005900 0.005700
vt 0.243400 0.005700
vt 0.287300 0.059700
vt 0.287300 0.005700
vt 0.005900 0.059700
vt 0.005900 0.005700
vt 0.199600 0.005700
vt 0.199600 0.059700
vt 0.005900 0.005700
vt 0.005900 0.059700
vt 0.287300 0.005700
vt 0.005900 0.005700
vt 0.287300 0.059700
vt 0.005900 0.059700
vt 0.005900 0.005700
vt 0.005900 0.059700
vt 0.287300 0.005700
vt 0.287300 0.059700
vt 0.287300 0.059700
vt 0.005900 0.059700
vt 0.287300 0.005700
vt 0.005900 0.005700
vt 0.287300 0.059700
vt 0.005900 0.059700
vt 0.287300 0.005700
vt 0.005900 0.005700
vt 0.005900 0.005700
vt 0.005900 0.059700
vt 0.287300 0.005700
vt 0.287300 0.059700
vt 0.232400 0.005700
vt 0.005900 0.005700
vt 0.232400 0.059700
vt 0.005900 0.059700
vt 0.298900 0.005700
vt 0.005900 0.005700
vt 0.298900 0.059700
vt 0.005900 0.059700
vt 0.007200 0.123700
vt 0.814800 0.123700
vt 0.007200 0.064500
vt 0.814800 0.064500
vt 0.005900 0.059700
vt 0.005900 0.005700
vt 0.287300 0.059700
vt 0.287300 0.005700
vt 0.005900 0.059700
vt 0.005900 0.005700
vt 0.007200 0.123700
vt 0.007200 0.064500
vt 0.240700 0.135800
vt 0.008100 0.135800
vt 0.240700 0.194500
vt 0.008100 0.194500
vt 0.240700 0.194500
vt 0.008100 0.194500
vt 0.240700 0.135800
vt 0.008100 0.135800
vt 0.008100 0.194500
vt 0.008100 0.135800
vt 0.240700 0.194500
vt 0.240700 0.135800
vt 0.240700 0.194500
vt 0.008100 0.194500
vt 0.240700 0.135800
vt 0.008100 0.135800
vt 0.008100 0.135800
vt 0.240700 0.135800
vt 0.008100 0.194500
vt 0.240700 0.194500
vt 0.207600 0.064500
vt 0.207600 0.123700
vt 0.007200 0.064500
vt 0.007200 0.123700
vt 0.298900 0.059700
vt 0.005900 0.059700
vt 0.298900 0.005700
vt 0.005900 0.005700
vt 0.297200 0.802300
vt 0.154100 0.811100
vt 0.297200 0.994300
vt 0.154100 0.988100
vt 0.006400 0.803800
vt 0.006400 0.994700
vt 0.154100 0.811100
vt 0.154100 0.988100
vt 0.377500 0.729800
vt 0.345100 0.822100
vt 0.461900 0.722300
vt 0.442000 0.862100
vt 0.314000 0.869200
vt 0.553700 0.869200
vt 0.314000 0.994100
vt 0.553700 0.994100
vt 0.228100 0.660400
vt 0.280300 0.788800
vt 0.311200 0.645000
vt 0.364800 0.726900
vt 0.006400 0.803800
vt 0.006400 0.994700
vt 0.297200 0.994300
vt 0.297200 0.802300
vt 0.403800 0.581700
vt 0.321500 0.644400
vt 0.250200 0.507100
vt 0.345200 0.548400
vt 0.553700 0.869200
vt 0.314000 0.869200
vt 0.553700 0.994100
vt 0.314000 0.994100
vt 0.553700 0.869200
vt 0.553700 0.994100
vt 0.314000 0.869200
vt 0.314000 0.994100
vt 0.314000 0.869200
vt 0.314000 0.994100
vt 0.553700 0.869200
vt 0.553700 0.994100
vt 0.311000 0.220600
vt 0.311000 0.131800
vt 0.408400 0.220600
vt 0.408400 0.131800
vt 0.213000 0.423000
vt 0.213000 0.206800
vt 0.082600 0.423000
vt 0.082600 0.206800
vt 0.301600 0.205100
vt 0.220200 0.205100
vt 0.301600 0.297300
vt 0.220200 0.297300
vt 0.207600 0.450300
vt 0.349200 0.416100
vt 0.234400 0.495700
vt 0.360500 0.469300
vt 0.995000 0.004900
vt 0.874500 0.004900
vt 0.995000 0.058600
vt 0.874500 0.058600
vt 0.176900 0.596900
vt 0.214800 0.613200
vt 0.753500 0.058600
vt 0.753500 0.004900
vt 0.139900 0.787900
vt 0.246000 0.794800
vt 0.139900 0.722600
vt 0.246000 0.722600
vt 0.349200 0.416100
vt 0.207600 0.450300
vt 0.360500 0.469300
vt 0.234400 0.495700
vt 0.214800 0.613200
vt 0.176900 0.596900
vt 0.006700 0.722000
vt 0.006700 0.795200
vt 0.147900 0.461800
vt 0.147900 0.540400
vt 0.168700 0.431700
vt 0.168700 0.579900
vt 0.078800 0.579900
vt 0.091100 0.540400
vt 0.091100 0.461800
vt 0.078800 0.431700
vt 0.022900 0.590600
vt 0.060800 0.590600
vt 0.022900 0.425700
vt 0.060800 0.425700
vt 0.022900 0.590600
vt 0.060800 0.590600
vt 0.022900 0.425700
vt 0.060800 0.425700
vt 0.022900 0.425700
vt 0.022900 0.590600
vt 0.060800 0.425700
vt 0.060800 0.590600
vt 0.007700 0.206300
vt 0.007700 0.370900
vt 0.075800 0.206300
vt 0.075800 0.370900
vt 0.060800 0.370900
vt 0.075800 0.370900
vt 0.060800 0.206300
vt 0.075800 0.206300
vt 0.007700 0.206300
vt 0.007700 0.370900
vt 0.022900 0.206300
vt 0.022900 0.370900
vt 0.022900 0.425700
vt 0.022900 0.590600
vt 0.060800 0.425700
vt 0.060800 0.590600
vt 0.007700 0.370900
vt 0.075800 0.370900
vt 0.007700 0.206300
vt 0.075800 0.206300
vt 0.008100 0.135800
vt 0.008100 0.194500
vt 0.240700 0.135800
vt 0.240700 0.194500
vt 0.352100 0.513100
vt 0.409400 0.563000
vt 0.415100 0.498600
vt 0.381800 0.443100
vt 0.457500 0.449700
vt 0.474600 0.523800
vt 0.469300 0.835200
vt 0.571400 0.818300
vt 0.525800 0.864000
vt 0.479200 0.772600
vt 0.541700 0.762400
vt 0.240700 0.135800
vt 0.240700 0.194500
vt 0.008100 0.135800
vt 0.008100 0.194500
vt 0.240700 0.135800
vt 0.240700 0.194500
vt 0.008100 0.135800
vt 0.008100 0.194500
vt 0.286700 0.059700
vt 0.286700 0.005700
vt 0.005900 0.059700
vt 0.005900 0.005700
vt 0.286700 0.005700
vt 0.005900 0.005700
vt 0.286700 0.059700
vt 0.005900 0.059700
vt 0.005900 0.005700
vt 0.005900 0.059700
vt 0.286700 0.005700
vt 0.286700 0.059700
vt 0.005900 0.005700
vt 0.286700 0.005700
vt 0.005900 0.059700
vt 0.286700 0.059700
vt 0.008100 0.194500
vt 0.240700 0.194500
vt 0.008100 0.135800
vt 0.240700 0.135800
vt 0.240700 0.135800
vt 0.240700 0.194500
vt 0.001500 0.135800
vt 0.001500 0.194500
vt 0.001500 0.135800
vt 0.001500 0.194500
vt 0.240700 0.135800
vt 0.240700 0.194500
vt 0.734800 0.230700
vt 0.660000 0.175700
vt 0.713800 0.342500
vt 0.646600 0.433600
vt 0.582700 0.392800
vt 0.562100 0.329800
vt 0.557900 0.235200
vt 0.529100 0.146200
vt 0.789100 0.152600
vt 0.787700 0.386300
vt 0.806000 0.292800
vt 0.754300 0.474900
vt 0.533400 0.470700
vt 0.479400 0.390200
vt 0.479900 0.274400
vt 0.458800 0.186800
vt 0.827800 0.228300
vt 0.906800 0.346400
vt 0.900100 0.413700
vt 0.377400 0.400300
vt 0.383600 0.338300
vt 0.356700 0.275000
vt 0.973500 0.393300
vt 0.308500 0.365100
vt 0.935800 0.295800
f 1/1/1 3/3/3 2/2/2
f 4/4/4 5/5/5 3/3/3
f 5/5/5 6/6/6 3/3/3
f 6/6/6 7/7/7 3/3/3
f 7/7/7 8/8/8 3/3/3
f 9/9/9 11/11/11 10/10/10
f 12/12/12 5/5/5 13/13/13
f 5/5/5 4/4/4 13/13/13
f 12/12/12 14/14/14 5/5/5
f 15/15/15 6/6/6 14/14/14
f 6/6/6 5/5/5 14/14/14
f 15/15/15 16/16/16 6/6/6
f 16/16/16 7/7/7 6/6/6
f 7/7/7 16/16/16 17/17/17
f 18/18/18 17/17/17 19/19/19
f 20/20/20 21/21/21 2/2/2
f 21/21/21 9/9/9 2/2/2
f 11/11/11 23/23/23 22/22/22
f 13/13/13 24/24/24 12/12/12
f 12/12/12 25/25/25 14/14/14
f 25/25/25 26/26/26 15/15/15
f 15/15/15 26/26/26 16/16/16
f 16/16/16 27/27/27 17/17/17
f 28/28/28 30/30/30 29/29/29
f 29/29/29 30/30/30 21/21/21
f 21/21/21 30/30/30 23/23/23
f 22/22/22 23/23/23 31/31/31
f 25/25/25 24/24/24 32/32/32
f 26/26/26 25/25/25 32/32/32
f 27/27/27 26/26/26 32/32/32
f 30/30/30 33/33/33 31/31/31
f 23/23/23 30/30/30 31/31/31
f 29/29/29 21/21/21 20/20/20
f 20/20/20 34/34/34 29/29/29
f 2/2/2 9/9/9 1/1/1
f 24/24/24 25/25/25 12/12/12
f 14/14/14 25/25/25 15/15/15
f 33/33/33 30/30/30 28/28/28
f 9/9/9 21/21/21 23/23/23
f 26/26/26 27/27/27 16/16/16
f 18/18/18 7/7/7 17/17/17
f 8/8/8 2/2/2 3/3/3
f 18/18/18 2/2/2 8/8/8
f 18/18/18 8/8/8 7/7/7
f 10/10/10 1/1/1 9/9/9
f 10/10/10 3/3/3 1/1/1
f 9/9/9 23/23/23 11/11/11
f 20/20/20 2/2/2 18/18/18
f 35/35/35 37/37/37 36/36/36
f 37/37/37 38/38/38 36/36/36
f 39/39/39 41/41/41 40/40/40
f 41/41/41 42/42/42 40/40/40
f 43/43/43 45/45/45 44/44/44
f 45/45/45 46/46/46 44/44/44
f 47/47/47 49/49/49 48/48/48
f 49/49/49 50/50/50 48/48/48
f 51/51/51 53/53/53 52/52/52
f 53/53/53 54/54/54 52/52/52
f 55/55/55 57/57/57 56/56/56
f 57/57/57 58/58/58 56/56/56
f 59/59/59 61/61/61 60/60/60
f 61/61/61 62/62/62 60/60/60
f 63/63/63 65/65/65 64/64/64
f 65/65/65 66/66/66 64/64/64
f 67/67/67 69/69/69 68/68/68
f 69/69/69 70/70/70 68/68/68
f 71/71/71 73/73/73 72/72/72
f 73/73/73 74/74/74 72/72/72
f 75/75/75 77/77/77 76/76/76
f 77/77/77 78/78/78 76/76/76
f 79/79/79 81/81/81 80/80/80
f 81/81/81 82/82/82 80/80/80
f 83/83/83 85/85/85 84/84/84
f 85/85/85 86/86/86 84/84/84
f 87/87/87 89/89/89 88/88/88
f 89/89/89 90/90/90 88/88/88
f 91/91/91 93/93/93 92/92/92
f 93/93/93 94/94/94 92/92/92
f 95/95/95 97/97/97 96/96/96
f 97/97/97 98/98/98 96/96/96
f 99/99/99 101/101/101 100/100/100
f 101/101/101 102/102/102 100/100/100
f 103/103/103 105/105/105 104/104/104
f 105/105/105 106/106/106 104/104/104
f 107/107/107 109/109/109 108/108/108
f 109/109/109 110/110/110 108/108/108
f 111/111/111 113/113/113 112/112/112
f 113/113/113 114/114/114 112/112/112
f 115/115/115 117/117/117 116/116/116
f 117/117/117 118/118/118 116/116/116
f 119/119/119 121/121/121 120/120/120
f 121/121/121 122/122/122 120/120/120
f 123/123/123 125/125/125 124/124/124
f 125/125/125 126/126/126 124/124/124
f 127/127/127 129/129/129 128/128/128
f 129/129/129 130/130/130 128/128/128
f 131/131/131 133/133/133 132/132/132
f 133/133/133 134/134/134 132/132/132
f 135/135/135 137/137/137 136/136/136
f 137/137/137 138/138/138 136/136/136
f 139/139/139 141/141/141 140/140/140
f 141/141/141 142/142/142 140/140/140
f 143/143/143 145/145/145 144/144/144
f 145/145/145 146/146/146 144/144/144
f 147/147/147 149/149/149 148/148/148
f 149/149/149 150/150/150 148/148/148
f 151/151/151 153/153/153 152/152/152
f 153/153/153 154/154/154 152/152/152
f 155/155/155 157/157/157 156/156/156
f 157/157/157 158/158/158 156/156/156
f 159/159/159 161/161/161 160/160/160
f 162/162/162 161/161/161 159/159/159
f 163/163/163 161/161/161 162/162/162
f 164/164/164 161/161/161 163/163/163
f 160/160/160 161/161/161 164/164/164
f 165/165/165 167/167/167 166/166/166
f 168/168/168 165/165/165 169/169/169
f 165/165/165 166/166/166 169/169/169
f 170/170/170 172/172/172 171/171/171
f 172/172/172 173/173/173 171/171/171
f 174/174/174 176/176/176 175/175/175
f 176/176/176 177/177/177 175/175/175
f 178/178/178 180/180/180 179/179/179
f 180/180/180 181/181/181 179/179/179
f 182/182/182 184/184/184 183/183/183
f 184/184/184 185/185/185 183/183/183
f 186/186/186 188/188/188 187/187/187
f 188/188/188 189/189/189 187/187/187
f 190/190/190 192/192/192 191/191/191
f 192/192/192 193/193/193 191/191/191
f 194/194/194 196/196/196 195/195/195
f 196/196/196 197/197/197 195/195/195
f 198/198/198 200/200/200 199/199/199
f 200/200/200 201/201/201 199/199/199
f 202/202/202 204/204/204 203/203/203
f 204/204/204 205/205/205 203/203/203
f 206/206/206 208/208/208 207/207/207
f 208/208/208 209/209/209 207/207/207
f 210/210/210 212/212/212 211/211/211
f 212/212/212 213/213/213 211/211/211
f 214/214/214 216/216/216 215/215/215
f 216/216/216 217/217/217 215/215/215
f 218/218/218 220/220/220 219/219/219
f 220/220/220 221/221/221 219/219/219
f 222/222/222 224/224/224 223/223/223
f 224/224/224 225/225/225 223/223/223
f 226/226/226 228/228/228 227/227/227
f 228/228/228 229/229/229 227/227/227
f 230/230/230 232/232/232 231/231/231
f 233/233/233 234/234/234 232/232/232
f 234/234/234 235/235/235 232/232/232
f 235/235/235 236/236/236 232/232/232
f 236/236/236 237/237/237 232/232/232
f 238/238/238 240/240/240 239/239/239
f 241/241/241 234/234/234 242/242/242
f 234/234/234 233/233/233 242/242/242
f 241/241/241 243/243/243 234/234/234
f 244/244/244 235/235/235 243/243/243
f 235/235/235 234/234/234 243/243/243
f 244/244/244 245/245/245 235/235/235
f 245/245/245 236/236/236 235/235/235
f 236/236/236 245/245/245 246/246/246
f 247/247/247 246/246/246 248/248/248
f 249/249/249 250/250/250 231/231/231
f 250/250/250 238/238/238 231/231/231
f 240/240/240 252/252/252 251/251/251
f 242/242/242 253/253/253 241/241/241
f 241/241/241 254/254/254 243/243/243
f 254/254/254 255/255/255 244/244/244
f 244/244/244 255/255/255 245/245/245
f 245/245/245 256/256/256 246/246/246
f 257/257/257 259/259/259 258/258/258
f 258/258/258 259/259/259 250/250/250
f 250/250/250 259/259/259 252/252/252
f 251/251/251 252/252/252 260/260/260
f 254/254/254 253/253/253 261/261/261
f 255/255/255 254/254/254 261/261/261
f 256/256/256 255/255/255 261/261/261
f 259/259/259 262/262/262 260/260/260
f 252/252/252 259/259/259 260/260/260
f 258/258/258 250/250/250 249/249/249
f 249/249/249 263/263/263 258/258/258
f 231/231/231 238/238/238 230/230/230
f 253/253/253 254/254/254 241/241/241
f 243/243/243 254/254/254 244/244/244
f 262/262/262 259/259/259 257/257/257
f 238/238/238 250/250/250 252/252/252
f 255/255/255 256/256/256 245/245/245
f 247/247/247 236/236/236 246/246/246
f 237/237/237 231/231/231 232/232/232
f 247/247/247 231/231/231 237/237/237
f 247/247/247 237/237/237 236/236/236
f 239/239/239 230/230/230 238/238/238
f 239/239/239 232/232/232 230/230/230
f 238/238/238 252/252/252 240/240/240
f 249/249/249 231/231/231 247/247/247
f 264/264/264 266/266/266 265/265/265
f 267/267/267 266/266/266 264/264/264
f 268/268/268 266/266/266 267/267/267
f 269/269/269 266/266/266 268/268/268
f 265/265/265 266/266/266 269/269/269
f 270/270/270 272/272/272 271/271/271
f 273/273/273 270/270/270 274/274/274
f 270/270/270 271/271/271 274/274/274
f 275/275/275 277/277/277 276/276/276
f 277/277/277 278/278/278 276/276/276
f 279/279/279 281/281/281 280/280/280
f 281/281/281 282/282/282 280/280/280
f 283/283/283 285/285/285 284/284/284
f 285/285/285 286/286/286 284/284/284
f 287/287/287 289/289/289 288/288/288
f 289/289/289 290/290/290 288/288/288
f 291/291/291 293/293/293 292/292/292
f 293/293/293 294/294/294 292/292/292
f 295/295/295 297/297/297 296/296/296
f 297/297/297 298/298/298 296/296/296
f 299/299/299 301/301/301 300/300/300
f 301/301/301 302/302/302 300/300/300
f 303/303/303 305/305/305 304/304/304
f 305/305/305 306/306/306 304/304/304
f 307/307/307 309/309/309 308/308/308
f 309/309/309 310/310/310 308/308/308
f 311/311/311 313/313/313 312/312/312
f 313/313/313 314/314/314 312/312/312
f 315/315/315 317/317/317 316/316/316
f 317/317/317 318/318/318 316/316/316
f 319/319/319 321/321/321 320/320/320
f 321/321/321 322/322/322 320/320/320
f 323/323/323 325/325/325 324/324/324
f 325/325/325 326/326/326 324/324/324
f 327/327/327 329/329/329 328/328/328
f 329/329/329 330/330/330 328/328/328
f 331/331/331 333/333/333 332/332/332
f 333/333/333 334/334/334 332/332/332
f 335/335/335 337/337/337 336/336/336
f 337/337/337 338/338/338 336/336/336
f 339/339/339 341/341/341 340/340/340
f 341/341/341 342/342/342 340/340/340
f 343/343/343 345/345/345 344/344/344
f 345/345/345 346/346/346 344/344/344
f 347/347/347 349/349/349 348/348/348
f 349/349/349 350/350/350 348/348/348
f 351/351/351 353/353/353 352/352/352
f 353/353/353 354/354/354 352/352/352
f 355/355/355 357/357/357 356/356/356
f 357/357/357 358/358/358 356/356/356
f 359/359/359 361/361/361 360/360/360
f 361/361/361 362/362/362 360/360/360
f 355/355/355 363/363/363 357/357/357
f 363/363/363 364/364/364 357/357/357
f 362/362/362 365/365/365 360/360/360
f 365/365/365 366/366/366 360/360/360
f 367/367/367 369/369/369 368/368/368
f 369/369/369 370/370/370 368/368/368
f 371/371/371 373/373/373 372/372/372
f 373/373/373 374/374/374 372/372/372
f 375/375/375 376/376/376 374/374/374
f 376/376/376 372/372/372 374/374/374
f 369/369/369 367/367/367 377/377/377
f 367/367/367 378/378/378 377/377/377
f 379/379/379 381/381/381 380/380/380
f 381/381/381 382/382/382 380/380/380
f 382/382/382 383/383/383 380/380/380
f 383/383/383 384/384/384 380/380/380
f 385/385/385 386/386/386 379/379/379
f 386/386/386 381/381/381 379/379/379
f 383/383/383 386/386/386 384/384/384
f 386/386/386 385/385/385 384/384/384
f 387/387/387 389/389/389 388/388/388
f 389/389/389 390/390/390 388/388/388
f 391/391/391 393/393/393 392/392/392
f 393/393/393 394/394/394 392/392/392
f 395/395/395 397/397/397 396/396/396
f 397/397/397 398/398/398 396/396/396
f 399/399/399 401/401/401 400/400/400
f 401/401/401 402/402/402 400/400/400
f 403/403/403 405/405/405 404/404/404
f 405/405/405 406/406/406 404/404/404
f 407/407/407 409/409/409 408/408/408
f 409/409/409 410/410/410 408/408/408
f 411/411/411 413/413/413 412/412/412
f 413/413/413 414/414/414 412/412/412
f 415/415/415 417/417/417 416/416/416
f 417/417/417 418/418/418 416/416/416
f 411/411/411 419/419/419 413/413/413
f 419/419/419 420/420/420 413/413/413
f 418/418/418 421/421/421 416/416/416
f 421/421/421 422/422/422 416/416/416
f 423/423/423 425/425/425 424/424/424
f 425/425/425 426/426/426 424/424/424
f 427/427/427 429/429/429 428/428/428
f 429/429/429 430/430/430 428/428/428
f 431/431/431 432/432/432 430/430/430
f 432/432/432 428/428/428 430/430/430
f 425/425/425 423/423/423 433/433/433
f 423/423/423 434/434/434 433/433/433
f 435/435/435 437/437/437 436/436/436
f 437/437/437 438/438/438 436/436/436
f 438/438/438 439/439/439 436/436/436
f 439/439/439 440/440/440 436/436/436
f 441/441/441 442/442/442 435/435/435
f 442/442/442 437/437/437 435/435/435
f 439/439/439 442/442/442 440/440/440
f 442/442/442 441/441/441 440/440/440
f 443/443/443 445/445/445 444/444/444
f 445/445/445 446/446/446 444/444/444
f 447/447/447 449/449/449 448/448/448
f 449/449/449 450/450/450 448/448/448
f 451/451/451 453/453/453 452/452/452
f 453/453/453 454/454/454 452/452/452
f 455/455/455 457/457/457 456/456/456
f 457/457/457 458/458/458 456/456/456
f 459/459/459 461/461/461 460/460/460
f 461/461/461 462/462/462 460/460/460
f 463/463/463 465/465/465 464/464/464
f 465/465/465 466/466/466 464/464/464
f 467/467/467 469/469/469 468/468/468
f 469/469/469 470/470/470 468/468/468
f 471/471/471 473/473/473 472/472/472
f 473/473/473 474/474/474 472/472/472
f 475/475/475 477/477/477 476/476/476
f 477/477/477 478/478/478 476/476/476
f 479/479/479 481/481/481 480/480/480
f 481/481/481 482/482/482 480/480/480
f 483/483/483 485/485/485 484/484/484
f 485/485/485 486/486/486 484/484/484
f 487/487/487 489/489/489 488/488/488
f 489/489/489 490/490/490 488/488/488
f 491/491/491 493/493/493 492/492/492
f 493/493/493 494/494/494 492/492/492
f 495/495/495 497/497/497 496/496/496
f 497/497/497 498/498/498 496/496/496
f 499/499/499 501/501/501 500/500/500
f 501/501/501 502/502/502 500/500/500
f 503/503/503 505/505/505 504/504/504
f 505/505/505 506/506/506 504/504/504
f 507/507/507 509/509/509 508/508/508
f 509/509/509 510/510/510 508/508/508
f 511/511/511 513/513/513 512/512/512
f 513/513/513 514/514/514 512/512/512
f 515/515/515 517/517/517 516/516/516
f 517/517/517 518/518/518 516/516/516
f 519/519/519 521/521/521 520/520/520
f 521/521/521 522/522/522 520/520/520
f 523/523/523 525/525/525 524/524/524
f 525/525/525 526/526/526 524/524/524
f 527/527/527 529/529/529 528/528/528
f 529/529/529 530/530/530 528/528/528
f 531/531/531 533/533/533 532/532/532
f 533/533/533 534/534/534 532/532/532
f 535/535/535 537/537/537 536/536/536
f 537/537/537 538/538/538 536/536/536
f 539/539/539 541/541/541 540/540/540
f 541/541/541 542/542/542 540/540/540
f 543/543/543 545/545/545 544/544/544
f 545/545/545 546/546/546 544/544/544
f 547/547/547 549/549/549 548/548/548
f 549/549/549 550/550/550 548/548/548
f 551/551/551 553/553/553 552/552/552
f 553/553/553 554/554/554 552/552/552
f 555/555/555 557/557/557 556/556/556
f 557/557/557 558/558/558 556/556/556
f 552/552/552 554/554/554 559/559/559
f 554/554/554 560/560/560 559/559/559
f 561/561/561 563/563/563 562/562/562
f 563/563/563 564/564/564 562/562/562
f 565/565/565 567/567/567 566/566/566
f 567/567/567 568/568/568 566/566/566
f 562/562/562 564/564/564 569/569/569
f 564/564/564 570/570/570 569/569/569
f 571/571/571 573/573/573 572/572/572
f 573/573/573 574/574/574 572/572/572
f 575/575/575 577/577/577 576/576/576
f 577/577/577 578/578/578 576/576/576
f 572/572/572 574/574/574 579/579/579
f 574/574/574 580/580/580 579/579/579
f 581/581/581 583/583/583 582/582/582
f 583/583/583 584/584/584 582/582/582
f 585/585/585 587/587/587 586/586/586
f 587/587/587 588/588/588 586/586/586
f 582/582/582 584/584/584 589/589/589
f 584/584/584 590/590/590 589/589/589
f 591/591/591 593/593/593 592/592/592
f 593/593/593 594/594/594 592/592/592
f 595/595/595 597/597/597 596/596/596
f 597/597/597 598/598/598 596/596/596
f 592/592/592 594/594/594 599/599/599
f 594/594/594 600/600/600 599/599/599
f 601/601/601 603/603/603 602/602/602
f 603/603/603 604/604/604 602/602/602
f 605/605/605 607/607/607 606/606/606
f 607/607/607 608/608/608 606/606/606
f 602/602/602 604/604/604 609/609/609
f 604/604/604 610/610/610 609/609/609
f 611/611/611 613/613/613 612/612/612
f 613/613/613 614/614/614 612/612/612
f 615/615/615 617/617/617 616/616/616
f 617/617/617 618/618/618 616/616/616
f 619/619/619 621/621/621 620/620/620
f 621/621/621 622/622/622 620/620/620
f 623/623/623 625/625/625 624/624/624
f 625/625/625 626/626/626 624/624/624
f 627/627/627 629/629/629 628/628/628
f 629/629/629 630/630/630 628/628/628
f 631/631/631 633/633/633 632/632/632
f 633/633/633 634/634/634 632/632/632
f 635/635/635 637/637/637 636/636/636
f 637/637/637 638/638/638 636/636/636
f 639/639/639 641/641/641 640/640/640
f 641/641/641 642/642/642 640/640/640
f 636/636/636 638/638/638 643/643/643
f 638/638/638 644/644/644 643/643/643
f 645/645/645 647/647/647 646/646/646
f 647/647/647 648/648/648 646/646/646
f 649/649/649 651/651/651 650/650/650
f 651/651/651 652/652/652 650/650/650
f 646/646/646 648/648/648 653/653/653
f 648/648/648 654/654/654 653/653/653
f 655/655/655 657/657/657 656/656/656
f 657/657/657 658/658/658 656/656/656
f 659/659/659 661/661/661 660/660/660
f 661/661/661 662/662/662 660/660/660
f 656/656/656 658/658/658 663/663/663
f 658/658/658 664/664/664 663/663/663
f 665/665/665 667/667/667 666/666/666
f 667/667/667 668/668/668 666/666/666
f 669/669/669 671/671/671 670/670/670
f 671/671/671 672/672/672 670/670/670
f 666/666/666 668/668/668 673/673/673
f 668/668/668 674/674/674 673/673/673
f 675/675/675 677/677/677 676/676/676
f 677/677/677 678/678/678 676/676/676
f 679/679/679 681/681/681 680/680/680
f 681/681/681 682/682/682 680/680/680
f 676/676/676 678/678/678 683/683/683
f 678/678/678 684/684/684 683/683/683
f 685/685/685 687/687/687 686/686/686
f 687/687/687 688/688/688 686/686/686
f 689/689/689 691/691/691 690/690/690
f 691/691/691 692/692/692 690/690/690
f 686/686/686 688/688/688 693/693/693
f 688/688/688 694/694/694 693/693/693
f 695/695/695 697/697/697 696/696/696
f 697/697/697 698/698/698 696/696/696
f 699/699/699 701/701/701 700/700/700
f 701/701/701 702/702/702 700/700/700
f 703/703/703 705/705/705 704/704/704
f 705/705/705 706/706/706 704/704/704
f 707/707/707 709/709/709 708/708/708
f 709/709/709 710/710/710 708/708/708
f 711/711/711 713/713/713 712/712/712
f 713/713/713 714/714/714 712/712/712
f 715/715/715 717/717/717 716/716/716
f 717/717/717 718/718/718 716/716/716
f 719/719/719 721/721/721 720/720/720
f 721/721/721 722/722/722 720/720/720
f 723/723/723 725/725/725 724/724/724
f 725/725/725 726/726/726 724/724/724
f 727/727/727 729/729/729 728/728/728
f 729/729/729 730/730/730 728/728/728
f 731/731/731 733/733/733 732/732/732
f 733/733/733 734/734/734 732/732/732
f 735/735/735 737/737/737 736/736/736
f 737/737/737 738/738/738 736/736/736
f 739/739/739 741/741/741 740/740/740
f 741/741/741 742/742/742 740/740/740
f 743/743/743 745/745/745 744/744/744
f 745/745/745 746/746/746 744/744/744
f 747/747/747 749/749/749 748/748/748
f 749/749/749 750/750/750 748/748/748
f 751/751/751 753/753/753 752/752/752
f 753/753/753 754/754/754 752/752/752
f 755/755/755 757/757/757 756/756/756
f 757/757/757 758/758/758 756/756/756
f 759/759/759 761/761/761 760/760/760
f 761/761/761 762/762/762 760/760/760
f 763/763/763 765/765/765 764/764/764
f 765/765/765 766/766/766 764/764/764
f 767/767/767 769/769/769 768/768/768
f 769/769/769 770/770/770 768/768/768
f 771/771/771 773/773/773 772/772/772
f 773/773/773 774/774/774 772/772/772
f 775/775/775 777/777/777 776/776/776
f 777/777/777 778/778/778 776/776/776
f 779/779/779 781/781/781 780/780/780
f 781/781/781 782/782/782 780/780/780
f 783/783/783 785/785/785 784/784/784
f 785/785/785 786/786/786 784/784/784
f 787/787/787 789/789/789 788/788/788
f 789/789/789 790/790/790 788/788/788
f 791/791/791 793/793/793 792/792/792
f 793/793/793 794/794/794 792/792/792
f 795/795/795 797/797/797 796/796/796
f 797/797/797 798/798/798 796/796/796
f 798/798/798 799/799/799 796/796/796
f 800/800/800 802/802/802 801/801/801
f 802/802/802 803/803/803 801/801/801
f 803/803/803 804/804/804 801/801/801
f 805/805/805 806/806/806 797/797/797
f 797/797/797 807/807/807 798/798/798
f 807/807/807 808/808/808 798/798/798
f 808/808/808 799/799/799 798/798/798
f 802/802/802 808/808/808 809/809/809
f 802/802/802 809/809/809 803/803/803
f 803/803/803 810/810/810 804/804/804
f 806/806/806 805/805/805 811/811/811
f 807/807/807 806/806/806 811/811/811
f 808/808/808 807/807/807 811/811/811
f 809/809/809 808/808/808 811/811/811
f 810/810/810 809/809/809 811/811/811
f 809/809/809 810/810/810 803/803/803
f 800/800/800 808/808/808 802/802/802
f 795/795/795 805/805/805 797/797/797
f 806/806/806 807/807/807 797/797/797
f 812/812/812 814/814/814 813/813/813
f 814/814/814 815/815/815 813/813/813
f 816/816/816 818/818/818 817/817/817
f 818/818/818 819/819/819 817/817/817
f 820/820/820 822/822/822 821/821/821
f 822/822/822 823/823/823 821/821/821
f 824/824/824 826/826/826 825/825/825
f 826/826/826 827/827/827 825/825/825
f 828/828/828 830/830/830 829/829/829
f 830/830/830 831/831/831 829/829/829
f 832/832/832 834/834/834 833/833/833
f 834/834/834 835/835/835 833/833/833
f 836/836/836 838/838/838 837/837/837
f 838/838/838 839/839/839 837/837/837
f 840/840/840 842/842/842 841/841/841
f 842/842/842 843/843/843 841/841/841
f 844/844/844 846/846/846 845/845/845
f 846/846/846 847/847/847 845/845/845
f 848/848/848 850/850/850 849/849/849
f 850/850/850 851/851/851 849/849/849
f 852/852/852 854/854/854 853/853/853
f 854/854/854 855/855/855 853/853/853
f 856/856/856 858/858/858 857/857/857
f 858/858/858 859/859/859 857/857/857
f 860/860/860 862/862/862 861/861/861
f 862/862/862 863/863/863 861/861/861
f 864/864/864 866/866/866 865/865/865
f 866/866/866 867/867/867 865/865/865
f 868/868/868 870/870/870 869/869/869
f 870/870/870 871/871/871 869/869/869
f 872/872/872 874/874/874 873/873/873
f 874/874/874 875/875/875 873/873/873
f 857/857/857 859/859/859 876/876/876
f 859/859/859 877/877/877 876/876/876
f 863/863/863 862/862/862 878/878/878
f 862/862/862 879/879/879 878/878/878
f 880/880/880 866/866/866 881/881/881
f 866/866/866 864/864/864 881/881/881
f 872/872/872 882/882/882 874/874/874
f 882/882/882 883/883/883 874/874/874
f 884/884/884 886/886/886 885/885/885
f 886/886/886 887/887/887 885/885/885
f 888/888/888 890/890/890 889/889/889
f 890/890/890 891/891/891 889/889/889
f 892/892/892 894/894/894 893/893/893
f 894/894/894 895/895/895 893/893/893
f 896/896/896 898/898/898 897/897/897
f 898/898/898 899/899/899 897/897/897
f 900/900/900 902/902/902 901/901/901
f 902/902/902 903/903/903 901/901/901
f 904/904/904 906/906/906 905/905/905
f 906/906/906 907/907/907 905/905/905
f 908/908/908 910/910/910 909/909/909
f 910/910/910 911/911/911 909/909/909
f 893/893/893 895/895/895 912/912/912
f 895/895/895 913/913/913 912/912/912
f 899/899/899 898/898/898 914/914/914
f 898/898/898 915/915/915 914/914/914
f 916/916/916 902/902/902 917/917/917
f 902/902/902 900/900/900 917/917/917
f 908/908/908 918/918/918 910/910/910
f 918/918/918 919/919/919 910/910/910
f 920/920/920 922/922/922 921/921/921
f 922/922/922 923/923/923 921/921/921
f 924/924/924 926/926/926 925/925/925
f 926/926/926 927/927/927 925/925/925
f 928/928/928 930/930/930 929/929/929
f 930/930/930 931/931/931 929/929/929
f 932/932/932 934/934/934 933/933/933
f 934/934/934 935/935/935 933/933/933
f 936/936/936 938/938/938 937/937/937
f 938/938/938 939/939/939 937/937/937
f 940/940/940 942/942/942 941/941/941
f 942/942/942 943/943/943 941/941/941
f 925/925/925 927/927/927 944/944/944
f 927/927/927 945/945/945 944/944/944
f 931/931/931 930/930/930 946/946/946
f 930/930/930 947/947/947 946/946/946
f 948/948/948 934/934/934 949/949/949
f 934/934/934 932/932/932 949/949/949
f 940/940/940 950/950/950 942/942/942
f 950/950/950 951/951/951 942/942/942
f 952/952/952 954/954/954 953/953/953
f 954/954/954 955/955/955 953/953/953
f 956/956/956 958/958/958 957/957/957
f 958/958/958 959/959/959 957/957/957
f 960/960/960 962/962/962 961/961/961
f 962/962/962 963/963/963 961/961/961
f 964/964/964 966/966/966 965/965/965
f 966/966/966 967/967/967 965/965/965
f 968/968/968 970/970/970 969/969/969
f 970/970/970 971/971/971 969/969/969
f 972/972/972 974/974/974 973/973/973
f 974/974/974 975/975/975 973/973/973
f 976/976/976 978/978/978 977/977/977
f 978/978/978 979/979/979 977/977/977
f 980/980/980 982/982/982 981/981/981
f 982/982/982 983/983/983 981/981/981
f 984/984/984 986/986/986 985/985/985
f 986/986/986 987/987/987 985/985/985
f 988/988/988 990/990/990 989/989/989
f 990/990/990 991/991/991 989/989/989
f 984/984/984 992/992/992 986/986/986
f 992/992/992 993/993/993 986/986/986
f 991/991/991 994/994/994 989/989/989
f 994/994/994 995/995/995 989/989/989
f 996/996/996 998/998/998 997/997/997
f 998/998/998 999/999/999 997/997/997
f 1000/1000/1000 1002/1002/1002 1001/1001/1001
f 1002/1002/1002 1003/1003/1003 1001/1001/1001
f 1004/1004/1004 1005/1005/1005 1003/1003/1003
f 1005/1005/1005 1001/1001/1001 1003/1003/1003
f 998/998/998 996/996/996 1006/1006/1006
f 996/996/996 1007/1007/1007 1006/1006/1006
f 1008/1008/1008 1010/1010/1010 1009/1009/1009
f 1010/1010/1010 1011/1011/1011 1009/1009/1009
f 1011/1011/1011 1012/1012/1012 1009/1009/1009
f 1012/1012/1012 1013/1013/1013 1009/1009/1009
f 1014/1014/1014 1015/1015/1015 1008/1008/1008
f 1015/1015/1015 1010/1010/1010 1008/1008/1008
f 1012/1012/1012 1015/1015/1015 1013/1013/1013
f 1015/1015/1015 1014/1014/1014 1013/1013/1013
f 1016/1016/1016 1018/1018/1018 1017/1017/1017
f 1018/1018/1018 1019/1019/1019 1017/1017/1017
f 1020/1020/1020 1022/1022/1022 1021/1021/1021
f 1022/1022/1022 1023/1023/1023 1021/1021/1021
f 1024/1024/1024 1026/1026/1026 1025/1025/1025
f 1026/1026/1026 1027/1027/1027 1025/1025/1025
f 1028/1028/1028 1030/1030/1030 1029/1029/1029
f 1030/1030/1030 1031/1031/1031 1029/1029/1029
f 1032/1032/1032 1034/1034/1034 1033/1033/1033
f 1034/1034/1034 1035/1035/1035 1033/1033/1033
f 1036/1036/1036 1038/1038/1038 1037/1037/1037
f 1038/1038/1038 1039/1039/1039 1037/1037/1037
f 1040/1040/1040 1042/1042/1042 1041/1041/1041
f 1042/1042/1042 1043/1043/1043 1041/1041/1041
f 1044/1044/1044 1046/1046/1046 1045/1045/1045
f 1046/1046/1046 1047/1047/1047 1045/1045/1045
f 1048/1048/1048 1050/1050/1050 1049/1049/1049
f 1050/1050/1050 1051/1051/1051 1049/1049/1049
f 1052/1052/1052 1054/1054/1054 1053/1053/1053
f 1054/1054/1054 1055/1055/1055 1053/1053/1053
f 1056/1056/1056 1058/1058/1058 1057/1057/1057
f 1058/1058/1058 1059/1059/1059 1057/1057/1057
f 1060/1060/1060 1062/1062/1062 1061/1061/1061
f 1062/1062/1062 1063/1063/1063 1061/1061/1061
f 1064/1064/1064 1066/1066/1066 1065/1065/1065
f 1066/1066/1066 1067/1067/1067 1065/1065/1065
f 1068/1068/1068 1070/1070/1070 1069/1069/1069
f 1070/1070/1070 1071/1071/1071 1069/1069/1069
f 1019/1019/1019 1018/1018/1018 1072/1072/1072
f 1018/1018/1018 1073/1073/1073 1072/1072/1072
f 1065/1065/1065 1067/1067/1067 1074/1074/1074
f 1067/1067/1067 1075/1075/1075 1074/1074/1074
f 1076/1076/1076 1078/1078/1078 1077/1077/1077
f 1078/1078/1078 1079/1079/1079 1077/1077/1077
f 1080/1080/1080 1082/1082/1082 1081/1081/1081
f 1082/1082/1082 1083/1083/1083 1081/1081/1081
f 1084/1084/1084 1086/1086/1086 1085/1085/1085
f 1086/1086/1086 1087/1087/1087 1085/1085/1085
f 1088/1088/1088 1090/1090/1090 1089/1089/1089
f 1090/1090/1090 1091/1091/1091 1089/1089/1089
f 1092/1092/1092 1094/1094/1094 1093/1093/1093
f 1094/1094/1094 1095/1095/1095 1093/1093/1093
f 1096/1096/1096 1098/1098/1098 1097/1097/1097
f 1098/1098/1098 1099/1099/1099 1097/1097/1097
f 1100/1100/1100 1102/1102/1102 1101/1101/1101
f 1102/1102/1102 1103/1103/1103 1101/1101/1101
f 1104/1104/1104 1106/1106/1106 1105/1105/1105
f 1106/1106/1106 1107/1107/1107 1105/1105/1105
f 1108/1108/1108 1110/1110/1110 1109/1109/1109
f 1110/1110/1110 1111/1111/1111 1109/1109/1109
f 1112/1112/1112 1114/1114/1114 1113/1113/1113
f 1114/1114/1114 1115/1115/1115 1113/1113/1113
f 1116/1116/1116 1118/1118/1118 1117/1117/1117
f 1118/1118/1118 1119/1119/1119 1117/1117/1117
f 1120/1120/1120 1122/1122/1122 1121/1121/1121
f 1122/1122/1122 1123/1123/1123 1121/1121/1121
f 1105/1105/1105 1107/1107/1107 1124/1124/1124
f 1107/1107/1107 1125/1125/1125 1124/1124/1124
f 1111/1111/1111 1110/1110/1110 1126/1126/1126
f 1110/1110/1110 1127/1127/1127 1126/1126/1126
f 1128/1128/1128 1114/1114/1114 1129/1129/1129
f 1114/1114/1114 1112/1112/1112 1129/1129/1129
f 1120/1120/1120 1130/1130/1130 1122/1122/1122
f 1130/1130/1130 1131/1131/1131 1122/1122/1122
f 1132/1132/1132 1134/1134/1134 1133/1133/1133
f 1134/1134/1134 1135/1135/1135 1133/1133/1133
f 1136/1136/1136 1138/1138/1138 1137/1137/1137
f 1138/1138/1138 1139/1139/1139 1137/1137/1137
f 1140/1140/1140 1142/1142/1142 1141/1141/1141
f 1142/1142/1142 1143/1143/1143 1141/1141/1141
f 1144/1144/1144 1146/1146/1146 1145/1145/1145
f 1146/1146/1146 1147/1147/1147 1145/1145/1145
f 1148/1148/1148 1150/1150/1150 1149/1149/1149
f 1150/1150/1150 1151/1151/1151 1149/1149/1149
f 1152/1152/1152 1154/1154/1154 1153/1153/1153
f 1154/1154/1154 1155/1155/1155 1153/1153/1153
f 1156/1156/1156 1158/1158/1158 1157/1157/1157
f 1158/1158/1158 1159/1159/1159 1157/1157/1157
f 1160/1160/1160 1162/1162/1162 1161/1161/1161
f 1162/1162/1162 1163/1163/1163 1161/1161/1161
f 1156/1156/1156 1164/1164/1164 1158/1158/1158
f 1164/1164/1164 1165/1165/1165 1158/1158/1158
f 1163/1163/1163 1166/1166/1166 1161/1161/1161
f 1166/1166/1166 1167/1167/1167 1161/1161/1161
f 1168/1168/1168 1170/1170/1170 1169/1169/1169
f 1170/1170/1170 1171/1171/1171 1169/1169/1169
f 1172/1172/1172 1174/1174/1174 1173/1173/1173
f 1174/1174/1174 1175/1175/1175 1173/1173/1173
f 1176/1176/1176 1177/1177/1177 1175/1175/1175
f 1177/1177/1177 1173/1173/1173 1175/1175/1175
f 1170/1170/1170 1168/1168/1168 1178/1178/1178
f 1168/1168/1168 1179/1179/1179 1178/1178/1178
f 1180/1180/1180 1182/1182/1182 1181/1181/1181
f 1182/1182/1182 1183/1183/1183 1181/1181/1181
f 1183/1183/1183 1184/1184/1184 1181/1181/1181
f 1184/1184/1184 1185/1185/1185 1181/1181/1181
f 1186/1186/1186 1187/1187/1187 1180/1180/1180
f 1187/1187/1187 1182/1182/1182 1180/1180/1180
f 1184/1184/1184 1187/1187/1187 1185/1185/1185
f 1187/1187/1187 1186/1186/1186 1185/1185/1185
f 1188/1188/1188 1190/1190/1190 1189/1189/1189
f 1190/1190/1190 1191/1191/1191 1189/1189/1189
f 1192/1192/1192 1194/1194/1194 1193/1193/1193
f 1194/1194/1194 1195/1195/1195 1193/1193/1193
f 1196/1196/1196 1198/1198/1198 1197/1197/1197
f 1198/1198/1198 1199/1199/1199 1197/1197/1197
f 1200/1200/1200 1202/1202/1202 1201/1201/1201
f 1202/1202/1202 1203/1203/1203 1201/1201/1201
f 1204/1204/1204 1206/1206/1206 1205/1205/1205
f 1206/1206/1206 1207/1207/1207 1205/1205/1205
f 1208/1208/1208 1210/1210/1210 1209/1209/1209
f 1210/1210/1210 1211/1211/1211 1209/1209/1209
f 1212/1212/1212 1214/1214/1214 1213/1213/1213
f 1214/1214/1214 1215/1215/1215 1213/1213/1213
f 1216/1216/1216 1218/1218/1218 1217/1217/1217
f 1218/1218/1218 1219/1219/1219 1217/1217/1217
f 1220/1220/1220 1222/1222/1222 1221/1221/1221
f 1222/1222/1222 1223/1223/1223 1221/1221/1221
f 1224/1224/1224 1226/1226/1226 1225/1225/1225
f 1227/1227/1227 1226/1226/1226 1224/1224/1224
f 1228/1228/1228 1226/1226/1226 1227/1227/1227
f 1229/1229/1229 1226/1226/1226 1228/1228/1228
f 1225/1225/1225 1226/1226/1226 1229/1229/1229
f 1230/1230/1230 1232/1232/1232 1231/1231/1231
f 1233/1233/1233 1230/1230/1230 1234/1234/1234
f 1230/1230/1230 1231/1231/1231 1234/1234/1234
f 1235/1235/1235 1237/1237/1237 1236/1236/1236
f 1237/1237/1237 1238/1238/1238 1236/1236/1236
f 1239/1239/1239 1241/1241/1241 1240/1240/1240
f 1241/1241/1241 1242/1242/1242 1240/1240/1240
f 1243/1243/1243 1245/1245/1245 1244/1244/1244
f 1245/1245/1245 1246/1246/1246 1244/1244/1244
f 1247/1247/1247 1249/1249/1249 1248/1248/1248
f 1249/1249/1249 1250/1250/1250 1248/1248/1248
f 1251/1251/1251 1253/1253/1253 1252/1252/1252
f 1253/1253/1253 1254/1254/1254 1252/1252/1252
f 1255/1255/1255 1257/1257/1257 1256/1256/1256
f 1257/1257/1257 1258/1258/1258 1256/1256/1256
f 1259/1259/1259 1261/1261/1261 1260/1260/1260
f 1261/1261/1261 1262/1262/1262 1260/1260/1260
f 1263/1263/1263 1265/1265/1265 1264/1264/1264
f 1265/1265/1265 1266/1266/1266 1264/1264/1264
f 1267/1267/1267 1269/1269/1269 1268/1268/1268
f 1269/1269/1269 1270/1270/1270 1268/1268/1268
f 1271/1271/1271 1273/1273/1273 1272/1272/1272
f 1273/1273/1273 1274/1274/1274 1272/1272/1272
f 1274/1274/1274 1275/1275/1275 1272/1272/1272
f 1275/1275/1275 1276/1276/1276 1272/1272/1272
f 1276/1276/1276 1277/1277/1277 1272/1272/1272
f 1277/1277/1277 1278/1278/1278 1272/1272/1272
f 1279/1279/1279 1271/1271/1271 1272/1272/1272
f 1280/1280/1280 1273/1273/1273 1281/1281/1281
f 1273/1273/1273 1271/1271/1271 1281/1281/1281
f 1280/1280/1280 1282/1282/1282 1273/1273/1273
f 1282/1282/1282 1274/1274/1274 1273/1273/1273
f 1283/1283/1283 1284/1284/1284 1275/1275/1275
f 1275/1275/1275 1284/1284/1284 1276/1276/1276
f 1284/1284/1284 1285/1285/1285 1276/1276/1276
f 1285/1285/1285 1277/1277/1277 1276/1276/1276
f 1278/1278/1278 1285/1285/1285 1286/1286/1286
f 1287/1287/1287 1281/1281/1281 1271/1271/1271
f 1281/1281/1281 1288/1288/1288 1280/1280/1280
f 1288/1288/1288 1289/1289/1289 1280/1280/1280
f 1289/1289/1289 1282/1282/1282 1280/1280/1280
f 1290/1290/1290 1291/1291/1291 1284/1284/1284
f 1292/1292/1292 1285/1285/1285 1291/1291/1291
f 1285/1285/1285 1284/1284/1284 1291/1291/1291
f 1285/1285/1285 1292/1292/1292 1286/1286/1286
f 1287/1287/1287 1288/1288/1288 1281/1281/1281
f 1289/1289/1289 1288/1288/1288 1293/1293/1293
f 1291/1291/1291 1290/1290/1290 1294/1294/1294
f 1292/1292/1292 1291/1291/1291 1294/1294/1294
f 1288/1288/1288 1295/1295/1295 1293/1293/1293
f 1277/1277/1277 1285/1285/1285 1278/1278/1278
f 1279/1279/1279 1287/1287/1287 1271/1271/1271
f 1295/1295/1295 1288/1288/1288 1287/1287/1287
f 1283/1283/1283 1290/1290/1290 1284/1284/1284
f 1274/1274/1274 1283/1283/1283 1275/1275/1275
