# awd2obj de C:\Source\MexOrbit\MexOrbit.CMS\public\spacemap\3d\meshes\asset-mmo-miningstation-c.awd
o geometry
v -29.310900 37.661900 -101.215401
v -22.862700 50.933899 -94.933502
v -44.319302 37.661900 -91.919899
v -49.542599 41.258701 -75.922798
v -39.518101 37.661900 -69.257004
v -27.493601 37.661900 -69.257004
v -19.160200 36.905499 -82.017799
v -17.060699 31.770901 -95.160103
v -17.060699 31.770901 -95.160103
v -45.755600 24.136101 -87.243301
v -34.848900 24.282600 -95.373199
v -48.023899 28.233500 -74.134499
v -48.023899 28.233500 -74.134499
v -37.252300 21.391100 -67.624397
v -24.628099 24.193300 -78.811798
v -26.312901 25.668501 -91.774399
v -26.312901 25.668501 -91.774399
v -36.143002 7.078700 -89.029404
v -38.697899 8.950000 -79.763603
v -38.697899 8.950000 -79.763603
v -31.497200 9.050900 -78.807602
v -27.765100 6.921200 -87.055702
v -37.294800 -1.817600 -79.915497
v -37.294800 -1.817600 -79.915497
v -27.765100 6.921200 -87.055702
v -45.965000 16.280199 40.100399
v -36.894501 12.858100 44.616501
v -47.471298 21.001499 45.469299
v -52.123699 16.938700 39.912998
v -53.290901 17.251400 51.103600
v -45.209400 15.086000 58.982601
v -36.884201 12.441500 57.128700
v -37.153400 15.010900 49.766602
v -45.279900 9.816100 37.888500
v -52.123699 16.938700 39.912998
v -58.805099 13.440200 40.878799
v -60.337399 13.850800 49.833000
v -58.805099 13.440200 40.878799
v -56.612301 12.852600 57.841900
v -47.713501 10.468200 63.950901
v -34.925598 7.041700 66.141701
v -32.334900 6.347500 59.223202
v -22.199400 10.617200 54.521198
v -27.101299 4.945200 50.712700
v -21.918400 9.206100 46.812901
v -36.550598 6.528500 42.159000
v -54.317902 2.524000 46.744900
v -45.892300 0.266400 41.489700
v -54.317902 2.524000 46.744900
v -55.346600 -0.604100 56.303600
v -45.059799 0.043300 60.359600
v -35.193901 -2.600300 57.338299
v -32.334900 6.347500 59.223202
v -27.101299 4.945200 50.712700
v -39.301899 -1.499500 48.106098
v -48.975300 -6.559100 58.195999
v -48.975300 -6.559100 58.195999
v -35.193901 -2.600300 57.338299
v -22.199400 10.617200 54.521198
v -32.272598 46.653198 49.783401
v -19.397301 42.948299 50.399601
v -32.272598 46.653198 68.074501
v -19.397301 42.948299 66.955101
v -32.272598 36.849701 49.783401
v -32.272598 36.849701 68.074501
v -23.174400 36.365101 50.667301
v -23.174400 36.365101 67.222801
v -23.174400 36.365101 67.222801
v -32.272598 36.849701 68.074501
v -19.397301 42.948299 66.955101
v -32.272598 46.653198 68.074501
v -32.272598 46.653198 49.783401
v -32.272598 46.653198 68.074501
v -32.272598 36.849701 49.783401
v -32.272598 36.849701 68.074501
v -19.397301 42.948299 50.399601
v -32.272598 46.653198 49.783401
v -23.174400 36.365101 50.667301
v -32.272598 36.849701 49.783401
v -9.420400 33.332901 49.839401
v -9.420400 33.332901 68.045303
v -17.805300 28.477600 68.045303
v -17.805300 28.477600 49.839401
v -9.420400 33.332901 68.045303
v -17.805300 28.477600 68.045303
v -9.420400 33.332901 49.839401
v -17.805300 28.477600 49.839401
v -9.420400 33.332901 68.045303
v -9.420400 33.332901 49.839401
v -17.805300 28.477600 68.045303
v -17.805300 28.477600 49.839401
v -52.249699 46.653198 68.073402
v -65.125099 42.948299 67.457100
v -52.249699 46.653198 49.782299
v -65.125099 42.948299 50.901699
v -52.249699 36.849701 68.073402
v -52.249699 36.849701 49.782299
v -61.347900 36.365101 67.189499
v -61.347900 36.365101 50.633999
v -61.347900 36.365101 50.633999
v -52.249699 36.849701 49.782299
v -65.125099 42.948299 50.901699
v -52.249699 46.653198 49.782299
v -52.249699 46.653198 68.073402
v -52.249699 46.653198 49.782299
v -52.249699 36.849701 68.073402
v -52.249699 36.849701 49.782299
v -65.125099 42.948299 67.457100
v -52.249699 46.653198 68.073402
v -61.347900 36.365101 67.189499
v -52.249699 36.849701 68.073402
v -75.101997 33.332901 68.017403
v -75.101997 33.332901 49.811501
v -66.717102 28.477600 49.811501
v -66.717102 28.477600 68.017403
v -75.101997 33.332901 49.811501
v -66.717102 28.477600 49.811501
v -75.101997 33.332901 68.017403
v -66.717102 28.477600 68.017403
v -75.101997 33.332901 49.811501
v -75.101997 33.332901 68.017403
v -66.717102 28.477600 49.811501
v -66.717102 28.477600 68.017403
v -55.074100 -30.151199 49.620300
v -67.949501 -26.446400 50.236599
v -55.074100 -30.151199 67.911400
v -67.949501 -26.446400 66.792000
v -55.074100 -20.347799 49.620300
v -55.074100 -20.347799 67.911400
v -64.172302 -19.863100 50.504200
v -64.172302 -19.863100 67.059700
v -64.172302 -19.863100 67.059700
v -55.074100 -20.347799 67.911400
v -67.949501 -26.446400 66.792000
v -55.074100 -30.151199 67.911400
v -55.074100 -30.151199 49.620300
v -55.074100 -30.151199 67.911400
v -55.074100 -20.347799 49.620300
v -55.074100 -20.347799 67.911400
v -67.949501 -26.446400 50.236599
v -55.074100 -30.151199 49.620300
v -64.172302 -19.863100 50.504200
v -55.074100 -20.347799 49.620300
v -77.926399 -16.830999 49.676300
v -77.926399 -16.830999 67.882202
v -69.541496 -11.975700 67.882202
v -69.541496 -11.975700 49.676300
v -77.926399 -16.830999 67.882202
v -69.541496 -11.975700 67.882202
v -77.926399 -16.830999 49.676300
v -69.541496 -11.975700 49.676300
v -77.926399 -16.830999 67.882202
v -77.926399 -16.830999 49.676300
v -69.541496 -11.975700 67.882202
v -69.541496 -11.975700 49.676300
v -35.097000 -30.151199 67.910301
v -22.221600 -26.446400 67.294098
v -35.097000 -30.151199 49.619202
v -22.221600 -26.446400 50.738602
v -35.097000 -20.347799 67.910301
v -35.097000 -20.347799 49.619202
v -25.998800 -19.863100 67.026398
v -25.998800 -19.863100 50.470901
v -25.998800 -19.863100 50.470901
v -35.097000 -20.347799 49.619202
v -22.221600 -26.446400 50.738602
v -35.097000 -30.151199 49.619202
v -35.097000 -30.151199 67.910301
v -35.097000 -30.151199 49.619202
v -35.097000 -20.347799 67.910301
v -35.097000 -20.347799 49.619202
v -22.221600 -26.446400 67.294098
v -35.097000 -30.151199 67.910301
v -25.998800 -19.863100 67.026398
v -35.097000 -20.347799 67.910301
v -12.244800 -16.830999 67.854301
v -12.244700 -16.830999 49.648399
v -20.629601 -11.975700 49.648399
v -20.629601 -11.975700 67.854301
v -12.244700 -16.830999 49.648399
v -20.629601 -11.975700 49.648399
v -12.244800 -16.830999 67.854301
v -20.629601 -11.975700 67.854301
v -12.244700 -16.830999 49.648399
v -12.244800 -16.830999 67.854301
v -20.629601 -11.975700 49.648399
v -20.629601 -11.975700 67.854301
v -34.992199 -30.151300 -13.254400
v -22.116800 -26.446400 -13.870600
v -34.992199 -30.151300 -31.545401
v -22.116800 -26.446400 -30.426100
v -34.992199 -20.347799 -13.254400
v -34.992199 -20.347799 -31.545401
v -25.893999 -19.863199 -14.138300
v -25.893999 -19.863100 -30.693800
v -25.893999 -19.863100 -30.693800
v -34.992199 -20.347799 -31.545401
v -22.116800 -26.446400 -30.426100
v -34.992199 -30.151300 -31.545401
v -34.992199 -30.151300 -13.254400
v -34.992199 -30.151300 -31.545401
v -34.992199 -20.347799 -13.254400
v -34.992199 -20.347799 -31.545401
v -22.116800 -26.446400 -13.870600
v -34.992199 -30.151300 -13.254400
v -25.893999 -19.863199 -14.138300
v -34.992199 -20.347799 -13.254400
v -12.139900 -16.830999 -13.310400
v -12.139900 -16.830999 -31.516300
v -20.524799 -11.975700 -31.516199
v -20.524799 -11.975700 -13.310400
v -12.139900 -16.830999 -31.516300
v -20.524799 -11.975700 -31.516199
v -12.139900 -16.830999 -13.310400
v -20.524799 -11.975700 -13.310400
v -12.139900 -16.830999 -31.516300
v -12.139900 -16.830999 -13.310400
v -20.524799 -11.975700 -31.516199
v -20.524799 -11.975700 -13.310400
v -54.969299 -30.151300 -31.544300
v -67.844704 -26.446400 -30.928101
v -54.969299 -30.151300 -13.253300
v -67.844704 -26.446400 -14.372600
v -54.969299 -20.347799 -31.544300
v -54.969299 -20.347799 -13.253300
v -64.067497 -19.863199 -30.660400
v -64.067497 -19.863100 -14.104900
v -64.067497 -19.863100 -14.104900
v -54.969299 -20.347799 -13.253300
v -67.844704 -26.446400 -14.372600
v -54.969299 -30.151300 -13.253300
v -54.969299 -30.151300 -31.544300
v -54.969299 -30.151300 -13.253300
v -54.969299 -20.347799 -31.544300
v -54.969299 -20.347799 -13.253300
v -67.844704 -26.446400 -30.928101
v -54.969299 -30.151300 -31.544300
v -64.067497 -19.863199 -30.660400
v -54.969299 -20.347799 -31.544300
v -77.821503 -16.830999 -31.488300
v -77.821503 -16.830999 -13.282400
v -69.436600 -11.975700 -13.282500
v -69.436600 -11.975700 -31.488300
v -77.821503 -16.830999 -13.282400
v -69.436600 -11.975700 -13.282500
v -77.821503 -16.830999 -31.488300
v -69.436600 -11.975700 -31.488300
v -77.821503 -16.830999 -13.282400
v -77.821503 -16.830999 -31.488300
v -69.436600 -11.975700 -13.282500
v -69.436600 -11.975700 -31.488300
v -52.249699 46.653198 -13.742000
v -65.125099 42.948299 -14.358200
v -52.249699 46.653198 -32.033001
v -65.125099 42.948299 -30.913700
v -52.249699 36.849701 -13.742000
v -52.249699 36.849701 -32.033001
v -61.347900 36.365101 -14.625900
v -61.347900 36.365101 -31.181400
v -61.347900 36.365101 -31.181400
v -52.249699 36.849701 -32.033001
v -65.125099 42.948299 -30.913700
v -52.249699 46.653198 -32.033001
v -52.249699 46.653198 -13.742000
v -52.249699 46.653198 -32.033001
v -52.249699 36.849701 -13.742000
v -52.249699 36.849701 -32.033001
v -65.125099 42.948299 -14.358200
v -52.249699 46.653198 -13.742000
v -61.347900 36.365101 -14.625900
v -52.249699 36.849701 -13.742000
v -75.101997 33.332901 -13.798000
v -75.101997 33.332901 -32.003899
v -66.717102 28.477600 -32.003799
v -66.717102 28.477600 -13.798000
v -75.101997 33.332901 -32.003899
v -66.717102 28.477600 -32.003799
v -75.101997 33.332901 -13.798000
v -66.717102 28.477600 -13.798000
v -75.101997 33.332901 -32.003899
v -75.101997 33.332901 -13.798000
v -66.717102 28.477600 -32.003799
v -66.717102 28.477600 -13.798000
v -32.272598 46.653198 -32.031898
v -19.397301 42.948299 -31.415701
v -32.272598 46.653198 -13.740900
v -19.397301 42.948299 -14.860200
v -32.272598 36.849701 -32.031898
v -32.272598 36.849701 -13.740900
v -23.174400 36.365101 -31.148100
v -23.174400 36.365101 -14.592600
v -23.174400 36.365101 -14.592600
v -32.272598 36.849701 -13.740900
v -19.397301 42.948299 -14.860200
v -32.272598 46.653198 -13.740900
v -32.272598 46.653198 -32.031898
v -32.272598 46.653198 -13.740900
v -32.272598 36.849701 -32.031898
v -32.272598 36.849701 -13.740900
v -19.397301 42.948299 -31.415701
v -32.272598 46.653198 -32.031898
v -23.174400 36.365101 -31.148100
v -32.272598 36.849701 -32.031898
v -9.420400 33.332901 -31.976000
v -9.420400 33.332901 -13.770100
v -17.805300 28.477600 -13.770100
v -17.805300 28.477600 -31.976000
v -9.420400 33.332901 -13.770100
v -17.805300 28.477600 -13.770100
v -9.420400 33.332901 -31.976000
v -17.805300 28.477600 -31.976000
v -9.420400 33.332901 -13.770100
v -9.420400 33.332901 -31.976000
v -17.805300 28.477600 -13.770100
v -17.805300 28.477600 -31.976000
v -39.660000 64.784599 -116.279999
v -26.784599 61.079700 -115.663803
v -39.660000 64.784599 -97.988998
v -26.784700 61.079700 -99.108299
v -39.660000 54.981098 -116.279999
v -39.660000 54.981098 -97.988998
v -30.561800 54.496498 -115.396103
v -30.561800 54.496498 -98.840599
v -30.561800 54.496498 -98.840599
v -39.660000 54.981098 -97.988998
v -26.784700 61.079700 -99.108299
v -39.660000 64.784599 -97.988998
v -39.660000 64.784599 -116.279999
v -39.660000 64.784599 -97.988998
v -39.660000 54.981098 -116.279999
v -39.660000 54.981098 -97.988998
v -26.784599 61.079700 -115.663803
v -39.660000 64.784599 -116.279999
v -30.561800 54.496498 -115.396103
v -39.660000 54.981098 -116.279999
v -16.807800 51.464298 -116.223999
v -16.807800 51.464298 -98.018204
v -25.192699 46.609001 -98.018204
v -25.192699 46.609001 -116.223999
v -16.807800 51.464298 -98.018204
v -25.192699 46.609001 -98.018204
v -16.807800 51.464298 -116.223999
v -25.192699 46.609001 -116.223999
v -16.807800 51.464298 -98.018204
v -16.807800 51.464298 -116.223999
v -25.192699 46.609001 -98.018204
v -25.192699 46.609001 -116.223999
v -59.637100 64.784599 -97.990097
v -72.512398 61.079700 -98.606300
v -59.637100 64.784599 -116.281097
v -72.512398 61.079700 -115.161797
v -59.637100 54.981098 -97.990097
v -59.637100 54.981098 -116.281097
v -68.735298 54.496399 -98.873901
v -68.735298 54.496399 -115.429497
v -68.735298 54.496399 -115.429497
v -59.637100 54.981098 -116.281097
v -72.512398 61.079700 -115.161797
v -59.637100 64.784599 -116.281097
v -59.637100 64.784599 -97.990097
v -59.637100 64.784599 -116.281097
v -59.637100 54.981098 -97.990097
v -59.637100 54.981098 -116.281097
v -72.512398 61.079700 -98.606300
v -59.637100 64.784599 -97.990097
v -68.735298 54.496399 -98.873901
v -59.637100 54.981098 -97.990097
v -82.489304 51.464298 -98.045998
v -82.489304 51.464298 -116.251900
v -74.104401 46.609001 -116.251900
v -74.104401 46.609001 -98.045998
v -82.489304 51.464298 -116.251900
v -74.104401 46.609001 -116.251900
v -82.489304 51.464298 -98.045998
v -74.104401 46.609001 -98.045998
v -82.489304 51.464298 -116.251900
v -82.489304 51.464298 -98.045998
v -74.104401 46.609001 -116.251900
v -74.104401 46.609001 -98.045998
v -24.575600 37.048199 -125.399902
v -24.693399 37.019001 -135.119904
v -9.010100 46.165100 -125.347504
v -9.127900 46.135899 -135.165802
v -19.104500 27.564501 -135.087601
v -18.986700 27.593700 -125.362099
v -3.539000 36.681301 -135.133499
v -3.421200 36.710602 -125.309700
v -3.539000 36.681301 -135.133499
v -3.421200 36.710602 -125.309700
v -9.127900 46.135899 -135.165802
v -9.010100 46.165100 -125.347504
v -19.104500 27.564501 -135.087601
v -3.539000 36.681301 -135.133499
v -24.693399 37.019001 -135.119904
v -9.127900 46.135899 -135.165802
v -18.986700 27.593700 -125.362099
v -19.104500 27.564501 -135.087601
v -24.575600 37.048199 -125.399902
v -24.693399 37.019001 -135.119904
v -16.041201 31.824100 -106.497498
v -15.857300 31.295099 -125.465599
v -19.325500 37.494301 -108.155602
v -19.263800 37.325802 -125.327797
v -17.287201 51.429298 -98.362503
v -8.419200 36.157501 -106.518799
v -25.331100 46.785099 -98.362503
v -16.041201 31.824100 -106.497498
v -25.331100 46.785099 -98.362503
v -24.725401 47.012299 -103.597198
v -15.857300 31.295099 -125.465599
v -7.473100 36.077301 -125.465500
v -11.908300 41.650101 -108.249603
v -16.590099 51.709202 -103.597198
v -19.325500 37.494301 -108.155602
v -24.725401 47.012299 -103.597198
v -7.473100 36.077301 -125.465500
v -8.419200 36.157501 -106.518799
v -10.992600 42.042702 -125.327698
v -11.908300 41.650101 -108.249603
v -16.590099 51.709202 -103.597198
v -17.287201 51.429298 -98.362503
v -19.263800 37.325802 -125.327797
v -10.992600 42.042702 -125.327698
v -10.992600 42.042702 -125.327698
v -19.263800 37.325802 -125.327797
v -9.010100 46.165100 -125.347504
v -24.575600 37.048199 -125.399902
v -18.986700 27.593700 -125.362099
v -15.857300 31.295099 -125.465599
v -7.473100 36.077301 -125.465500
v -3.421200 36.710602 -125.309700
v -82.300400 29.028601 -52.957100
v -82.384697 29.116100 -62.688900
v -66.603203 20.096100 -52.904701
v -66.687599 20.183701 -62.734798
v -87.784599 19.537201 -62.656502
v -87.700302 19.449600 -52.919300
v -72.087502 10.604700 -62.702400
v -72.003098 10.517200 -52.866798
v -72.087502 10.604700 -62.702400
v -72.003098 10.517200 -52.866798
v -66.687599 20.183701 -62.734798
v -66.603203 20.096100 -52.904701
v -87.784599 19.537201 -62.656502
v -72.087502 10.604700 -62.702400
v -82.384697 29.116100 -62.688900
v -66.687599 20.183701 -62.734798
v -87.700302 19.449600 -52.919300
v -87.784599 19.537201 -62.656502
v -82.300400 29.028601 -52.957100
v -82.384697 29.116100 -62.688900
v -82.557602 19.013399 -34.032001
v -82.924301 18.589199 -53.022999
v -79.285400 24.699699 -35.692101
v -79.400597 24.561800 -52.884998
v -66.511002 29.358299 -26.483700
v -74.984703 14.573900 -34.053200
v -74.555000 34.002499 -26.483601
v -82.557602 19.013399 -34.032001
v -74.555000 34.002499 -26.483601
v -74.055397 33.591499 -31.718399
v -82.924301 18.589199 -53.022999
v -74.580597 13.713400 -53.022800
v -71.968903 20.348801 -35.786201
v -65.920097 28.894600 -31.718399
v -79.285400 24.699699 -35.692101
v -74.055397 33.591499 -31.718399
v -74.580597 13.713400 -53.022800
v -74.984703 14.573900 -34.053200
v -71.170097 19.751400 -52.884899
v -71.968903 20.348801 -35.786201
v -65.920097 28.894600 -31.718399
v -66.511002 29.358299 -26.483700
v -79.400597 24.561800 -52.884998
v -71.170097 19.751400 -52.884899
v -71.170097 19.751400 -52.884899
v -79.400597 24.561800 -52.884998
v -66.603203 20.096100 -52.904701
v -82.300400 29.028601 -52.957100
v -87.700302 19.449600 -52.919300
v -82.924301 18.589199 -53.022999
v -74.580597 13.713400 -53.022800
v -72.003098 10.517200 -52.866798
v -43.654800 -20.002701 -142.723694
v -43.654800 -17.832399 -142.723694
v -15.791700 -20.002701 -142.723694
v -15.791700 -17.832399 -142.723694
v -15.791700 -17.832399 -144.894104
v -43.654800 -17.832399 -144.894104
v -15.791700 -20.002701 -144.894104
v -43.654800 -20.002701 -144.894104
v -15.791700 -17.832399 -142.723694
v -43.654800 -17.832399 -142.723694
v -15.791700 -17.832399 -144.894104
v -43.654800 -17.832399 -144.894104
v -43.654800 -20.002701 -142.723694
v -15.791700 -20.002701 -142.723694
v -43.654800 -20.002701 -144.894104
v -15.791700 -20.002701 -144.894104
v -24.476299 16.591299 -155.049698
v -24.476299 6.159700 -155.049698
v -24.476299 16.591299 -137.280594
v -24.476299 6.159700 -137.280594
v -35.182499 6.159700 -155.049698
v -35.182499 16.591299 -155.049698
v -35.182499 6.159700 -137.280594
v -35.182499 16.591299 -137.280594
v -24.476299 6.159700 -155.049698
v -35.182499 6.159700 -155.049698
v -24.476299 6.159700 -137.280594
v -35.182499 6.159700 -137.280594
v -24.476299 16.591299 -137.280594
v -24.476299 6.159700 -137.280594
v -35.182499 16.591299 -137.280594
v -35.182499 6.159700 -137.280594
v -24.476299 16.591299 -155.049698
v -24.476299 16.591299 -137.280594
v -35.182499 16.591299 -155.049698
v -35.182499 16.591299 -137.280594
v -35.182499 6.159700 -155.049698
v -24.476299 6.159700 -155.049698
v -35.182499 16.591299 -155.049698
v -24.476299 16.591299 -155.049698
v 6.113400 -11.678200 -142.171295
v 6.113400 -11.678200 -151.070099
v -11.630500 -11.678200 -142.171295
v -11.630500 -11.678200 -151.070099
v 6.113400 -11.678200 -151.070099
v 6.113400 -4.149200 -151.070099
v -11.630500 -11.678200 -151.070099
v -11.630500 -4.149200 -151.070099
v 6.113400 -4.149200 -151.070099
v 6.113400 -4.149200 -142.171295
v -11.630500 -4.149200 -151.070099
v -11.630500 -4.149200 -142.171295
v 6.113400 -4.149200 -142.171295
v 6.113400 -11.678200 -142.171295
v -11.630500 -4.149200 -142.171295
v -11.630500 -11.678200 -142.171295
v -20.593300 -35.628399 -118.369202
v -20.476700 -35.594799 -108.471001
v -39.094299 -35.515701 -118.421600
v -38.977699 -35.482101 -108.425102
v -20.589500 -46.431499 -108.503304
v -20.706100 -46.465099 -118.406998
v -39.090500 -46.318802 -108.457397
v -39.207199 -46.352402 -118.459396
v -39.090500 -46.318802 -108.457397
v -39.207199 -46.352402 -118.459396
v -38.977699 -35.482101 -108.425102
v -39.094299 -35.515701 -118.421600
v -20.589500 -46.431499 -108.503304
v -39.090500 -46.318802 -108.457397
v -20.476700 -35.594799 -108.471001
v -38.977699 -35.482101 -108.425102
v -20.706100 -46.465099 -118.406998
v -20.589500 -46.431499 -108.503304
v -20.593300 -35.628399 -118.369202
v -20.476700 -35.594799 -108.471001
v -25.943600 -44.460300 -136.089905
v -25.838301 -44.444500 -118.303398
v -25.934299 -37.907501 -134.431793
v -25.903601 -37.518501 -118.441200
v -34.667099 -27.595800 -144.895493
v -34.711102 -44.518398 -136.068695
v -25.378799 -27.595800 -144.895493
v -25.943600 -44.460300 -136.089905
v -25.378799 -27.595800 -144.895493
v -26.016899 -24.312300 -140.817200
v -25.838301 -44.444500 -118.303398
v -35.490398 -44.495098 -118.303497
v -34.435699 -38.017200 -134.337799
v -35.410702 -24.312300 -140.817200
v -25.934299 -37.907501 -134.431793
v -26.016899 -24.312300 -140.817200
v -35.490398 -44.495098 -118.303497
v -34.711102 -44.518398 -136.068695
v -35.425098 -37.569099 -118.441399
v -34.435699 -38.017200 -134.337799
v -35.410702 -24.312300 -140.817200
v -34.667099 -27.595800 -144.895493
v -25.903601 -37.518501 -118.441200
v -35.425098 -37.569099 -118.441399
v -35.425098 -37.569099 -118.441399
v -25.903601 -37.518501 -118.441200
v -39.094299 -35.515701 -118.421600
v -20.593300 -35.628399 -118.369202
v -20.706100 -46.465099 -118.406998
v -25.838301 -44.444500 -118.303398
v -35.490398 -44.495098 -118.303497
v -39.207199 -46.352402 -118.459396
v -35.410702 -24.312300 -140.817200
v -34.667099 -27.595800 -144.895493
v -26.016899 -24.312300 -140.817200
v -25.378799 -27.595800 -144.895493
v -13.581500 -29.898600 -150.099792
v -19.184601 -33.108002 -150.073807
v -13.771400 -29.535999 -142.929398
v -19.374500 -32.745399 -142.903305
v -13.771400 -29.535999 -142.929398
v -19.374500 -32.745399 -142.903305
v -19.071100 -20.702801 -142.401993
v -24.042400 -23.550301 -142.378906
v -19.184601 -33.108002 -150.073807
v -13.581500 -29.898600 -150.099792
v -23.951401 -23.730499 -151.542694
v -18.996000 -20.892099 -151.565796
v -13.771400 -29.535999 -142.929398
v -19.071100 -20.702801 -142.401993
v -13.581500 -29.898600 -150.099792
v -18.996000 -20.892099 -151.565796
v -19.184601 -33.108002 -150.073807
v -23.951401 -23.730499 -151.542694
v -19.374500 -32.745399 -142.903305
v -24.042400 -23.550301 -142.378906
v -56.986900 -11.089900 -150.608200
v -56.986900 -4.909500 -150.608200
v -57.014999 -11.089900 -143.104904
v -57.014999 -4.909500 -143.104904
v -57.014999 -11.089900 -143.104904
v -57.014999 -4.909500 -143.104904
v -46.766499 -10.889800 -141.936096
v -46.766499 -5.406200 -141.936096
v -56.986900 -4.909500 -150.608200
v -56.986900 -11.089900 -150.608200
v -46.410000 -5.415000 -151.505905
v -46.410000 -10.881000 -151.505905
v -57.014999 -11.089900 -143.104904
v -46.766499 -10.889800 -141.936096
v -56.986900 -11.089900 -150.608200
v -46.410000 -10.881000 -151.505905
v -56.986900 -4.909500 -150.608200
v -46.410000 -5.415000 -151.505905
v -57.014999 -4.909500 -143.104904
v -46.766499 -5.406200 -141.936096
v -46.256500 14.355400 -150.419907
v -40.903999 17.445700 -150.419907
v -46.264599 14.369400 -143.237900
v -40.912102 17.459600 -143.237900
v -46.264599 14.369400 -143.237900
v -40.912102 17.459600 -143.237900
v -40.966301 5.592900 -142.102707
v -36.217400 8.334700 -142.102707
v -40.903999 17.445700 -150.419907
v -46.256500 14.355400 -150.419907
v -36.054501 8.034800 -151.262207
v -40.788101 5.301800 -151.262207
v -46.264599 14.369400 -143.237900
v -40.966301 5.592900 -142.102707
v -46.256500 14.355400 -150.419907
v -40.788101 5.301800 -151.262207
v -40.903999 17.445700 -150.419907
v -36.054501 8.034800 -151.262207
v -40.912102 17.459600 -143.237900
v -36.217400 8.334700 -142.102707
v -19.122299 17.308001 -150.441498
v -13.530100 14.079500 -150.435501
v -19.108299 17.318501 -143.259293
v -13.516100 14.090100 -143.253403
v -19.108299 17.318501 -143.259293
v -13.516100 14.090100 -143.253403
v -24.051399 8.337000 -142.123901
v -19.089800 5.472600 -142.118698
v -13.530100 14.079500 -150.435501
v -19.122299 17.308001 -150.441498
v -19.275999 5.186200 -151.278305
v -24.221701 8.041300 -151.283600
v -19.108299 17.318501 -143.259293
v -24.051399 8.337000 -142.123901
v -19.122299 17.308001 -150.441498
v -24.221701 8.041300 -151.283600
v -13.530100 14.079500 -150.435501
v -19.275999 5.186200 -151.278305
v -13.516100 14.090100 -143.253403
v -19.089800 5.472600 -142.118698
v -40.576000 -33.082100 -150.463593
v -46.270302 -30.037399 -150.457596
v -40.589600 -33.093102 -143.281494
v -46.284000 -30.048401 -143.275497
v -40.589600 -33.093102 -143.281494
v -46.284000 -30.048401 -143.275497
v -35.941502 -23.955500 -142.146103
v -40.993698 -21.254101 -142.140793
v -46.270302 -30.037399 -150.457596
v -40.576000 -33.082100 -150.463593
v -40.816898 -20.961700 -151.300507
v -35.780899 -23.654400 -151.305695
v -40.589600 -33.093102 -143.281494
v -35.941502 -23.955500 -142.146103
v -40.576000 -33.082100 -150.463593
v -35.780899 -23.654400 -151.305695
v -46.270302 -30.037399 -150.457596
v -40.816898 -20.961700 -151.300507
v -46.284000 -30.048401 -143.275497
v -40.993698 -21.254101 -142.140793
v -20.747499 7.914900 -142.304092
v -17.646799 13.285500 -146.489899
v -11.406400 -8.264300 -142.304092
v -5.205000 -8.264300 -146.489899
v -11.406400 -8.264300 -150.912201
v -20.747499 7.914900 -150.912201
v -11.406400 -8.264300 -142.304092
v -20.747499 7.914900 -142.304092
v -20.747499 7.914900 -150.912201
v -11.406400 -8.264300 -150.912201
v -11.406400 -8.264300 -142.304092
v -5.205000 -8.264300 -146.489899
v -20.747499 -24.443600 -142.304092
v -17.646799 -29.814100 -146.489899
v -11.406400 -8.264300 -150.912201
v -11.406400 -8.264300 -142.304092
v -20.747499 -24.443600 -150.912201
v -20.747499 -24.443600 -142.304092
v -11.406400 -8.264300 -150.912201
v -20.747499 -24.443600 -150.912201
v -20.747499 -24.443600 -142.304092
v -17.646799 -29.814100 -146.489899
v -39.429600 -24.443600 -142.304092
v -42.530300 -29.814100 -146.489899
v -20.747499 -24.443600 -150.912201
v -20.747499 -24.443600 -142.304092
v -39.429600 -24.443600 -150.912201
v -39.429600 -24.443600 -142.304092
v -20.747499 -24.443600 -150.912201
v -39.429600 -24.443600 -150.912201
v -39.429600 -24.443600 -142.304092
v -42.530300 -29.814100 -146.489899
v -48.770699 -8.264300 -142.304092
v -54.972099 -8.264300 -146.489899
v -39.429600 -24.443600 -150.912201
v -39.429600 -24.443600 -142.304092
v -48.770699 -8.264300 -150.912201
v -48.770699 -8.264300 -142.304092
v -39.429600 -24.443600 -150.912201
v -48.770699 -8.264300 -150.912201
v -48.770699 -8.264300 -142.304092
v -54.972099 -8.264300 -146.489899
v -39.429600 7.914900 -142.304092
v -42.530300 13.285500 -146.489899
v -48.770699 -8.264300 -150.912201
v -48.770699 -8.264300 -142.304092
v -39.429600 7.914900 -150.912201
v -39.429600 7.914900 -142.304092
v -48.770699 -8.264300 -150.912201
v -39.429600 7.914900 -150.912201
v -39.429600 7.914900 -142.304092
v -42.530300 13.285500 -146.489899
v -20.747499 7.914900 -142.304092
v -17.646799 13.285500 -146.489899
v -39.429600 7.914900 -150.912201
v -39.429600 7.914900 -142.304092
v -20.747499 7.914900 -150.912201
v -20.747499 7.914900 -142.304092
v -39.429600 7.914900 -150.912201
v -20.747499 7.914900 -150.912201
v -22.036400 -2.147200 -156.048706
v -30.395000 4.757400 -153.147705
v -24.562799 -3.420300 -161.268402
v -32.094501 -2.015600 -156.060196
v -33.965500 -1.247400 -151.739594
v -33.965500 -1.247400 -151.739594
v -30.395000 4.757400 -153.147705
v -35.504200 -0.327100 -148.936203
v -26.919600 1.373800 -149.085007
v -22.036400 -2.147200 -156.048706
v -20.037901 -9.163200 -156.289505
v -27.101500 -10.401200 -158.172104
v -33.483601 -10.315900 -156.188705
v -36.450600 -9.381500 -148.143997
v -29.011999 -5.582100 -140.490204
v -27.205000 -15.985000 -147.566299
v -23.249800 -7.712100 -148.290100
v -20.037901 -9.163200 -156.289505
v -31.077700 -48.809898 -60.324001
v -27.233200 -40.896999 -56.578602
v -40.025902 -48.809898 -54.781898
v -43.140202 -46.665501 -45.244202
v -37.163399 -48.809898 -41.269901
v -29.994301 -48.809898 -41.269901
v -25.025801 -49.260899 -48.878101
v -23.774000 -52.322201 -56.713699
v -23.774000 -52.322201 -56.713699
v -40.882301 -56.874199 -51.993599
v -34.379601 -56.786900 -56.840801
v -42.234699 -54.431301 -44.178001
v -42.234699 -54.431301 -44.178001
v -35.812500 -58.510799 -40.296501
v -28.285801 -56.840099 -46.966599
v -29.290300 -55.960499 -54.695099
v -29.290300 -55.960499 -54.695099
v -35.151199 -67.044098 -53.058498
v -36.674400 -65.928398 -47.534100
v -36.674400 -65.928398 -47.534100
v -32.381302 -65.868202 -46.964100
v -30.156200 -67.138000 -51.881802
v -35.837898 -72.348198 -47.624699
v -35.837898 -72.348198 -47.624699
v -30.156200 -67.138000 -51.881802
v 6.002600 -2.693900 -155.004501
v 16.434299 -2.693900 -155.004501
v 6.002600 -2.693900 -137.235397
v 16.434200 -2.693900 -137.235397
v 16.434299 -13.400100 -155.004501
v 6.002600 -13.400100 -155.004501
v 16.434299 -13.400100 -137.235397
v 6.002600 -13.400100 -137.235397
v 16.434299 -2.693900 -155.004501
v 16.434299 -13.400100 -155.004501
v 16.434200 -2.693900 -137.235397
v 16.434299 -13.400100 -137.235397
v 6.002600 -2.693900 -137.235397
v 16.434200 -2.693900 -137.235397
v 6.002600 -13.400100 -137.235397
v 16.434299 -13.400100 -137.235397
v 6.002600 -2.693900 -155.004501
v 6.002600 -2.693900 -137.235397
v 6.002600 -13.400100 -155.004501
v 6.002600 -13.400100 -137.235397
v 16.434299 -13.400100 -155.004501
v 16.434299 -2.693900 -155.004501
v 6.002600 -13.400100 -155.004501
v 6.002600 -2.693900 -155.004501
v -33.300900 -57.985802 -22.615101
v -29.322100 -47.040001 -25.466700
v -29.135900 -56.476101 -28.408501
v -29.766500 -51.229000 -31.985500
v -35.670200 -48.058800 -30.724600
v -35.670200 -48.058800 -30.724600
v -29.322100 -47.040001 -25.466700
v -38.031799 -51.226002 -26.260000
v -33.300900 -57.985802 -22.615101
v -30.530399 -62.432098 -31.667200
v -30.138100 -58.339901 -35.740601
v -36.645401 -53.783001 -35.033401
v -39.485600 -56.867401 -29.841700
v -34.124298 -60.299400 -37.299702
v -36.141102 -60.725399 -31.260900
v -36.141102 -60.725399 -31.260900
v -34.108700 -28.759199 49.560699
v -55.470600 -28.759199 49.560699
v -34.108700 -28.759199 55.408100
v -55.470600 -28.759199 55.408100
v -34.108700 -22.863701 51.931499
v -56.171600 -22.863701 51.931499
v -34.108700 -28.877399 51.931499
v -55.693501 -28.877399 51.931499
v -55.403400 -29.058500 63.402401
v -55.403400 -29.058500 67.561096
v -34.378101 -29.058500 63.402302
v -34.378101 -29.058500 67.561096
v -34.003899 -28.759199 -31.671900
v -55.365700 -28.759199 -31.671900
v -34.003899 -28.759199 -25.824499
v -55.365700 -28.759199 -25.824499
v -34.003899 -22.863701 -29.014500
v -56.066799 -22.863701 -29.014500
v -34.003799 -28.877399 -29.014500
v -55.588699 -28.877399 -29.014500
v -55.298599 -29.058500 -17.830200
v -55.298599 -29.058500 -13.671500
v -34.273300 -29.058500 -17.830200
v -34.273300 -29.058500 -13.671500
v -50.071899 31.821600 177.104996
v -49.765701 35.321400 177.478104
v -62.465801 32.905998 177.104996
v -62.159599 36.405701 177.478104
v -68.569298 17.864300 -59.146400
v -70.217300 14.909500 -59.146400
v -58.110802 12.029700 -59.146400
v -59.758900 9.074900 -59.146400
v -80.198303 19.744801 -62.161800
v -84.079803 22.881001 -62.161800
v -80.198303 19.744801 -79.976501
v -84.079803 22.881001 -79.976501
v -52.110001 36.921902 60.355301
v -57.714199 36.921902 60.355301
v -52.110001 18.525801 60.355301
v -57.714199 18.525801 60.355301
v -54.656700 35.790298 50.138199
v -54.656700 43.507702 50.138199
v -54.656700 35.790298 23.177401
v -54.656700 43.507702 23.177401
v -47.509201 39.735500 85.978302
v -52.417301 39.735500 85.978302
v -47.509201 39.735500 67.630699
v -52.417301 39.735500 67.280899
v -27.973000 36.776699 60.338799
v -33.577202 36.776699 60.338799
v -27.973000 18.380699 60.338799
v -33.577202 18.380699 60.338799
v -4.498200 22.651899 53.675301
v -10.400900 32.875702 53.675301
v -7.204100 21.089600 53.675301
v -13.106800 31.313400 53.675301
v -4.498200 22.651899 64.107803
v -10.400900 32.875702 64.107803
v -7.204100 21.089600 64.107803
v -13.106800 31.313400 64.107803
v -52.417301 38.379700 67.280899
v -52.417301 38.379700 85.978203
v -47.509201 38.379700 67.630600
v -47.509201 38.379700 85.978203
v -27.973000 36.776699 -22.930799
v -33.577202 36.776699 -22.930799
v -27.973000 18.380699 -22.930799
v -33.577202 18.380699 -22.930799
v -4.498200 22.651800 -28.197201
v -10.400900 32.875702 -28.197201
v -7.204100 21.089600 -28.197201
v -13.106900 31.313400 -28.197201
v -4.498200 22.651800 -17.795099
v -10.400900 32.875702 -17.795099
v -7.204100 21.089600 -17.795099
v -13.106900 31.313400 -17.795099
v -52.417301 38.379700 -14.466600
v -52.417301 38.379700 4.230700
v -47.509201 38.379700 -14.116900
v -47.509201 38.379700 4.230700
v -51.513500 37.140301 -21.180901
v -56.751202 37.140202 -21.180901
v -51.513500 18.041599 -21.180901
v -56.751202 18.041599 -21.180901
v -59.313801 54.822701 -109.754501
v -64.917999 54.822701 -109.754501
v -59.313801 36.426701 -109.754501
v -64.917999 36.426701 -109.754501
v -35.007401 54.818699 -109.713699
v -40.611599 54.818699 -109.713699
v -35.007401 36.422699 -109.713699
v -40.611599 36.422699 -109.713699
v -36.078602 64.391602 -105.011200
v -14.748100 64.391602 -105.011200
v -36.078602 64.391602 -111.066002
v -14.748100 64.391602 -111.066002
v -78.588501 49.473099 -114.917099
v -82.998398 52.046600 -114.917099
v -88.105103 33.186199 -114.917099
v -92.514999 35.759701 -114.917099
v -12.904600 43.188202 -128.873398
v -8.815800 45.468899 -128.873398
v -22.513000 60.256401 -128.873398
v -18.424200 62.536999 -128.873398
v -78.588501 49.473099 -100.586800
v -82.998398 52.046600 -100.586800
v -88.105103 33.186199 -100.586800
v -92.514999 35.759701 -100.586800
v -45.334499 56.534901 -133.871902
v -45.334499 56.535000 -115.475998
v -39.730301 56.534901 -133.871902
v -39.730301 56.534901 -115.475998
v -18.711000 31.076300 -152.410294
v -18.711000 31.076300 -134.595596
v -14.436400 33.651001 -152.410294
v -14.436400 33.651001 -134.595596
v -32.021599 56.169300 -98.985199
v -32.021599 56.169300 -73.345299
v -25.398800 57.337101 -98.985199
v -25.398800 57.337101 -73.345299
v -35.778000 28.385000 198.355301
v -35.778000 28.385000 182.543594
v -40.718601 28.909700 198.355301
v -40.718601 28.909700 182.543594
v 60.290798 38.730400 56.815498
v 60.290699 29.581499 56.985199
v 92.514999 38.730400 56.815498
v 92.514999 29.581499 56.985199
v -39.837502 -23.233601 85.883102
v -34.929401 -23.233601 85.883102
v -39.837502 -23.233601 67.535400
v -34.929401 -23.233601 67.185699
v -59.373699 -20.274700 58.721500
v -53.769501 -20.274799 58.721500
v -59.373699 -1.878700 58.721500
v -53.769501 -1.878700 58.721500
v -82.848602 -6.149900 53.455101
v -76.945801 -16.373699 53.455200
v -80.142601 -4.587600 53.455101
v -74.239899 -14.811500 53.455200
v -82.848602 -6.149900 63.857201
v -76.945801 -16.373699 63.857201
v -80.142601 -4.587700 63.857201
v -74.239899 -14.811500 63.857201
v -35.833199 -20.638300 60.471401
v -30.595501 -20.638300 60.471401
v -35.833199 -1.539600 60.471401
v -30.595501 -1.539700 60.471401
v -29.984600 -29.066700 51.063702
v -29.984600 -21.349199 51.063702
v -29.984600 -29.066700 24.103001
v -29.984600 -21.349199 24.103001
v -35.131901 -20.420000 -20.972500
v -29.527700 -20.420000 -20.972500
v -35.131901 -2.023900 -20.972500
v -29.527700 -2.024000 -20.972500
v -39.732700 -23.233601 4.650500
v -34.824600 -23.233601 4.650500
v -39.732700 -23.233601 -13.697100
v -34.824600 -23.233601 -14.046800
v -59.268902 -20.274799 -20.989000
v -53.664700 -20.274799 -20.989000
v -59.268902 -1.878800 -20.989000
v -53.664700 -1.878800 -20.989000
v -82.743698 -6.149900 -27.652500
v -76.841003 -16.373800 -27.652500
v -80.037804 -4.587700 -27.652500
v -74.135101 -14.811500 -27.652500
v -30.643999 -27.005800 -58.150299
v -30.643999 -27.005800 -31.189600
v -30.643999 -19.288401 -58.150299
v -30.643999 -19.288401 -31.189600
v -82.743698 -6.150000 -16.821100
v -76.841003 -16.373800 -16.821100
v -80.037804 -4.587700 -16.821100
v -74.135101 -14.811500 -16.821100
v -29.562700 -34.453899 -149.056198
v -37.810799 -29.743401 -149.096100
v -31.266001 -37.023701 -148.925507
v -39.673801 -32.193901 -149.096100
v -43.148201 -24.460501 -148.968399
v -51.178699 -19.662001 -149.006195
v -44.847000 -26.812599 -148.845505
v -53.023102 -21.895901 -149.006195
v -24.734400 8.783400 -137.854706
v -30.379601 8.783400 -137.854706
v -24.734400 8.783400 -118.649300
v -30.379601 8.783400 -118.649300
v -17.686600 11.169100 -160.095505
v -20.194401 11.169100 -160.095505
v -17.686600 11.169100 -151.093506
v -20.194401 11.169100 -151.093506
v 11.056400 -9.562500 -171.361801
v 5.823300 -9.562500 -171.361801
v 11.056400 -9.562500 -154.033493
v 5.823300 -9.562500 -154.033493
v -8.696500 -6.374800 -160.182999
v -11.194500 -6.374800 -160.182999
v -8.696500 -6.374800 -151.009506
v -11.194500 -6.374800 -151.009506
v -22.182699 -43.001400 -91.370003
v -22.182699 -43.001400 -109.184700
v -27.112200 -43.776699 -91.370003
v -27.112200 -43.776699 -109.184700
v -10.663900 43.223598 -86.377998
v -18.580400 38.653000 -86.377998
v -10.663900 43.223598 -125.360298
v -18.580400 38.653000 -125.360397
v -11.355600 43.181400 -126.306999
v -7.018500 35.669399 -126.306999
v -11.355600 43.181400 -86.255203
v -7.018500 35.669399 -86.255203
v -14.087700 31.587999 -86.255203
v -14.087600 31.587999 -126.306999
v -18.424700 39.099998 -86.255203
v -18.424700 39.099998 -126.306999
v -14.687600 31.910400 -125.360397
v -14.687600 31.910400 -86.377998
v -6.771100 36.480999 -125.360298
v -6.771100 36.480999 -86.377998
v -19.357300 41.641602 -30.968901
v -25.311701 35.702599 -30.968901
v -19.357300 41.641602 -68.270302
v -25.311701 35.702599 -68.270302
v -14.029300 36.973999 -68.270302
v -19.983700 31.035000 -68.270302
v -14.029300 36.973999 -30.968901
v -19.983700 31.035000 -30.968901
v -19.728901 41.736599 -30.968901
v -19.728901 41.736599 -68.270302
v -14.093300 36.086399 -30.968901
v -14.093300 36.086399 -68.270302
v -19.299101 30.894100 -68.270302
v -24.934601 36.544300 -68.270302
v -19.299101 30.894100 -30.968901
v -24.934700 36.544300 -30.968901
v -35.125999 39.524899 -30.941900
v -35.125999 39.524899 -59.834202
v -27.723101 39.524899 -30.941900
v -27.723101 39.524899 -59.834202
v -31.113001 39.344299 -30.333799
v -31.113001 39.344299 -59.226101
v -31.113001 31.011400 -30.333799
v -31.113001 31.011299 -59.226101
v -79.131203 54.943501 -64.753601
v -48.228298 37.101700 -64.753601
v -79.131203 54.943501 -57.813702
v -48.228298 37.101700 -57.813702
v -51.404701 31.600000 -64.782204
v -82.307602 49.441799 -64.782204
v -51.404701 31.600000 -57.842300
v -82.307602 49.441799 -57.842300
v -47.975601 37.373402 -58.291000
v -51.607399 31.082899 -58.291000
v -78.878502 55.215199 -58.291000
v -82.510300 48.924702 -58.291000
v -82.510300 48.924702 -64.600800
v -51.607399 31.082899 -64.600700
v -78.878502 55.215199 -64.600800
v -47.975601 37.373402 -64.600700
v -81.544601 50.820000 -20.153299
v -66.181297 42.032501 -20.339199
v -81.544197 50.822399 -24.792900
v -66.180901 42.034901 -24.978800
v -61.472801 44.188801 -24.845100
v -61.473000 44.186199 -20.212000
v -79.877899 54.746300 -24.844999
v -79.878197 54.743698 -20.212000
v -79.411797 54.791401 -20.692699
v -61.063900 44.212101 -20.692699
v -81.682800 50.745499 -20.695101
v -63.334801 40.166302 -20.695101
v -63.333801 40.167999 -24.667801
v -61.062901 44.213902 -24.665501
v -81.681702 50.747200 -24.667801
v -79.410797 54.793098 -24.665501
v -83.091797 56.837700 -104.726799
v -82.885902 56.495499 -20.697399
v -77.243599 53.999401 -104.369400
v -77.038597 53.658798 -20.723301
v -82.720299 48.964001 -104.759804
v -82.514297 48.621799 -20.730400
v -79.882599 54.809700 -104.359596
v -79.677597 54.469101 -20.713499
v -41.835098 38.606098 59.662899
v -41.835098 45.152901 59.662899
v -41.835098 38.606098 -28.792700
v -41.835098 45.152901 -28.792700
v -38.853199 45.042000 60.029099
v -44.579201 45.042000 60.029099
v -38.853199 45.042000 148.032700
v -44.579201 45.042000 148.032700
v -41.835098 38.606098 148.118607
v -41.835098 45.152901 148.118607
v -38.853199 45.042000 -27.974600
v -44.579201 45.042000 -27.974600
v -41.954102 35.093102 130.142899
v -41.954102 36.493301 130.142899
v -41.954102 35.093102 111.223900
v -41.954102 36.493301 111.223900
v -41.316399 36.469601 130.172806
v -42.541000 36.469601 130.172806
v -41.316399 36.469601 149.043503
v -42.541000 36.469601 149.043503
v -41.954102 35.093102 92.299004
v -41.966099 36.493301 92.303001
v -41.954102 35.093102 73.374001
v -41.978100 36.493301 73.382004
v -41.316399 36.469601 92.380302
v -42.541000 36.469601 92.380302
v -41.316399 36.469601 111.302200
v -42.541000 36.469601 111.302200
v -41.954102 35.093102 54.455101
v -41.966099 36.493301 54.459099
v -41.954102 35.093102 35.536098
v -41.954102 36.493301 35.536098
v -41.316399 36.469601 54.536400
v -42.541000 36.469601 54.536400
v -41.316399 36.469601 73.458298
v -42.541000 36.469601 73.458298
v -41.954102 35.093102 16.617201
v -41.954102 36.493301 16.617201
v -41.954102 35.093102 -2.301800
v -41.954102 36.493301 -2.301800
v -41.316399 36.469601 16.695400
v -42.541000 36.469601 16.695400
v -41.316399 36.469601 35.614399
v -42.541000 36.469601 35.614399
v -41.954102 35.093102 -21.160601
v -41.954102 36.493301 -21.160601
v -41.954102 35.093102 -40.019299
v -41.954102 36.493301 -40.019299
v -41.316399 36.469601 -21.082199
v -42.541000 36.469601 -21.082199
v -41.316399 36.469601 -2.223500
v -42.541000 36.469601 -2.223500
v -41.954102 35.093102 -60.803799
v -41.954102 35.093102 -40.019299
v -41.954102 36.493301 -60.803799
v -41.954102 36.493301 -40.019299
v -41.316399 36.469601 -39.941002
v -41.316399 36.469601 -60.628899
v -42.541000 36.469601 -39.941002
v -42.541000 36.469601 -60.628899
v -41.954102 35.093102 -2.301800
v -41.954102 36.493301 -2.301800
v -41.954102 35.093102 -21.160601
v -41.954102 36.493301 -21.160601
v -41.316399 36.469601 -39.941002
v -42.541000 36.469601 -39.941002
v -41.316399 36.469601 -21.082199
v -42.541000 36.469601 -21.082199
v -41.954102 35.093102 73.374001
v -41.978100 36.493301 73.382004
v -41.954102 35.093102 54.455101
v -41.966099 36.493301 54.459099
v -41.316399 36.469601 35.614399
v -42.541000 36.469601 35.614399
v -41.316399 36.469601 54.536400
v -42.541000 36.469601 54.536400
v -41.954102 35.093102 111.223900
v -41.954102 36.493301 111.223900
v -41.954102 35.093102 92.299004
v -41.966099 36.493301 92.303001
v -41.316399 36.469601 73.458298
v -42.541000 36.469601 73.458298
v -41.316399 36.469601 92.380302
v -42.541000 36.469601 92.380302
v -41.954102 35.093102 149.061798
v -41.954102 36.493301 149.061798
v -41.954102 35.093102 130.142899
v -41.954102 36.493301 130.142899
v -41.316399 36.469601 111.302200
v -42.541000 36.469601 111.302200
v -41.316399 36.469601 130.172806
v -42.541000 36.469601 130.172806
v -41.954102 35.093102 35.536098
v -41.954102 36.493301 35.536098
v -41.954102 35.093102 16.617201
v -41.954102 36.493301 16.617201
v -41.316399 36.469601 -2.223500
v -42.541000 36.469601 -2.223500
v -41.316399 36.469601 16.695400
v -42.541000 36.469601 16.695400
v -81.544601 50.820000 61.594200
v -66.181297 42.032501 61.408298
v -81.544197 50.822399 56.954601
v -66.180901 42.034901 56.768700
v -61.472801 44.188801 56.902401
v -61.473000 44.186298 61.535500
v -79.877899 54.746300 56.902500
v -79.878197 54.743698 61.535500
v -79.411797 54.791401 61.054699
v -61.063900 44.212101 61.054699
v -81.682800 50.745499 61.052399
v -63.334801 40.166302 61.052399
v -63.333801 40.167999 57.079601
v -61.062901 44.213902 57.082001
v -81.681702 50.747200 57.079700
v -79.410797 54.793098 57.082001
v -39.357300 64.719902 -113.873001
v -60.547699 64.719902 -113.873001
v -39.357300 64.719902 -115.885696
v -60.547699 64.719902 -115.885696
v -40.070999 62.275002 -98.453903
v -61.261299 62.275002 -98.453903
v -40.070999 62.275002 -103.254204
v -61.261299 62.274899 -103.254204
v -61.261299 57.761101 -98.765099
v -61.261299 62.680099 -98.765099
v -40.070999 57.761101 -98.765099
v -40.070999 62.680099 -98.765099
v -60.547699 64.819199 -115.710602
v -60.547699 55.589802 -115.710602
v -39.357300 64.819199 -115.710602
v -39.357300 55.589802 -115.710602
v -61.261299 58.220001 -103.254204
v -61.261299 58.220001 -98.453903
v -40.070999 58.220001 -103.254204
v -40.070999 58.220001 -98.453903
v -40.070999 62.680099 -103.031601
v -61.261299 62.680099 -103.031601
v -40.070999 57.761101 -103.031601
v -61.261299 57.761002 -103.031601
v -39.357300 55.589802 -113.929001
v -60.547699 55.589802 -113.929001
v -39.357300 64.819199 -113.929001
v -60.547699 64.819199 -113.929001
v -60.547699 55.713402 -115.885696
v -60.547699 55.713402 -113.873001
v -39.357300 55.713402 -115.885696
v -39.357300 55.713402 -113.873001
v -53.238098 39.365601 52.313301
v -31.175100 39.365601 52.313301
v -53.238098 45.379299 52.313301
v -31.653200 45.379299 52.313301
v -31.876200 44.919399 55.503300
v -31.876200 44.919399 49.655899
v -53.238098 44.919399 55.503300
v -53.238098 44.919399 49.655899
v -52.968601 44.758099 67.656197
v -31.943300 44.758099 67.656303
v -52.968601 44.758099 63.497501
v -31.943300 44.758099 63.497601
v -49.318199 39.171501 54.092400
v -49.318199 10.279200 54.092400
v -41.915199 39.171501 54.092400
v -41.915199 10.279200 54.092400
v -45.305199 39.779598 54.272999
v -45.305199 10.887400 54.272999
v -45.305199 39.779598 62.605900
v -45.305199 10.887400 62.605999
v -32.306301 26.564800 169.617203
v -32.306301 26.564800 150.771606
v -33.706501 26.564800 169.617203
v -33.706501 26.564800 150.771606
v -33.682701 27.274500 169.647202
v -33.682701 26.049801 169.647202
v -33.682701 27.274500 188.444504
v -33.682701 26.049801 188.444504
v -43.720100 20.926201 169.571304
v -43.720100 22.326401 169.571304
v -43.720100 20.926201 150.635605
v -43.720100 22.326401 150.635605
v -43.082298 22.302700 169.649597
v -44.306999 22.302601 169.649597
v -43.082298 22.302700 188.471298
v -44.306999 22.302601 188.471298
v -32.306301 26.564800 131.991104
v -32.306301 26.564800 113.210503
v -33.706501 26.564800 131.991104
v -33.706501 26.564800 113.210503
v -33.682701 27.274500 132.069397
v -33.682701 26.049801 132.069397
v -33.682701 27.274500 150.849899
v -33.682701 26.049801 150.849899
v -43.720100 20.926201 131.699799
v -43.720100 22.326401 131.699799
v -43.720100 20.926201 112.783997
v -43.720100 22.326401 112.783997
v -43.082298 22.302700 131.778107
v -44.306999 22.302601 131.778107
v -43.082298 22.302700 150.713898
v -44.306999 22.302601 150.713898
v -33.706501 26.564800 113.210503
v -32.306301 26.564800 113.210503
v -33.706501 26.564800 88.425400
v -32.306301 26.564800 88.425400
v -33.682701 27.274500 113.288803
v -33.682701 27.274401 88.600403
v -33.682701 26.049801 113.288803
v -33.682701 26.049801 88.600403
v -43.720100 20.926201 89.296700
v -43.720100 20.926201 112.783997
v -43.720100 22.326401 89.296700
v -43.720100 22.326401 112.783997
v -43.082298 22.302601 112.862297
v -43.082298 22.302601 89.471703
v -44.306999 22.302601 112.862297
v -44.306999 22.302601 89.471703
v -43.720100 20.926201 150.635605
v -43.720100 22.326401 150.635605
v -43.720100 20.926201 131.699799
v -43.720100 22.326401 131.699799
v -43.082298 22.302601 112.862297
v -44.306999 22.302601 112.862297
v -43.082298 22.302700 131.778107
v -44.306999 22.302601 131.778107
v -43.720100 20.926201 188.489594
v -43.720100 22.326401 188.489594
v -43.720100 20.926201 169.571304
v -43.720100 22.326401 169.571304
v -43.082298 22.302700 150.713898
v -44.306999 22.302601 150.713898
v -43.082298 22.302700 169.649597
v -44.306999 22.302601 169.649597
v -33.706501 26.564800 150.771606
v -32.306301 26.564800 150.771606
v -33.706501 26.564800 131.991104
v -32.306301 26.564800 131.991104
v -33.682701 27.274500 113.288803
v -33.682701 26.049801 113.288803
v -33.682701 27.274500 132.069397
v -33.682701 26.049801 132.069397
v -33.706501 26.564800 188.462799
v -32.306301 26.564800 188.462799
v -33.706501 26.564800 169.617203
v -32.306301 26.564800 169.617203
v -33.682701 27.274500 150.849899
v -33.682701 26.049801 150.849899
v -33.682701 27.274500 169.647202
v -33.682701 26.049801 169.647202
v -10.338300 35.521198 61.643002
v 61.822498 35.329601 61.358601
v -10.031300 35.434700 56.061298
v 61.800201 35.243999 55.778099
v -10.366600 29.527901 58.496300
v 61.794201 29.336399 58.211899
v -10.023000 35.107498 58.409302
v 61.808601 34.916801 58.126202
v 39.178001 26.053900 59.183498
v 39.178001 27.454100 59.183498
v 20.259701 26.053900 59.183498
v 20.259701 27.454100 59.183498
v 39.256302 27.430401 58.545700
v 39.256302 27.430401 59.770401
v 58.077999 27.430401 58.545700
v 58.077999 27.430401 59.770401
v 4.215600 26.070601 59.270500
v 20.259701 26.053900 59.183498
v 4.292600 27.320900 59.251099
v 20.259701 27.454100 59.183498
v 4.264900 27.473301 59.834099
v 20.434601 27.430401 59.770401
v 4.338600 27.473101 58.609200
v 20.434601 27.430401 58.545700
v 58.096401 26.053900 59.183498
v 58.096401 27.454201 59.183498
v 39.178001 26.053900 59.183498
v 39.178001 27.454100 59.183498
v 20.434601 27.430401 58.545700
v 20.434601 27.430401 59.770401
v 39.256302 27.430401 58.545700
v 39.256302 27.430401 59.770401
v 4.281500 -1.567300 -155.350601
v 4.281600 -1.567200 -130.169601
v 6.834400 -1.567200 -155.350601
v 6.834400 -1.567200 -130.169601
v 16.766001 -14.628900 -125.843903
v 16.766001 -11.936400 -125.843903
v 16.766001 -14.628900 -151.345795
v 16.766001 -11.936400 -151.345795
v 14.078900 -14.661000 -125.844002
v 16.771400 -14.661000 -125.844002
v 14.078900 -14.661000 -151.345795
v 16.771400 -14.661000 -151.345795
v 4.212600 -4.234700 -130.195999
v 4.212600 -1.590200 -130.195999
v 4.212600 -4.234700 -155.376999
v 4.212600 -1.590200 -155.376999
v -22.572701 -6.194800 -150.819794
v -22.572701 -6.194800 -146.821198
v -6.967000 -6.194800 -150.819794
v -6.967000 -6.194800 -146.821198
v -6.638600 -6.292300 -148.988693
v -22.244200 -6.292400 -148.988693
v -6.638600 -10.793300 -148.988693
v -22.244200 -10.793300 -148.988693
v -23.421301 -25.490801 -48.929298
v -23.421301 -25.490801 -44.189999
v -23.421301 -45.701500 -48.929298
v -23.421301 -45.701500 -44.189999
v -23.581600 -46.192299 -48.607800
v -19.084400 -46.192299 -48.607800
v -23.581600 -25.427200 -48.607800
v -19.084400 -25.427200 -48.607800
v -19.084400 -25.427200 -44.375801
v -19.084400 -46.192299 -44.375801
v -23.581600 -25.427200 -44.375801
v -23.581600 -46.192299 -44.375801
v -19.384701 -45.701500 -44.189999
v -19.384800 -25.490801 -44.189999
v -19.384701 -45.701500 -48.929298
v -19.384701 -25.490801 -48.929298
v -53.238098 39.365601 -29.434200
v -31.175100 39.365601 -29.434200
v -53.238098 45.379299 -29.434200
v -31.653299 45.379299 -29.434200
v -31.876200 44.919399 -26.244200
v -31.876200 44.919399 -32.091599
v -53.238098 44.919399 -26.244200
v -53.238098 44.919399 -32.091599
v -52.968601 44.758099 -14.091300
v -31.943300 44.758099 -14.091200
v -52.968601 44.758099 -18.249901
v -31.943300 44.758099 -18.249901
v -45.869598 -37.591900 7.417400
v -45.869598 -37.591900 25.595600
v -45.869598 -36.245998 7.417400
v -45.869598 -36.245998 25.595600
v -46.551701 -36.268799 7.342100
v -45.374500 -36.268799 7.342100
v -46.551701 -36.268799 -10.836100
v -45.374500 -36.268799 -10.836100
v -45.869598 -37.591900 43.775200
v -45.869598 -37.591999 61.954800
v -45.869598 -36.245998 43.775200
v -45.869598 -36.245998 61.954800
v -46.551701 -36.268799 43.653500
v -45.374500 -36.268799 43.653500
v -46.551701 -36.268799 25.520300
v -45.374500 -36.268799 25.520300
v -45.869598 -37.591900 -28.943701
v -45.869598 -37.591900 -10.760800
v -45.869598 -36.245998 -28.943701
v -45.869598 -36.245998 -10.760800
v -46.551701 -36.268799 -29.018999
v -45.374500 -36.268799 -29.018999
v -46.551701 -36.268799 -47.202000
v -45.374500 -36.268799 -47.202000
v -45.869598 -37.591900 -65.326500
v -45.869598 -37.591900 -47.126701
v -45.869598 -36.245998 -65.326500
v -45.869598 -36.245998 -47.126701
v -46.551701 -36.268799 -65.401802
v -45.374500 -36.268799 -65.401802
v -46.551701 -36.268799 -83.601700
v -45.374500 -36.268799 -83.601700
v -45.869598 -37.591900 -101.723099
v -45.869598 -37.591900 -83.526398
v -45.869598 -36.245998 -101.723099
v -45.869598 -36.245998 -83.526398
v -46.551701 -36.268799 -101.798401
v -45.374500 -36.268799 -101.798401
v -46.551701 -36.268799 -119.995102
v -45.374500 -36.268799 -119.995102
v -45.869598 -37.591999 -133.878601
v -45.869598 -37.591999 -119.919800
v -45.869598 -36.245998 -133.878601
v -45.869598 -36.245998 -119.919800
v -46.551701 -36.268799 -133.907394
v -45.374500 -36.268799 -133.907394
v -46.551701 -36.268799 -147.819794
v -45.374500 -36.268799 -147.819794
v -45.869598 -36.245998 -119.919800
v -45.869598 -37.591999 -119.919800
v -45.869598 -36.245998 -101.723099
v -45.869598 -37.591900 -101.723099
v -46.551701 -36.268799 -83.601700
v -45.374500 -36.268799 -83.601700
v -46.551701 -36.268799 -101.798401
v -45.374500 -36.268799 -101.798401
v -45.869598 -36.245998 -147.837402
v -45.869598 -37.591999 -147.837402
v -45.869598 -36.245998 -133.878601
v -45.869598 -37.591999 -133.878601
v -46.551701 -36.268799 -119.995102
v -45.374500 -36.268799 -119.995102
v -46.551701 -36.268799 -133.907394
v -45.374500 -36.268799 -133.907394
v -45.869598 -36.245998 -83.526398
v -45.869598 -37.591900 -83.526398
v -45.869598 -36.245998 -65.326500
v -45.869598 -37.591900 -65.326500
v -46.551701 -36.268799 -47.202000
v -45.374500 -36.268799 -47.202000
v -46.551701 -36.268799 -65.401802
v -45.374500 -36.268799 -65.401802
v -45.869598 -36.245998 -47.126701
v -45.869598 -37.591900 -47.126701
v -45.869598 -36.245998 -28.943701
v -45.869598 -37.591900 -28.943701
v -46.551701 -36.268799 -10.836100
v -45.374500 -36.268799 -10.836100
v -46.551701 -36.268799 -29.018999
v -45.374500 -36.268799 -29.018999
v -45.869598 -36.245998 -10.760800
v -45.869598 -37.591900 -10.760800
v -45.869598 -36.245998 7.417400
v -45.869598 -37.591900 7.417400
v -46.551701 -36.268799 25.520300
v -45.374500 -36.268799 25.520300
v -46.551701 -36.268799 7.342100
v -45.374500 -36.268799 7.342100
v -45.869598 -36.245998 25.595600
v -45.869598 -37.591900 25.595600
v -45.869598 -36.245998 43.775200
v -45.869598 -37.591900 43.775200
v -46.551701 -36.268799 61.786598
v -45.374500 -36.268799 61.786598
v -46.551701 -36.268799 43.653500
v -45.374500 -36.268799 43.653500
v -52.711201 -3.834300 -151.397903
v -87.687103 -3.834300 -151.397903
v -52.711201 -3.834300 -143.822998
v -87.687202 -3.834300 -143.822998
v -52.711201 -3.759000 -144.422897
v -87.687103 -3.759000 -144.422897
v -52.711201 -11.333800 -144.422897
v -87.687202 -11.333900 -144.422897
v -41.560501 -24.108700 -73.069000
v -49.712601 -24.108700 -73.069000
v -41.560501 -24.108700 52.221901
v -49.712601 -24.108700 52.221901
v -44.988701 -33.938599 -72.547699
v -44.988701 -33.938599 53.386700
v -44.988602 -24.617701 -72.547600
v -44.988602 -24.617800 53.386700
v -41.560501 -24.108700 -198.359802
v -49.712700 -24.108601 -198.359802
v -44.988701 -24.617701 -198.481995
v -44.988701 -33.938599 -198.481995
v -37.932301 70.205299 -112.449997
v -40.992599 72.348198 -107.307999
v -38.470100 66.524498 -107.307999
v -32.980701 66.738197 -110.485901
v -32.980701 66.738197 -104.129997
v -37.932301 70.205299 -102.165901
v -37.932301 70.205299 -112.449997
v -37.932301 70.205299 -102.165901
v -40.992599 72.348198 -107.307999
v -32.980701 66.738197 -110.485901
v -32.980701 66.738197 -104.129997
v -32.637699 36.070999 171.574097
v -32.518902 36.094299 181.441101
v -51.000401 37.790298 171.521896
v -50.881699 37.813599 181.486801
v -33.572498 25.342600 181.408905
v -33.691200 25.319401 171.536407
v -51.548199 26.848101 181.307693
v -52.054001 27.038700 171.484207
v -51.548199 26.848101 181.307693
v -52.054001 27.038700 171.484207
v -50.881699 37.813599 181.486801
v -51.000401 37.790298 171.521896
v -33.572498 25.342600 181.408905
v -51.548199 26.848101 181.307693
v -32.518902 36.094299 181.441101
v -50.881699 37.813599 181.486801
v -33.691200 25.319401 171.536407
v -33.572498 25.342600 181.408905
v -32.637699 36.070999 171.574097
v -32.518902 36.094299 181.441101
v -38.718102 27.765301 153.909195
v -38.612202 27.771799 171.639603
v -38.139599 34.271702 155.562103
v -38.075298 34.655399 171.502304
v -45.915901 45.270599 145.131393
v -47.429798 28.469299 153.930405
v -36.692001 44.463600 145.131302
v -38.718102 27.765301 153.909195
v -36.692001 44.463600 145.131302
v -37.040501 47.779800 149.196793
v -38.612202 27.771799 171.639603
v -48.201599 28.560200 171.639603
v -46.591499 34.901501 155.655899
v -46.368999 48.595901 149.196793
v -38.139599 34.271702 155.562103
v -37.040501 47.779800 149.196793
v -48.201599 28.560200 171.639603
v -47.429798 28.469299 153.930405
v -47.535099 35.432400 171.502197
v -46.591499 34.901501 155.655899
v -46.368999 48.595901 149.196793
v -45.915901 45.270599 145.131393
v -38.075298 34.655399 171.502304
v -47.535099 35.432400 171.502197
v -47.535099 35.432400 171.502197
v -38.075298 34.655399 171.502304
v -51.000401 37.790298 171.521896
v -32.637699 36.070999 171.574097
v -33.691200 25.319401 171.536407
v -38.612202 27.771799 171.639603
v -48.201599 28.560200 171.639603
v -52.054001 27.038700 171.484207
v -87.145897 -3.275700 -140.915894
v -90.228500 -8.455200 -143.074295
v -83.847099 -8.455200 -142.692993
v -82.158096 -5.254000 -137.423401
v -82.158096 -11.656400 -137.423401
v -87.145897 -13.634800 -140.915894
v -87.145897 -3.275700 -140.915894
v -87.145897 -13.634800 -140.915894
v -90.228500 -8.455200 -143.074295
v -82.158096 -5.254000 -137.423401
v -82.158096 -11.656400 -137.423401
vt 0.734800 0.230700
vt 0.660000 0.175700
vt 0.713800 0.342500
vt 0.646600 0.433600
vt 0.582700 0.392800
vt 0.562100 0.329800
vt 0.557900 0.235200
vt 0.529100 0.146200
vt 0.789100 0.152600
vt 0.787700 0.386300
vt 0.806000 0.292800
vt 0.754300 0.474900
vt 0.533400 0.470700
vt 0.479400 0.390200
vt 0.479900 0.274400
vt 0.458800 0.186800
vt 0.827800 0.228300
vt 0.906800 0.346400
vt 0.900100 0.413700
vt 0.377400 0.400300
vt 0.383600 0.338300
vt 0.356700 0.275000
vt 0.973500 0.393300
vt 0.308500 0.365100
vt 0.935800 0.295800
vt 0.682700 0.560100
vt 0.671900 0.650200
vt 0.739200 0.555400
vt 0.783900 0.477500
vt 0.810100 0.562800
vt 0.805400 0.653400
vt 0.763500 0.708300
vt 0.716100 0.664500
vt 0.633000 0.568200
vt 0.685700 0.507300
vt 0.641800 0.450600
vt 0.868900 0.540400
vt 0.869800 0.475400
vt 0.864200 0.598200
vt 0.852000 0.671600
vt 0.825200 0.753600
vt 0.791800 0.781400
vt 0.689700 0.800300
vt 0.740800 0.849700
vt 0.631400 0.774900
vt 0.612600 0.648500
vt 0.533300 0.502500
vt 0.559600 0.577000
vt 0.976000 0.553400
vt 0.962200 0.636700
vt 0.926700 0.720200
vt 0.900600 0.811800
vt 0.489200 0.762700
vt 0.573100 0.747000
vt 0.523400 0.641000
vt 0.415000 0.573500
vt 0.994400 0.702500
vt 0.454700 0.689400
vt 0.581300 0.816300
vt 0.297200 0.802300
vt 0.154100 0.811100
vt 0.297200 0.994300
vt 0.154100 0.988100
vt 0.006400 0.803800
vt 0.006400 0.994700
vt 0.154100 0.811100
vt 0.154100 0.988100
vt 0.377500 0.729800
vt 0.345100 0.822100
vt 0.461900 0.722300
vt 0.442000 0.862100
vt 0.314000 0.869200
vt 0.553700 0.869200
vt 0.314000 0.994100
vt 0.553700 0.994100
vt 0.228100 0.660400
vt 0.280300 0.788800
vt 0.311200 0.645000
vt 0.364800 0.726900
vt 0.006400 0.803800
vt 0.006400 0.994700
vt 0.297200 0.994300
vt 0.297200 0.802300
vt 0.403800 0.581700
vt 0.321500 0.644400
vt 0.250200 0.507100
vt 0.345200 0.548400
vt 0.553700 0.994100
vt 0.314000 0.994100
vt 0.553700 0.869200
vt 0.314000 0.869200
vt 0.297200 0.802300
vt 0.154100 0.811100
vt 0.297200 0.994300
vt 0.154100 0.988100
vt 0.006400 0.803800
vt 0.006400 0.994700
vt 0.154100 0.811100
vt 0.154100 0.988100
vt 0.377500 0.729800
vt 0.345100 0.822100
vt 0.461900 0.722300
vt 0.442000 0.862100
vt 0.314000 0.869200
vt 0.553700 0.869200
vt 0.314000 0.994100
vt 0.553700 0.994100
vt 0.228100 0.660400
vt 0.280300 0.788800
vt 0.311200 0.645000
vt 0.364800 0.726900
vt 0.006400 0.803800
vt 0.006400 0.994700
vt 0.297200 0.994300
vt 0.297200 0.802300
vt 0.403800 0.581700
vt 0.321500 0.644400
vt 0.250200 0.507100
vt 0.345200 0.548400
vt 0.553700 0.994100
vt 0.314000 0.994100
vt 0.553700 0.869200
vt 0.314000 0.869200
vt 0.297200 0.802300
vt 0.154100 0.811100
vt 0.297200 0.994300
vt 0.154100 0.988100
vt 0.006400 0.803800
vt 0.006400 0.994700
vt 0.154100 0.811100
vt 0.154100 0.988100
vt 0.377500 0.729800
vt 0.345100 0.822100
vt 0.461900 0.722300
vt 0.442000 0.862100
vt 0.314000 0.869200
vt 0.553700 0.869200
vt 0.314000 0.994100
vt 0.553700 0.994100
vt 0.228100 0.660400
vt 0.280300 0.788800
vt 0.311200 0.645000
vt 0.364800 0.726900
vt 0.006400 0.803800
vt 0.006400 0.994700
vt 0.297200 0.994300
vt 0.297200 0.802300
vt 0.403800 0.581700
vt 0.321500 0.644400
vt 0.250200 0.507100
vt 0.345200 0.548400
vt 0.553700 0.994100
vt 0.314000 0.994100
vt 0.553700 0.869200
vt 0.314000 0.869200
vt 0.297200 0.802300
vt 0.154100 0.811100
vt 0.297200 0.994300
vt 0.154100 0.988100
vt 0.006400 0.803800
vt 0.006400 0.994700
vt 0.154100 0.811100
vt 0.154100 0.988100
vt 0.377500 0.729800
vt 0.345100 0.822100
vt 0.461900 0.722300
vt 0.442000 0.862100
vt 0.314000 0.869200
vt 0.553700 0.869200
vt 0.314000 0.994100
vt 0.553700 0.994100
vt 0.228100 0.660400
vt 0.280300 0.788800
vt 0.311200 0.645000
vt 0.364800 0.726900
vt 0.006400 0.803800
vt 0.006400 0.994700
vt 0.297200 0.994300
vt 0.297200 0.802300
vt 0.403800 0.581700
vt 0.321500 0.644400
vt 0.250200 0.507100
vt 0.345200 0.548400
vt 0.553700 0.994100
vt 0.314000 0.994100
vt 0.553700 0.869200
vt 0.314000 0.869200
vt 0.297200 0.802300
vt 0.154100 0.811100
vt 0.297200 0.994300
vt 0.154100 0.988100
vt 0.006400 0.803800
vt 0.006400 0.994700
vt 0.154100 0.811100
vt 0.154100 0.988100
vt 0.377500 0.729800
vt 0.345100 0.822100
vt 0.461900 0.722300
vt 0.442000 0.862100
vt 0.314000 0.869200
vt 0.553700 0.869200
vt 0.314000 0.994100
vt 0.553700 0.994100
vt 0.228100 0.660400
vt 0.280300 0.788800
vt 0.311200 0.645000
vt 0.364800 0.726900
vt 0.006400 0.803800
vt 0.006400 0.994700
vt 0.297200 0.994300
vt 0.297200 0.802300
vt 0.403800 0.581700
vt 0.321500 0.644400
vt 0.250200 0.507100
vt 0.345200 0.548400
vt 0.553700 0.994100
vt 0.314000 0.994100
vt 0.553700 0.869200
vt 0.314000 0.869200
vt 0.297200 0.802300
vt 0.154100 0.811100
vt 0.297200 0.994300
vt 0.154100 0.988100
vt 0.006400 0.803800
vt 0.006400 0.994700
vt 0.154100 0.811100
vt 0.154100 0.988100
vt 0.377500 0.729800
vt 0.345100 0.822100
vt 0.461900 0.722300
vt 0.442000 0.862100
vt 0.314000 0.869200
vt 0.553700 0.869200
vt 0.314000 0.994100
vt 0.553700 0.994100
vt 0.228100 0.660400
vt 0.280300 0.788800
vt 0.311200 0.645000
vt 0.364800 0.726900
vt 0.006400 0.803800
vt 0.006400 0.994700
vt 0.297200 0.994300
vt 0.297200 0.802300
vt 0.403800 0.581700
vt 0.321500 0.644400
vt 0.250200 0.507100
vt 0.345200 0.548400
vt 0.553700 0.994100
vt 0.314000 0.994100
vt 0.553700 0.869200
vt 0.314000 0.869200
vt 0.297200 0.802300
vt 0.154100 0.811100
vt 0.297200 0.994300
vt 0.154100 0.988100
vt 0.006400 0.803800
vt 0.006400 0.994700
vt 0.154100 0.811100
vt 0.154100 0.988100
vt 0.377500 0.729800
vt 0.345100 0.822100
vt 0.461900 0.722300
vt 0.442000 0.862100
vt 0.314000 0.869200
vt 0.553700 0.869200
vt 0.314000 0.994100
vt 0.553700 0.994100
vt 0.228100 0.660400
vt 0.280300 0.788800
vt 0.311200 0.645000
vt 0.364800 0.726900
vt 0.006400 0.803800
vt 0.006400 0.994700
vt 0.297200 0.994300
vt 0.297200 0.802300
vt 0.403800 0.581700
vt 0.321500 0.644400
vt 0.250200 0.507100
vt 0.345200 0.548400
vt 0.553700 0.994100
vt 0.314000 0.994100
vt 0.553700 0.869200
vt 0.314000 0.869200
vt 0.297200 0.802300
vt 0.154100 0.811100
vt 0.297200 0.994300
vt 0.154100 0.988100
vt 0.006400 0.803800
vt 0.006400 0.994700
vt 0.154100 0.811100
vt 0.154100 0.988100
vt 0.377500 0.729800
vt 0.345100 0.822100
vt 0.461900 0.722300
vt 0.442000 0.862100
vt 0.314000 0.869200
vt 0.553700 0.869200
vt 0.314000 0.994100
vt 0.553700 0.994100
vt 0.228100 0.660400
vt 0.280300 0.788800
vt 0.311200 0.645000
vt 0.364800 0.726900
vt 0.006400 0.803800
vt 0.006400 0.994700
vt 0.297200 0.994300
vt 0.297200 0.802300
vt 0.403800 0.581700
vt 0.321500 0.644400
vt 0.250200 0.507100
vt 0.345200 0.548400
vt 0.553700 0.994100
vt 0.314000 0.994100
vt 0.553700 0.869200
vt 0.314000 0.869200
vt 0.297200 0.802300
vt 0.154100 0.811100
vt 0.297200 0.994300
vt 0.154100 0.988100
vt 0.006400 0.803800
vt 0.006400 0.994700
vt 0.154100 0.811100
vt 0.154100 0.988100
vt 0.377500 0.729800
vt 0.345100 0.822100
vt 0.461900 0.722300
vt 0.442000 0.862100
vt 0.553700 0.869200
vt 0.314000 0.869200
vt 0.553700 0.994100
vt 0.314000 0.994100
vt 0.228100 0.660400
vt 0.280300 0.788800
vt 0.311200 0.645000
vt 0.364800 0.726900
vt 0.006400 0.803800
vt 0.006400 0.994700
vt 0.297200 0.994300
vt 0.297200 0.802300
vt 0.403800 0.581700
vt 0.321500 0.644400
vt 0.250200 0.507100
vt 0.345200 0.548400
vt 0.314000 0.994100
vt 0.553700 0.994100
vt 0.314000 0.869200
vt 0.553700 0.869200
vt 0.297200 0.802300
vt 0.154100 0.811100
vt 0.297200 0.994300
vt 0.154100 0.988100
vt 0.006400 0.803800
vt 0.006400 0.994700
vt 0.154100 0.811100
vt 0.154100 0.988100
vt 0.377500 0.729800
vt 0.345100 0.822100
vt 0.461900 0.722300
vt 0.442000 0.862100
vt 0.314000 0.869200
vt 0.553700 0.869200
vt 0.314000 0.994100
vt 0.553700 0.994100
vt 0.228100 0.660400
vt 0.280300 0.788800
vt 0.311200 0.645000
vt 0.364800 0.726900
vt 0.006400 0.803800
vt 0.006400 0.994700
vt 0.297200 0.994300
vt 0.297200 0.802300
vt 0.403800 0.581700
vt 0.321500 0.644400
vt 0.250200 0.507100
vt 0.345200 0.548400
vt 0.553700 0.994100
vt 0.314000 0.994100
vt 0.553700 0.869200
vt 0.314000 0.869200
vt 0.553700 0.869200
vt 0.553700 0.994100
vt 0.314000 0.869200
vt 0.314000 0.994100
vt 0.314000 0.869200
vt 0.314000 0.994100
vt 0.553700 0.869200
vt 0.553700 0.994100
vt 0.311000 0.220600
vt 0.311000 0.131800
vt 0.408400 0.220600
vt 0.408400 0.131800
vt 0.213000 0.423000
vt 0.213000 0.206800
vt 0.082600 0.423000
vt 0.082600 0.206800
vt 0.301600 0.205100
vt 0.220200 0.205100
vt 0.301600 0.297300
vt 0.220200 0.297300
vt 0.207600 0.450300
vt 0.349200 0.416100
vt 0.234400 0.495700
vt 0.360500 0.469300
vt 0.995000 0.004900
vt 0.874500 0.004900
vt 0.995000 0.058600
vt 0.874500 0.058600
vt 0.176900 0.596900
vt 0.214800 0.613200
vt 0.753500 0.058600
vt 0.753500 0.004900
vt 0.139900 0.787900
vt 0.246000 0.794800
vt 0.139900 0.722600
vt 0.246000 0.722600
vt 0.349200 0.416100
vt 0.207600 0.450300
vt 0.360500 0.469300
vt 0.234400 0.495700
vt 0.214800 0.613200
vt 0.176900 0.596900
vt 0.006700 0.722000
vt 0.006700 0.795200
vt 0.147900 0.461800
vt 0.147900 0.540400
vt 0.168700 0.431700
vt 0.168700 0.579900
vt 0.078800 0.579900
vt 0.091100 0.540400
vt 0.091100 0.461800
vt 0.078800 0.431700
vt 0.553700 0.869200
vt 0.553700 0.994100
vt 0.314000 0.869200
vt 0.314000 0.994100
vt 0.553700 0.869200
vt 0.553700 0.994100
vt 0.314000 0.869200
vt 0.314000 0.994100
vt 0.311000 0.220600
vt 0.311000 0.131800
vt 0.408400 0.220600
vt 0.408400 0.131800
vt 0.213000 0.423000
vt 0.213000 0.206800
vt 0.082600 0.423000
vt 0.082600 0.206800
vt 0.301600 0.205100
vt 0.220200 0.205100
vt 0.301600 0.297300
vt 0.220200 0.297300
vt 0.207600 0.450300
vt 0.349200 0.416100
vt 0.234400 0.495700
vt 0.360500 0.469300
vt 0.995000 0.004900
vt 0.874500 0.004900
vt 0.995000 0.058600
vt 0.874500 0.058600
vt 0.176900 0.596900
vt 0.214800 0.613200
vt 0.753500 0.058600
vt 0.753500 0.004900
vt 0.139900 0.787900
vt 0.246000 0.794800
vt 0.139900 0.722600
vt 0.246000 0.722600
vt 0.349200 0.416100
vt 0.207600 0.450300
vt 0.360500 0.469300
vt 0.234400 0.495700
vt 0.214800 0.613200
vt 0.176900 0.596900
vt 0.006700 0.722000
vt 0.006700 0.795200
vt 0.147900 0.461800
vt 0.147900 0.540400
vt 0.168700 0.431700
vt 0.168700 0.579900
vt 0.078800 0.579900
vt 0.091100 0.540400
vt 0.091100 0.461800
vt 0.078800 0.431700
vt 0.061200 0.205800
vt 0.022700 0.205800
vt 0.061200 0.556300
vt 0.022700 0.556300
vt 0.022700 0.205800
vt 0.022700 0.556300
vt 0.061200 0.205800
vt 0.061200 0.556300
vt 0.022700 0.205800
vt 0.022700 0.556300
vt 0.061200 0.205800
vt 0.061200 0.556300
vt 0.022700 0.205800
vt 0.022700 0.556300
vt 0.061200 0.205800
vt 0.061200 0.556300
vt 0.553700 0.869200
vt 0.553700 0.994100
vt 0.314000 0.869200
vt 0.314000 0.994100
vt 0.553700 0.869200
vt 0.553700 0.994100
vt 0.314000 0.869200
vt 0.314000 0.994100
vt 0.082600 0.206800
vt 0.213000 0.206800
vt 0.082600 0.423000
vt 0.213000 0.423000
vt 0.408400 0.220600
vt 0.408400 0.131800
vt 0.311000 0.220600
vt 0.311000 0.131800
vt 0.213000 0.206800
vt 0.213000 0.423000
vt 0.082600 0.206800
vt 0.082600 0.423000
vt 0.301600 0.297300
vt 0.301600 0.205100
vt 0.220200 0.297300
vt 0.220200 0.205100
vt 0.994100 0.921000
vt 0.928600 0.921000
vt 0.994100 0.790400
vt 0.928600 0.790400
vt 0.272600 0.425400
vt 0.221200 0.425400
vt 0.272600 0.304200
vt 0.221200 0.304200
vt 0.928600 0.921000
vt 0.994100 0.921000
vt 0.928600 0.790400
vt 0.994100 0.790400
vt 0.272600 0.425400
vt 0.221200 0.425400
vt 0.272600 0.304200
vt 0.221200 0.304200
vt 0.553700 0.869200
vt 0.553700 0.994100
vt 0.314000 0.869200
vt 0.314000 0.994100
vt 0.553700 0.869200
vt 0.553700 0.994100
vt 0.314000 0.869200
vt 0.314000 0.994100
vt 0.311000 0.220600
vt 0.311000 0.131800
vt 0.408400 0.220600
vt 0.408400 0.131800
vt 0.213000 0.423000
vt 0.213000 0.206800
vt 0.082600 0.423000
vt 0.082600 0.206800
vt 0.301600 0.205100
vt 0.220200 0.205100
vt 0.301600 0.297300
vt 0.220200 0.297300
vt 0.207600 0.450300
vt 0.349200 0.416100
vt 0.234400 0.495700
vt 0.360500 0.469300
vt 0.995000 0.004900
vt 0.874500 0.004900
vt 0.995000 0.058600
vt 0.874500 0.058600
vt 0.176900 0.596900
vt 0.214800 0.613200
vt 0.753500 0.058600
vt 0.753500 0.004900
vt 0.139900 0.787900
vt 0.246000 0.794800
vt 0.139900 0.722600
vt 0.246000 0.722600
vt 0.349200 0.416100
vt 0.207600 0.450300
vt 0.360500 0.469300
vt 0.234400 0.495700
vt 0.214800 0.613200
vt 0.176900 0.596900
vt 0.006700 0.722000
vt 0.006700 0.795200
vt 0.147900 0.461800
vt 0.147900 0.540400
vt 0.168700 0.431700
vt 0.168700 0.579900
vt 0.078800 0.579900
vt 0.091100 0.540400
vt 0.091100 0.461800
vt 0.078800 0.431700
vt 0.165300 0.708200
vt 0.213900 0.708200
vt 0.165300 0.621200
vt 0.213900 0.621200
vt 0.994500 0.416600
vt 0.919600 0.416600
vt 0.994500 0.502500
vt 0.919600 0.502500
vt 0.876100 0.928800
vt 0.876100 0.995100
vt 0.994800 0.928800
vt 0.994800 0.995100
vt 0.876100 0.928800
vt 0.876100 0.995100
vt 0.994800 0.928800
vt 0.994800 0.995100
vt 0.009900 0.703500
vt 0.146400 0.713900
vt 0.009900 0.608200
vt 0.146400 0.593900
vt 0.009900 0.703500
vt 0.146400 0.713900
vt 0.009900 0.608200
vt 0.146400 0.593900
vt 0.994500 0.416600
vt 0.919600 0.416600
vt 0.994500 0.502500
vt 0.919600 0.502500
vt 0.876100 0.928800
vt 0.876100 0.995100
vt 0.994800 0.928800
vt 0.994800 0.995100
vt 0.876100 0.928800
vt 0.876100 0.995100
vt 0.994800 0.928800
vt 0.994800 0.995100
vt 0.009900 0.703500
vt 0.146400 0.713900
vt 0.009900 0.608200
vt 0.146400 0.593900
vt 0.009900 0.703500
vt 0.146400 0.713900
vt 0.009900 0.608200
vt 0.146400 0.593900
vt 0.994500 0.416600
vt 0.919600 0.416600
vt 0.994500 0.502500
vt 0.919600 0.502500
vt 0.876100 0.928800
vt 0.876100 0.995100
vt 0.994800 0.928800
vt 0.994800 0.995100
vt 0.876100 0.928800
vt 0.876100 0.995100
vt 0.994800 0.928800
vt 0.994800 0.995100
vt 0.009900 0.703500
vt 0.146400 0.713900
vt 0.009900 0.608200
vt 0.146400 0.593900
vt 0.009900 0.703500
vt 0.146400 0.713900
vt 0.009900 0.608200
vt 0.146400 0.593900
vt 0.994500 0.416600
vt 0.919600 0.416600
vt 0.994500 0.502500
vt 0.919600 0.502500
vt 0.876100 0.928800
vt 0.876100 0.995100
vt 0.994800 0.928800
vt 0.994800 0.995100
vt 0.876100 0.928800
vt 0.876100 0.995100
vt 0.994800 0.928800
vt 0.994800 0.995100
vt 0.009900 0.703500
vt 0.146400 0.713900
vt 0.009900 0.608200
vt 0.146400 0.593900
vt 0.009900 0.703500
vt 0.146400 0.713900
vt 0.009900 0.608200
vt 0.146400 0.593900
vt 0.994500 0.416600
vt 0.919600 0.416600
vt 0.994500 0.502500
vt 0.919600 0.502500
vt 0.876100 0.928800
vt 0.876100 0.995100
vt 0.994800 0.928800
vt 0.994800 0.995100
vt 0.876100 0.928800
vt 0.876100 0.995100
vt 0.994800 0.928800
vt 0.994800 0.995100
vt 0.009900 0.703500
vt 0.146400 0.713900
vt 0.009900 0.608200
vt 0.146400 0.593900
vt 0.009900 0.703500
vt 0.146400 0.713900
vt 0.009900 0.608200
vt 0.146400 0.593900
vt 0.853300 0.149600
vt 0.834000 0.192900
vt 0.970600 0.149600
vt 0.990000 0.192900
vt 0.990500 0.064300
vt 0.825700 0.064300
vt 0.990500 0.141900
vt 0.825700 0.141900
vt 0.853500 0.235900
vt 0.970700 0.235900
vt 0.970700 0.235900
vt 0.990000 0.192900
vt 0.853500 0.235900
vt 0.834000 0.192900
vt 0.825700 0.064300
vt 0.825700 0.141900
vt 0.990500 0.064300
vt 0.990500 0.141900
vt 0.970600 0.149600
vt 0.853300 0.149600
vt 0.853300 0.149600
vt 0.834000 0.192900
vt 0.970600 0.149600
vt 0.990000 0.192900
vt 0.825600 0.064300
vt 0.825600 0.141900
vt 0.990500 0.064300
vt 0.990500 0.141900
vt 0.853500 0.235900
vt 0.970700 0.235900
vt 0.970700 0.235900
vt 0.990000 0.192900
vt 0.853500 0.235900
vt 0.834000 0.192900
vt 0.825700 0.064300
vt 0.825700 0.141900
vt 0.990500 0.064300
vt 0.990500 0.141900
vt 0.970600 0.149600
vt 0.853300 0.149600
vt 0.970700 0.235900
vt 0.990000 0.192900
vt 0.853500 0.235900
vt 0.834000 0.192900
vt 0.825700 0.064300
vt 0.825700 0.141900
vt 0.990500 0.064300
vt 0.990500 0.141900
vt 0.970600 0.149600
vt 0.853300 0.149600
vt 0.970700 0.235900
vt 0.990000 0.192900
vt 0.853500 0.235900
vt 0.834000 0.192900
vt 0.825700 0.064300
vt 0.825700 0.141900
vt 0.990500 0.064300
vt 0.990500 0.141900
vt 0.970600 0.149600
vt 0.853300 0.149600
vt 0.588200 0.896100
vt 0.612100 0.820300
vt 0.623600 0.905800
vt 0.662100 0.863900
vt 0.677100 0.809400
vt 0.794900 0.822000
vt 0.853700 0.811000
vt 0.822500 0.855700
vt 0.842100 0.873900
vt 0.891600 0.877200
vt 0.630000 0.992300
vt 0.668700 0.930600
vt 0.701700 0.892600
vt 0.737300 0.862400
vt 0.796400 0.915600
vt 0.737200 0.962000
vt 0.822700 0.946700
vt 0.843600 0.971400
vt 0.734800 0.230700
vt 0.660000 0.175700
vt 0.713800 0.342500
vt 0.646600 0.433600
vt 0.582700 0.392800
vt 0.562100 0.329800
vt 0.557900 0.235200
vt 0.529100 0.146200
vt 0.789100 0.152600
vt 0.787700 0.386300
vt 0.806000 0.292800
vt 0.754300 0.474900
vt 0.533400 0.470700
vt 0.479400 0.390200
vt 0.479900 0.274400
vt 0.458800 0.186800
vt 0.827800 0.228300
vt 0.906800 0.346400
vt 0.900100 0.413700
vt 0.377400 0.400300
vt 0.383600 0.338300
vt 0.356700 0.275000
vt 0.973500 0.393300
vt 0.308500 0.365100
vt 0.935800 0.295800
vt 0.553700 0.869200
vt 0.553700 0.994100
vt 0.314000 0.869200
vt 0.314000 0.994100
vt 0.553700 0.869200
vt 0.553700 0.994100
vt 0.314000 0.869200
vt 0.314000 0.994100
vt 0.082600 0.206800
vt 0.213000 0.206800
vt 0.082600 0.423000
vt 0.213000 0.423000
vt 0.408400 0.220600
vt 0.408400 0.131800
vt 0.311000 0.220600
vt 0.311000 0.131800
vt 0.213000 0.206800
vt 0.213000 0.423000
vt 0.082600 0.206800
vt 0.082600 0.423000
vt 0.301600 0.297300
vt 0.301600 0.205100
vt 0.220200 0.297300
vt 0.220200 0.205100
vt 0.588200 0.896100
vt 0.612100 0.820300
vt 0.642000 0.889700
vt 0.662100 0.863900
vt 0.677100 0.809400
vt 0.794900 0.822000
vt 0.853700 0.811000
vt 0.822500 0.855700
vt 0.891600 0.877200
vt 0.668700 0.930600
vt 0.701700 0.892600
vt 0.737300 0.862400
vt 0.796400 0.915600
vt 0.737200 0.962000
vt 0.630000 0.992300
vt 0.843600 0.971400
vt 0.012200 0.124100
vt 0.213400 0.124100
vt 0.012200 0.063900
vt 0.213400 0.063900
vt 0.005600 0.060500
vt 0.195000 0.060500
vt 0.005600 0.003600
vt 0.195000 0.003600
vt 0.005600 0.003600
vt 0.005600 0.060500
vt 0.287000 0.003600
vt 0.287000 0.060500
vt 0.012200 0.124100
vt 0.213400 0.124100
vt 0.012200 0.063900
vt 0.213400 0.063900
vt 0.005600 0.060500
vt 0.195000 0.060500
vt 0.005600 0.003600
vt 0.195000 0.003600
vt 0.005600 0.003600
vt 0.005600 0.060500
vt 0.287000 0.003600
vt 0.287000 0.060500
vt 0.008300 0.135100
vt 0.008300 0.193700
vt 0.241200 0.135100
vt 0.241200 0.193700
vt 0.008300 0.193700
vt 0.008300 0.135100
vt 0.241200 0.193700
vt 0.241200 0.135100
vt 0.008300 0.135100
vt 0.008300 0.193700
vt 0.241200 0.135100
vt 0.241200 0.193700
vt 0.008300 0.135100
vt 0.008300 0.193700
vt 0.241200 0.135100
vt 0.241200 0.193700
vt 0.008300 0.135100
vt 0.008300 0.193700
vt 0.241200 0.135100
vt 0.241200 0.193700
vt 0.241200 0.135100
vt 0.241200 0.193700
vt 0.008300 0.135100
vt 0.008300 0.193700
vt 0.008300 0.135100
vt 0.008300 0.193700
vt 0.241200 0.135100
vt 0.241200 0.193700
vt 0.241200 0.193700
vt 0.008300 0.193700
vt 0.241200 0.135100
vt 0.008300 0.135100
vt 0.241200 0.193700
vt 0.008300 0.193700
vt 0.241200 0.135100
vt 0.008300 0.135100
vt 0.008300 0.135100
vt 0.241200 0.135100
vt 0.008300 0.193700
vt 0.241200 0.193700
vt 0.008300 0.135100
vt 0.008300 0.193700
vt 0.241200 0.135100
vt 0.241200 0.193700
vt 0.241200 0.193700
vt 0.008300 0.193700
vt 0.241200 0.135100
vt 0.008300 0.135100
vt 0.241200 0.193700
vt 0.008300 0.193700
vt 0.241200 0.135100
vt 0.008300 0.135100
vt 0.008300 0.135100
vt 0.241200 0.135100
vt 0.008300 0.193700
vt 0.241200 0.193700
vt 0.008300 0.135100
vt 0.008300 0.193700
vt 0.241200 0.135100
vt 0.241200 0.193700
vt 0.008300 0.193700
vt 0.008300 0.135100
vt 0.241200 0.193700
vt 0.241200 0.135100
vt 0.008300 0.193700
vt 0.008300 0.135100
vt 0.241200 0.193700
vt 0.241200 0.135100
vt 0.008300 0.135100
vt 0.241200 0.135100
vt 0.008300 0.193700
vt 0.241200 0.193700
vt 0.008300 0.193700
vt 0.008300 0.135100
vt 0.241200 0.193700
vt 0.241200 0.135100
vt 0.008300 0.193700
vt 0.008300 0.135100
vt 0.241200 0.193700
vt 0.241200 0.135100
vt 0.008300 0.193700
vt 0.008300 0.135100
vt 0.241200 0.193700
vt 0.241200 0.135100
vt 0.241200 0.135100
vt 0.008300 0.135100
vt 0.241200 0.193700
vt 0.008300 0.193700
vt 0.241200 0.193700
vt 0.008300 0.193700
vt 0.241200 0.135100
vt 0.008300 0.135100
vt 0.008300 0.135100
vt 0.241200 0.135100
vt 0.008300 0.193700
vt 0.241200 0.193700
vt 0.241200 0.193700
vt 0.008300 0.193700
vt 0.241200 0.135100
vt 0.008300 0.135100
vt 0.008300 0.135100
vt 0.008300 0.193700
vt 0.241200 0.135100
vt 0.241200 0.193700
vt 0.241200 0.135100
vt 0.241200 0.193700
vt 0.008300 0.135100
vt 0.008300 0.193700
vt 0.008300 0.135100
vt 0.008300 0.193700
vt 0.241200 0.135100
vt 0.241200 0.193700
vt 0.241200 0.193700
vt 0.008300 0.193700
vt 0.241200 0.135100
vt 0.008300 0.135100
vt 0.241200 0.193700
vt 0.008300 0.193700
vt 0.241200 0.135100
vt 0.008300 0.135100
vt 0.008300 0.135100
vt 0.008300 0.193700
vt 0.241200 0.135100
vt 0.241200 0.193700
vt 0.008300 0.135100
vt 0.008300 0.193700
vt 0.241200 0.135100
vt 0.241200 0.193700
vt 0.008300 0.135100
vt 0.008300 0.193700
vt 0.241200 0.135100
vt 0.241200 0.193700
vt 0.241200 0.135100
vt 0.241200 0.193700
vt 0.008300 0.135100
vt 0.008300 0.193700
vt 0.008300 0.135100
vt 0.008300 0.193700
vt 0.241200 0.135100
vt 0.241200 0.193700
vt 0.241200 0.193700
vt 0.008300 0.193700
vt 0.241200 0.135100
vt 0.008300 0.135100
vt 0.241200 0.135100
vt 0.008300 0.135100
vt 0.241200 0.193700
vt 0.008300 0.193700
vt 0.241200 0.193700
vt 0.008300 0.193700
vt 0.241200 0.135100
vt 0.008300 0.135100
vt 0.241200 0.135100
vt 0.008300 0.135100
vt 0.241200 0.193700
vt 0.008300 0.193700
vt 0.008300 0.135100
vt 0.241200 0.135100
vt 0.008300 0.193700
vt 0.241200 0.193700
vt 0.008300 0.135100
vt 0.008300 0.193700
vt 0.241200 0.135100
vt 0.241200 0.193700
vt 0.241200 0.193700
vt 0.241200 0.135100
vt 0.008300 0.193700
vt 0.008300 0.135100
vt 0.241200 0.193700
vt 0.241200 0.135100
vt 0.008300 0.193700
vt 0.008300 0.135100
vt 0.241200 0.193700
vt 0.241200 0.135100
vt 0.008300 0.193700
vt 0.008300 0.135100
vt 0.241200 0.193700
vt 0.008300 0.193700
vt 0.241200 0.135100
vt 0.008300 0.135100
vt 0.005600 0.003600
vt 0.005600 0.060500
vt 0.240900 0.003600
vt 0.240900 0.060500
vt 0.005600 0.003600
vt 0.005600 0.060500
vt 0.240900 0.003600
vt 0.240900 0.060500
vt 0.240900 0.003600
vt 0.005600 0.003600
vt 0.240900 0.060500
vt 0.005600 0.060500
vt 0.240900 0.003600
vt 0.005600 0.003600
vt 0.240900 0.060500
vt 0.005600 0.060500
vt 0.240900 0.060500
vt 0.240900 0.003600
vt 0.005600 0.060500
vt 0.005600 0.003600
vt 0.005600 0.003600
vt 0.005600 0.060500
vt 0.240900 0.003600
vt 0.240900 0.060500
vt 0.240900 0.003600
vt 0.005600 0.003600
vt 0.240900 0.060500
vt 0.005600 0.060500
vt 0.005600 0.060500
vt 0.005600 0.003600
vt 0.240900 0.060500
vt 0.240900 0.003600
vt 0.213400 0.063900
vt 0.007500 0.063900
vt 0.213400 0.124100
vt 0.007500 0.124100
vt 0.195000 0.003600
vt 0.005600 0.003600
vt 0.195000 0.060500
vt 0.005600 0.060500
vt 0.286900 0.003600
vt 0.005600 0.003600
vt 0.286900 0.060500
vt 0.005600 0.060500
vt 0.286900 0.003600
vt 0.005600 0.003600
vt 0.286900 0.060500
vt 0.005600 0.060500
vt 0.005600 0.003600
vt 0.005600 0.060500
vt 0.286900 0.003600
vt 0.286900 0.060500
vt 0.286900 0.060500
vt 0.005600 0.060500
vt 0.286900 0.003600
vt 0.005600 0.003600
vt 0.005600 0.060500
vt 0.224600 0.060500
vt 0.005600 0.003600
vt 0.224600 0.003600
vt 0.264600 0.060500
vt 0.264600 0.003600
vt 0.005600 0.060500
vt 0.005600 0.003600
vt 0.264600 0.003600
vt 0.005600 0.003600
vt 0.264600 0.060500
vt 0.005600 0.060500
vt 0.005600 0.003600
vt 0.005600 0.060500
vt 0.264600 0.003600
vt 0.264600 0.060500
vt 0.691800 0.063900
vt 0.003400 0.063900
vt 0.691800 0.124100
vt 0.003400 0.124100
vt 0.691800 0.124100
vt 0.003400 0.124100
vt 0.691800 0.063900
vt 0.003400 0.063900
vt 0.746700 0.003600
vt 0.746700 0.060500
vt 0.005600 0.003600
vt 0.005600 0.060500
vt 0.814900 0.124100
vt 0.814900 0.063900
vt 0.007500 0.124100
vt 0.007500 0.063900
vt 0.005600 0.003600
vt 0.005600 0.060500
vt 0.007500 0.124100
vt 0.007500 0.063900
vt 0.056500 0.003600
vt 0.056500 0.060500
vt 0.746700 0.003600
vt 0.746700 0.060500
vt 0.814900 0.124100
vt 0.814900 0.063900
vt 0.062900 0.124100
vt 0.062900 0.063900
vt 0.056500 0.003600
vt 0.056500 0.060500
vt 0.746700 0.003600
vt 0.746700 0.060500
vt 0.814900 0.124100
vt 0.814900 0.063900
vt 0.062900 0.124100
vt 0.062900 0.063900
vt 0.056500 0.003600
vt 0.056500 0.060500
vt 0.746700 0.003600
vt 0.746700 0.060500
vt 0.814900 0.124100
vt 0.814900 0.063900
vt 0.062900 0.124100
vt 0.062900 0.063900
vt 0.056500 0.003600
vt 0.056500 0.060500
vt 0.746700 0.003600
vt 0.746700 0.060500
vt 0.814900 0.124100
vt 0.814900 0.063900
vt 0.062900 0.124100
vt 0.062900 0.063900
vt 0.056500 0.003600
vt 0.056500 0.060500
vt 0.746700 0.003600
vt 0.746700 0.060500
vt 0.062900 0.124100
vt 0.062900 0.063900
vt 0.814900 0.124100
vt 0.814900 0.063900
vt 0.056500 0.003600
vt 0.746700 0.003600
vt 0.056500 0.060500
vt 0.746700 0.060500
vt 0.814900 0.124100
vt 0.062900 0.124100
vt 0.814900 0.063900
vt 0.062900 0.063900
vt 0.746700 0.003600
vt 0.746700 0.060500
vt 0.056500 0.003600
vt 0.056500 0.060500
vt 0.814900 0.124100
vt 0.814900 0.063900
vt 0.062900 0.124100
vt 0.062900 0.063900
vt 0.056500 0.003600
vt 0.056500 0.060500
vt 0.746700 0.003600
vt 0.746700 0.060500
vt 0.814900 0.124100
vt 0.814900 0.063900
vt 0.062900 0.124100
vt 0.062900 0.063900
vt 0.056500 0.003600
vt 0.056500 0.060500
vt 0.746700 0.003600
vt 0.746700 0.060500
vt 0.814900 0.124100
vt 0.814900 0.063900
vt 0.062900 0.124100
vt 0.062900 0.063900
vt 0.056500 0.003600
vt 0.056500 0.060500
vt 0.746700 0.003600
vt 0.746700 0.060500
vt 0.814900 0.124100
vt 0.814900 0.063900
vt 0.062900 0.124100
vt 0.062900 0.063900
vt 0.056500 0.003600
vt 0.056500 0.060500
vt 0.746700 0.003600
vt 0.746700 0.060500
vt 0.814900 0.124100
vt 0.814900 0.063900
vt 0.062900 0.124100
vt 0.062900 0.063900
vt 0.012400 0.060500
vt 0.240900 0.060500
vt 0.012400 0.003600
vt 0.240900 0.003600
vt 0.240900 0.060500
vt 0.240900 0.003600
vt 0.012400 0.060500
vt 0.012400 0.003600
vt 0.240900 0.003600
vt 0.012400 0.003600
vt 0.240900 0.060500
vt 0.012400 0.060500
vt 0.012400 0.003600
vt 0.012400 0.060500
vt 0.240900 0.003600
vt 0.240900 0.060500
vt 0.006900 0.205800
vt 0.006900 0.344000
vt 0.022700 0.205800
vt 0.022700 0.344000
vt 0.022700 0.344000
vt 0.022700 0.486800
vt 0.061200 0.344000
vt 0.061200 0.486800
vt 0.022700 0.486800
vt 0.061200 0.486800
vt 0.022700 0.344000
vt 0.061200 0.344000
vt 0.006900 0.344000
vt 0.075900 0.344000
vt 0.006900 0.205800
vt 0.075900 0.205800
vt 0.022700 0.486800
vt 0.061200 0.486800
vt 0.022700 0.344000
vt 0.061200 0.344000
vt 0.022700 0.344000
vt 0.022700 0.486800
vt 0.061200 0.344000
vt 0.061200 0.486800
vt 0.006900 0.205800
vt 0.006900 0.344000
vt 0.075900 0.205800
vt 0.075900 0.344000
vt 0.061200 0.344000
vt 0.075900 0.344000
vt 0.061200 0.205800
vt 0.075900 0.205800
vt 0.012400 0.060500
vt 0.195000 0.060500
vt 0.012400 0.003600
vt 0.195000 0.003600
vt 0.213400 0.124100
vt 0.213400 0.063900
vt 0.007500 0.124100
vt 0.007500 0.063900
vt 0.286900 0.003600
vt 0.012400 0.003600
vt 0.286900 0.060500
vt 0.012400 0.060500
vt 0.213400 0.063900
vt 0.007500 0.063900
vt 0.213400 0.124100
vt 0.007500 0.124100
vt 0.195000 0.003600
vt 0.005600 0.003600
vt 0.195000 0.060500
vt 0.005600 0.060500
vt 0.746700 0.003600
vt 0.012400 0.003600
vt 0.746700 0.060500
vt 0.012400 0.060500
vt 0.814900 0.124100
vt 0.814900 0.063900
vt 0.012200 0.124100
vt 0.012200 0.063900
vt 0.012400 0.003600
vt 0.012400 0.060500
vt 0.746700 0.003600
vt 0.746700 0.060500
vt 0.814900 0.124100
vt 0.814900 0.063900
vt 0.012200 0.124100
vt 0.012200 0.063900
vt 0.012400 0.003600
vt 0.746700 0.003600
vt 0.012400 0.060500
vt 0.746700 0.060500
vt 0.814900 0.124100
vt 0.814900 0.063900
vt 0.012200 0.124100
vt 0.012200 0.063900
vt 0.012400 0.003600
vt 0.012400 0.060500
vt 0.746700 0.003600
vt 0.746700 0.060500
vt 0.814900 0.124100
vt 0.814900 0.063900
vt 0.012200 0.124100
vt 0.012200 0.063900
vt 0.746700 0.060500
vt 0.746700 0.003600
vt 0.005600 0.060500
vt 0.005600 0.003600
vt 0.007500 0.124100
vt 0.814900 0.124100
vt 0.007500 0.063900
vt 0.814900 0.063900
vt 0.005600 0.003600
vt 0.746700 0.003600
vt 0.005600 0.060500
vt 0.746700 0.060500
vt 0.814900 0.124100
vt 0.007500 0.124100
vt 0.814900 0.063900
vt 0.007500 0.063900
vt 0.746700 0.003600
vt 0.746700 0.060500
vt 0.012400 0.003600
vt 0.012400 0.060500
vt 0.814900 0.124100
vt 0.814900 0.063900
vt 0.012200 0.124100
vt 0.012200 0.063900
vt 0.005600 0.003600
vt 0.005600 0.060500
vt 0.746700 0.003600
vt 0.746700 0.060500
vt 0.814900 0.124100
vt 0.814900 0.063900
vt 0.012200 0.124100
vt 0.012200 0.063900
vt 0.746700 0.060500
vt 0.746700 0.003600
vt 0.012400 0.060500
vt 0.012400 0.003600
vt 0.814900 0.124100
vt 0.814900 0.063900
vt 0.012200 0.124100
vt 0.012200 0.063900
vt 0.005600 0.060500
vt 0.005600 0.003600
vt 0.746700 0.060500
vt 0.746700 0.003600
vt 0.814900 0.124100
vt 0.814900 0.063900
vt 0.012200 0.124100
vt 0.012200 0.063900
vt 0.766700 0.063900
vt 0.062900 0.063900
vt 0.766700 0.124100
vt 0.062900 0.124100
vt 0.766700 0.124100
vt 0.062900 0.124100
vt 0.766700 0.063900
vt 0.062900 0.063900
vt 0.012400 0.003600
vt 0.012400 0.060500
vt 0.746700 0.003600
vt 0.746700 0.060500
vt 0.814900 0.124100
vt 0.814900 0.063900
vt 0.012200 0.124100
vt 0.012200 0.063900
vt 0.012400 0.060500
vt 0.746700 0.060500
vt 0.012400 0.003600
vt 0.746700 0.003600
vt 0.814900 0.063900
vt 0.012200 0.063900
vt 0.814900 0.124100
vt 0.012200 0.124100
vt 0.012400 0.003600
vt 0.012400 0.060500
vt 0.746700 0.003600
vt 0.746700 0.060500
vt 0.814900 0.124100
vt 0.814900 0.063900
vt 0.012200 0.124100
vt 0.012200 0.063900
vt 0.012200 0.063900
vt 0.666000 0.063900
vt 0.012200 0.124100
vt 0.666000 0.124100
vt 0.666000 0.124100
vt 0.666000 0.063900
vt 0.012200 0.124100
vt 0.012200 0.063900
vt 0.666000 0.124100
vt 0.666000 0.063900
vt 0.012200 0.124100
vt 0.012200 0.063900
vt 0.666000 0.063900
vt 0.666000 0.124100
vt 0.012200 0.063900
vt 0.012200 0.124100
vt 0.012200 0.124100
vt 0.012200 0.063900
vt 0.213400 0.124100
vt 0.213400 0.063900
vt 0.195000 0.003600
vt 0.005600 0.003600
vt 0.195000 0.060500
vt 0.005600 0.060500
vt 0.240900 0.003600
vt 0.240900 0.060500
vt 0.005600 0.003600
vt 0.005600 0.060500
vt 0.005600 0.003600
vt 0.005600 0.060500
vt 0.240900 0.003600
vt 0.240900 0.060500
vt 0.240900 0.003600
vt 0.005600 0.003600
vt 0.240900 0.060500
vt 0.005600 0.060500
vt 0.005600 0.003600
vt 0.240900 0.003600
vt 0.005600 0.060500
vt 0.240900 0.060500
vt 0.005600 0.060500
vt 0.195000 0.060500
vt 0.005600 0.003600
vt 0.195000 0.003600
vt 0.213400 0.124100
vt 0.213400 0.063900
vt 0.012200 0.124100
vt 0.012200 0.063900
vt 0.287100 0.003600
vt 0.005600 0.003600
vt 0.287100 0.060500
vt 0.005600 0.060500
vt 0.746700 0.003600
vt 0.012400 0.003600
vt 0.746700 0.060500
vt 0.012400 0.060500
vt 0.814900 0.124100
vt 0.814900 0.063900
vt 0.012200 0.124100
vt 0.012200 0.063900
vt 0.746700 0.003600
vt 0.012400 0.003600
vt 0.746700 0.060500
vt 0.012400 0.060500
vt 0.814900 0.124100
vt 0.814900 0.063900
vt 0.012200 0.124100
vt 0.012200 0.063900
vt 0.746700 0.003600
vt 0.012400 0.003600
vt 0.746700 0.060500
vt 0.012400 0.060500
vt 0.814900 0.124100
vt 0.814900 0.063900
vt 0.012200 0.124100
vt 0.012200 0.063900
vt 0.012400 0.003600
vt 0.746700 0.003600
vt 0.012400 0.060500
vt 0.746700 0.060500
vt 0.814900 0.124100
vt 0.814900 0.063900
vt 0.012200 0.124100
vt 0.012200 0.063900
vt 0.012400 0.003600
vt 0.746700 0.003600
vt 0.012400 0.060500
vt 0.746700 0.060500
vt 0.766700 0.124100
vt 0.766700 0.063900
vt 0.012200 0.124100
vt 0.012200 0.063900
vt 0.700900 0.003600
vt 0.012400 0.003600
vt 0.700900 0.060500
vt 0.012400 0.060500
vt 0.766700 0.124100
vt 0.766700 0.063900
vt 0.012200 0.124100
vt 0.012200 0.063900
vt 0.012400 0.060500
vt 0.012400 0.003600
vt 0.746700 0.060500
vt 0.746700 0.003600
vt 0.012200 0.124100
vt 0.012200 0.063900
vt 0.766700 0.124100
vt 0.766700 0.063900
vt 0.012400 0.060500
vt 0.012400 0.003600
vt 0.700900 0.060500
vt 0.700900 0.003600
vt 0.012200 0.124100
vt 0.012200 0.063900
vt 0.766700 0.124100
vt 0.766700 0.063900
vt 0.746700 0.060500
vt 0.746700 0.003600
vt 0.012400 0.060500
vt 0.012400 0.003600
vt 0.012200 0.124100
vt 0.012200 0.063900
vt 0.814900 0.124100
vt 0.814900 0.063900
vt 0.012400 0.060500
vt 0.012400 0.003600
vt 0.746700 0.060500
vt 0.746700 0.003600
vt 0.012200 0.124100
vt 0.012200 0.063900
vt 0.814900 0.124100
vt 0.814900 0.063900
vt 0.012400 0.060500
vt 0.012400 0.003600
vt 0.746700 0.060500
vt 0.746700 0.003600
vt 0.012200 0.124100
vt 0.012200 0.063900
vt 0.814900 0.124100
vt 0.814900 0.063900
vt 0.012400 0.060500
vt 0.012400 0.003600
vt 0.746700 0.060500
vt 0.746700 0.003600
vt 0.012200 0.124100
vt 0.012200 0.063900
vt 0.814900 0.124100
vt 0.814900 0.063900
vt 0.240900 0.060500
vt 0.005600 0.060500
vt 0.240900 0.003600
vt 0.005600 0.003600
vt 0.240900 0.060500
vt 0.005600 0.060500
vt 0.240900 0.003600
vt 0.005600 0.003600
vt 0.814900 0.124100
vt 0.814900 0.063900
vt 0.012200 0.124100
vt 0.012200 0.063900
vt 0.746700 0.003600
vt 0.005600 0.003600
vt 0.746700 0.060500
vt 0.005600 0.060500
vt 0.012200 0.124100
vt 0.012200 0.063900
vt 0.005600 0.060500
vt 0.005600 0.003600
vt 0.354200 0.513300
vt 0.409200 0.561100
vt 0.414700 0.499300
vt 0.382700 0.446100
vt 0.455400 0.452500
vt 0.471800 0.523500
vt 0.472700 0.835300
vt 0.569300 0.818200
vt 0.527100 0.861800
vt 0.481100 0.775200
vt 0.540800 0.764700
vt 0.553700 0.869200
vt 0.553700 0.994100
vt 0.314000 0.869200
vt 0.314000 0.994100
vt 0.553700 0.869200
vt 0.553700 0.994100
vt 0.314000 0.869200
vt 0.314000 0.994100
vt 0.311000 0.220600
vt 0.311000 0.131800
vt 0.408400 0.220600
vt 0.408400 0.131800
vt 0.213000 0.423000
vt 0.213000 0.206800
vt 0.082600 0.423000
vt 0.082600 0.206800
vt 0.301600 0.205100
vt 0.220200 0.205100
vt 0.301600 0.297300
vt 0.220200 0.297300
vt 0.207600 0.450300
vt 0.349200 0.416100
vt 0.234400 0.495700
vt 0.360500 0.469300
vt 0.995000 0.004900
vt 0.874500 0.004900
vt 0.995000 0.058600
vt 0.874500 0.058600
vt 0.176900 0.596900
vt 0.214800 0.613200
vt 0.753500 0.058600
vt 0.753500 0.004900
vt 0.139900 0.787900
vt 0.246000 0.794800
vt 0.139900 0.722600
vt 0.246000 0.722600
vt 0.349200 0.416100
vt 0.207600 0.450300
vt 0.360500 0.469300
vt 0.234400 0.495700
vt 0.214800 0.613200
vt 0.176900 0.596900
vt 0.006700 0.722000
vt 0.006700 0.795200
vt 0.147900 0.461800
vt 0.147900 0.540400
vt 0.168700 0.431700
vt 0.168700 0.579900
vt 0.078800 0.579900
vt 0.091100 0.540400
vt 0.091100 0.461800
vt 0.078800 0.431700
vt 0.354200 0.513300
vt 0.409200 0.561100
vt 0.415100 0.498600
vt 0.382700 0.446100
vt 0.455400 0.452500
vt 0.471800 0.523500
vt 0.472700 0.835300
vt 0.569300 0.818200
vt 0.527100 0.861800
vt 0.481100 0.775200
vt 0.540800 0.764700
f 1/1 3/3 2/2
f 3/3 4/4 2/2
f 4/4 5/5 2/2
f 5/5 6/6 2/2
f 6/6 7/7 2/2
f 7/7 8/8 2/2
f 9/9 1/1 2/2
f 10/10 3/3 11/11
f 3/3 1/1 11/11
f 10/10 12/12 3/3
f 12/12 4/4 3/3
f 13/13 14/14 5/5
f 5/5 14/14 6/6
f 14/14 15/15 6/6
f 15/15 7/7 6/6
f 8/8 15/15 16/16
f 17/17 11/11 1/1
f 11/11 18/18 10/10
f 18/18 19/19 10/10
f 19/19 12/12 10/10
f 20/20 21/21 14/14
f 22/22 15/15 21/21
f 15/15 14/14 21/21
f 15/15 22/22 16/16
f 17/17 18/18 11/11
f 19/19 18/18 23/23
f 21/21 20/20 24/24
f 22/22 21/21 24/24
f 18/18 25/25 23/23
f 7/7 15/15 8/8
f 9/9 17/17 1/1
f 25/25 18/18 17/17
f 13/13 20/20 14/14
f 4/4 13/13 5/5
f 26/26 28/28 27/27
f 29/29 30/30 28/28
f 30/30 31/31 28/28
f 31/31 32/32 28/28
f 32/32 33/33 28/28
f 34/34 36/36 35/35
f 37/37 30/30 38/38
f 30/30 29/29 38/38
f 37/37 39/39 30/30
f 40/40 31/31 39/39
f 31/31 30/30 39/39
f 40/40 41/41 31/31
f 41/41 32/32 31/31
f 32/32 41/41 42/42
f 43/43 42/42 44/44
f 45/45 46/46 27/27
f 46/46 34/34 27/27
f 36/36 48/48 47/47
f 38/38 49/49 37/37
f 37/37 50/50 39/39
f 50/50 51/51 40/40
f 40/40 51/51 41/41
f 41/41 52/52 42/42
f 53/53 55/55 54/54
f 54/54 55/55 46/46
f 46/46 55/55 48/48
f 47/47 48/48 56/56
f 50/50 49/49 57/57
f 51/51 50/50 57/57
f 52/52 51/51 57/57
f 55/55 58/58 56/56
f 48/48 55/55 56/56
f 54/54 46/46 45/45
f 45/45 59/59 54/54
f 27/27 34/34 26/26
f 49/49 50/50 37/37
f 39/39 50/50 40/40
f 58/58 55/55 53/53
f 34/34 46/46 48/48
f 51/51 52/52 41/41
f 43/43 32/32 42/42
f 33/33 27/27 28/28
f 43/43 27/27 33/33
f 43/43 33/33 32/32
f 35/35 26/26 34/34
f 35/35 28/28 26/26
f 34/34 48/48 36/36
f 45/45 27/27 43/43
f 60/60 62/62 61/61
f 62/62 63/63 61/61
f 64/64 66/66 65/65
f 66/66 67/67 65/65
f 68/68 70/70 69/69
f 70/70 71/71 69/69
f 72/72 74/74 73/73
f 74/74 75/75 73/73
f 76/76 78/78 77/77
f 78/78 79/79 77/77
f 61/61 63/63 80/80
f 63/63 81/81 80/80
f 67/67 66/66 82/82
f 66/66 83/83 82/82
f 84/84 70/70 85/85
f 70/70 68/68 85/85
f 76/76 86/86 78/78
f 86/86 87/87 78/78
f 88/88 90/90 89/89
f 90/90 91/91 89/89
f 92/92 94/94 93/93
f 94/94 95/95 93/93
f 96/96 98/98 97/97
f 98/98 99/99 97/97
f 100/100 102/102 101/101
f 102/102 103/103 101/101
f 104/104 106/106 105/105
f 106/106 107/107 105/105
f 108/108 110/110 109/109
f 110/110 111/111 109/109
f 93/93 95/95 112/112
f 95/95 113/113 112/112
f 99/99 98/98 114/114
f 98/98 115/115 114/114
f 116/116 102/102 117/117
f 102/102 100/100 117/117
f 108/108 118/118 110/110
f 118/118 119/119 110/110
f 120/120 122/122 121/121
f 122/122 123/123 121/121
f 124/124 126/126 125/125
f 126/126 127/127 125/125
f 128/128 130/130 129/129
f 130/130 131/131 129/129
f 132/132 134/134 133/133
f 134/134 135/135 133/133
f 136/136 138/138 137/137
f 138/138 139/139 137/137
f 140/140 142/142 141/141
f 142/142 143/143 141/141
f 125/125 127/127 144/144
f 127/127 145/145 144/144
f 131/131 130/130 146/146
f 130/130 147/147 146/146
f 148/148 134/134 149/149
f 134/134 132/132 149/149
f 140/140 150/150 142/142
f 150/150 151/151 142/142
f 152/152 154/154 153/153
f 154/154 155/155 153/153
f 156/156 158/158 157/157
f 158/158 159/159 157/157
f 160/160 162/162 161/161
f 162/162 163/163 161/161
f 164/164 166/166 165/165
f 166/166 167/167 165/165
f 168/168 170/170 169/169
f 170/170 171/171 169/169
f 172/172 174/174 173/173
f 174/174 175/175 173/173
f 157/157 159/159 176/176
f 159/159 177/177 176/176
f 163/163 162/162 178/178
f 162/162 179/179 178/178
f 180/180 166/166 181/181
f 166/166 164/164 181/181
f 172/172 182/182 174/174
f 182/182 183/183 174/174
f 184/184 186/186 185/185
f 186/186 187/187 185/185
f 188/188 190/190 189/189
f 190/190 191/191 189/189
f 192/192 194/194 193/193
f 194/194 195/195 193/193
f 196/196 198/198 197/197
f 198/198 199/199 197/197
f 200/200 202/202 201/201
f 202/202 203/203 201/201
f 204/204 206/206 205/205
f 206/206 207/207 205/205
f 189/189 191/191 208/208
f 191/191 209/209 208/208
f 195/195 194/194 210/210
f 194/194 211/211 210/210
f 212/212 198/198 213/213
f 198/198 196/196 213/213
f 204/204 214/214 206/206
f 214/214 215/215 206/206
f 216/216 218/218 217/217
f 218/218 219/219 217/217
f 220/220 222/222 221/221
f 222/222 223/223 221/221
f 224/224 226/226 225/225
f 226/226 227/227 225/225
f 228/228 230/230 229/229
f 230/230 231/231 229/229
f 232/232 234/234 233/233
f 234/234 235/235 233/233
f 236/236 238/238 237/237
f 238/238 239/239 237/237
f 221/221 223/223 240/240
f 223/223 241/241 240/240
f 227/227 226/226 242/242
f 226/226 243/243 242/242
f 244/244 230/230 245/245
f 230/230 228/228 245/245
f 236/236 246/246 238/238
f 246/246 247/247 238/238
f 248/248 250/250 249/249
f 250/250 251/251 249/249
f 252/252 254/254 253/253
f 254/254 255/255 253/253
f 256/256 258/258 257/257
f 258/258 259/259 257/257
f 260/260 262/262 261/261
f 262/262 263/263 261/261
f 264/264 266/266 265/265
f 266/266 267/267 265/265
f 268/268 270/270 269/269
f 270/270 271/271 269/269
f 253/253 255/255 272/272
f 255/255 273/273 272/272
f 259/259 258/258 274/274
f 258/258 275/275 274/274
f 276/276 262/262 277/277
f 262/262 260/260 277/277
f 268/268 278/278 270/270
f 278/278 279/279 270/270
f 280/280 282/282 281/281
f 282/282 283/283 281/281
f 284/284 286/286 285/285
f 286/286 287/287 285/285
f 288/288 290/290 289/289
f 290/290 291/291 289/289
f 292/292 294/294 293/293
f 294/294 295/295 293/293
f 296/296 298/298 297/297
f 298/298 299/299 297/297
f 300/300 302/302 301/301
f 302/302 303/303 301/301
f 285/285 287/287 304/304
f 287/287 305/305 304/304
f 291/291 290/290 306/306
f 290/290 307/307 306/306
f 308/308 294/294 309/309
f 294/294 292/292 309/309
f 300/300 310/310 302/302
f 310/310 311/311 302/302
f 312/312 314/314 313/313
f 314/314 315/315 313/313
f 316/316 318/318 317/317
f 318/318 319/319 317/317
f 320/320 322/322 321/321
f 322/322 323/323 321/321
f 324/324 326/326 325/325
f 326/326 327/327 325/325
f 328/328 330/330 329/329
f 330/330 331/331 329/329
f 332/332 334/334 333/333
f 334/334 335/335 333/333
f 317/317 319/319 336/336
f 319/319 337/337 336/336
f 323/323 322/322 338/338
f 322/322 339/339 338/338
f 340/340 326/326 341/341
f 326/326 324/324 341/341
f 332/332 342/342 334/334
f 342/342 343/343 334/334
f 344/344 346/346 345/345
f 346/346 347/347 345/345
f 348/348 350/350 349/349
f 350/350 351/351 349/349
f 352/352 354/354 353/353
f 354/354 355/355 353/353
f 356/356 358/358 357/357
f 358/358 359/359 357/357
f 360/360 362/362 361/361
f 362/362 363/363 361/361
f 364/364 366/366 365/365
f 366/366 367/367 365/365
f 349/349 351/351 368/368
f 351/351 369/369 368/368
f 355/355 354/354 370/370
f 354/354 371/371 370/370
f 372/372 358/358 373/373
f 358/358 356/356 373/373
f 364/364 374/374 366/366
f 374/374 375/375 366/366
f 376/376 378/378 377/377
f 378/378 379/379 377/377
f 380/380 382/382 381/381
f 382/382 383/383 381/381
f 384/384 386/386 385/385
f 386/386 387/387 385/385
f 388/388 390/390 389/389
f 390/390 391/391 389/389
f 392/392 394/394 393/393
f 394/394 395/395 393/393
f 396/396 398/398 397/397
f 398/398 399/399 397/397
f 400/400 402/402 401/401
f 402/402 403/403 401/401
f 404/404 406/406 405/405
f 406/406 407/407 405/405
f 400/400 408/408 402/402
f 408/408 409/409 402/402
f 407/407 410/410 405/405
f 410/410 411/411 405/405
f 412/412 414/414 413/413
f 414/414 415/415 413/413
f 416/416 418/418 417/417
f 418/418 419/419 417/417
f 420/420 421/421 419/419
f 421/421 417/417 419/419
f 414/414 412/412 422/422
f 412/412 423/423 422/422
f 424/424 426/426 425/425
f 426/426 427/427 425/425
f 427/427 428/428 425/425
f 428/428 429/429 425/425
f 430/430 431/431 424/424
f 431/431 426/426 424/424
f 428/428 431/431 429/429
f 431/431 430/430 429/429
f 432/432 434/434 433/433
f 434/434 435/435 433/433
f 436/436 438/438 437/437
f 438/438 439/439 437/437
f 440/440 442/442 441/441
f 442/442 443/443 441/441
f 444/444 446/446 445/445
f 446/446 447/447 445/445
f 448/448 450/450 449/449
f 450/450 451/451 449/449
f 452/452 454/454 453/453
f 454/454 455/455 453/453
f 456/456 458/458 457/457
f 458/458 459/459 457/457
f 452/452 460/460 454/454
f 460/460 461/461 454/454
f 459/459 462/462 457/457
f 462/462 463/463 457/457
f 464/464 466/466 465/465
f 466/466 467/467 465/465
f 468/468 470/470 469/469
f 470/470 471/471 469/469
f 472/472 473/473 471/471
f 473/473 469/469 471/471
f 466/466 464/464 474/474
f 464/464 475/475 474/474
f 476/476 478/478 477/477
f 478/478 479/479 477/477
f 479/479 480/480 477/477
f 480/480 481/481 477/477
f 482/482 483/483 476/476
f 483/483 478/478 476/476
f 480/480 483/483 481/481
f 483/483 482/482 481/481
f 484/484 486/486 485/485
f 486/486 487/487 485/485
f 488/488 490/490 489/489
f 490/490 491/491 489/489
f 492/492 494/494 493/493
f 494/494 495/495 493/493
f 496/496 498/498 497/497
f 498/498 499/499 497/497
f 500/500 502/502 501/501
f 502/502 503/503 501/501
f 504/504 506/506 505/505
f 506/506 507/507 505/505
f 508/508 510/510 509/509
f 510/510 511/511 509/509
f 512/512 514/514 513/513
f 514/514 515/515 513/513
f 516/516 518/518 517/517
f 518/518 519/519 517/517
f 520/520 522/522 521/521
f 522/522 523/523 521/521
f 524/524 526/526 525/525
f 526/526 527/527 525/525
f 528/528 530/530 529/529
f 530/530 531/531 529/529
f 532/532 534/534 533/533
f 534/534 535/535 533/533
f 536/536 538/538 537/537
f 538/538 539/539 537/537
f 540/540 542/542 541/541
f 542/542 543/543 541/541
f 544/544 546/546 545/545
f 546/546 547/547 545/545
f 548/548 550/550 549/549
f 550/550 551/551 549/549
f 552/552 554/554 553/553
f 554/554 555/555 553/553
f 556/556 558/558 557/557
f 558/558 559/559 557/557
f 560/560 562/562 561/561
f 562/562 563/563 561/561
f 564/564 566/566 565/565
f 566/566 567/567 565/565
f 560/560 568/568 562/562
f 568/568 569/569 562/562
f 567/567 570/570 565/565
f 570/570 571/571 565/565
f 572/572 574/574 573/573
f 574/574 575/575 573/573
f 576/576 578/578 577/577
f 578/578 579/579 577/577
f 580/580 581/581 579/579
f 581/581 577/577 579/579
f 574/574 572/572 582/582
f 572/572 583/583 582/582
f 584/584 586/586 585/585
f 586/586 587/587 585/585
f 587/587 588/588 585/585
f 588/588 589/589 585/585
f 590/590 591/591 584/584
f 591/591 586/586 584/584
f 588/588 591/591 589/589
f 591/591 590/590 589/589
f 592/592 594/594 593/593
f 594/594 595/595 593/593
f 596/596 598/598 597/597
f 598/598 599/599 597/597
f 600/600 602/602 601/601
f 602/602 603/603 601/601
f 604/604 606/606 605/605
f 606/606 607/607 605/605
f 608/608 610/610 609/609
f 610/610 611/611 609/609
f 612/612 614/614 613/613
f 614/614 615/615 613/613
f 616/616 618/618 617/617
f 618/618 619/619 617/617
f 620/620 622/622 621/621
f 622/622 623/623 621/621
f 624/624 626/626 625/625
f 626/626 627/627 625/625
f 628/628 630/630 629/629
f 630/630 631/631 629/629
f 632/632 634/634 633/633
f 634/634 635/635 633/633
f 636/636 638/638 637/637
f 638/638 639/639 637/637
f 640/640 642/642 641/641
f 642/642 643/643 641/641
f 644/644 646/646 645/645
f 646/646 647/647 645/645
f 648/648 650/650 649/649
f 650/650 651/651 649/649
f 652/652 654/654 653/653
f 654/654 655/655 653/653
f 656/656 658/658 657/657
f 658/658 659/659 657/657
f 660/660 662/662 661/661
f 662/662 663/663 661/661
f 664/664 666/666 665/665
f 666/666 667/667 665/665
f 668/668 670/670 669/669
f 670/670 671/671 669/669
f 672/672 674/674 673/673
f 674/674 675/675 673/673
f 676/676 678/678 677/677
f 678/678 679/679 677/677
f 680/680 682/682 681/681
f 682/682 683/683 681/681
f 684/684 686/686 685/685
f 686/686 687/687 685/685
f 688/688 690/690 689/689
f 690/690 691/691 689/689
f 692/692 694/694 693/693
f 694/694 695/695 693/693
f 696/696 698/698 697/697
f 698/698 699/699 697/697
f 700/700 702/702 701/701
f 702/702 703/703 701/701
f 697/697 699/699 704/704
f 699/699 705/705 704/704
f 706/706 708/708 707/707
f 708/708 709/709 707/707
f 710/710 712/712 711/711
f 712/712 713/713 711/711
f 707/707 709/709 714/714
f 709/709 715/715 714/714
f 716/716 718/718 717/717
f 718/718 719/719 717/717
f 720/720 722/722 721/721
f 722/722 723/723 721/721
f 717/717 719/719 724/724
f 719/719 725/725 724/724
f 726/726 728/728 727/727
f 728/728 729/729 727/727
f 730/730 732/732 731/731
f 732/732 733/733 731/731
f 727/727 729/729 734/734
f 729/729 735/735 734/734
f 736/736 738/738 737/737
f 738/738 739/739 737/737
f 740/740 742/742 741/741
f 742/742 743/743 741/741
f 737/737 739/739 744/744
f 739/739 745/745 744/744
f 746/746 748/748 747/747
f 748/748 749/749 747/747
f 750/750 752/752 751/751
f 752/752 753/753 751/751
f 747/747 749/749 754/754
f 749/749 755/755 754/754
f 756/756 758/758 757/757
f 758/758 759/759 757/757
f 759/759 760/760 757/757
f 761/761 763/763 762/762
f 763/763 764/764 762/762
f 764/764 765/765 762/762
f 766/766 767/767 758/758
f 758/758 768/768 759/759
f 768/768 769/769 759/759
f 769/769 760/760 759/759
f 763/763 769/769 770/770
f 763/763 770/770 764/764
f 767/767 766/766 771/771
f 768/768 767/767 771/771
f 769/769 768/768 771/771
f 770/770 769/769 771/771
f 772/772 770/770 771/771
f 772/772 765/765 764/764
f 761/761 769/769 763/763
f 756/756 766/766 758/758
f 767/767 768/768 758/758
f 773/773 772/772 771/771
f 770/770 772/772 764/764
f 773/773 765/765 772/772
f 774/774 776/776 775/775
f 776/776 777/777 775/775
f 777/777 778/778 775/775
f 778/778 779/779 775/775
f 779/779 780/780 775/775
f 780/780 781/781 775/775
f 782/782 774/774 775/775
f 783/783 776/776 784/784
f 776/776 774/774 784/784
f 783/783 785/785 776/776
f 785/785 777/777 776/776
f 786/786 787/787 778/778
f 778/778 787/787 779/779
f 787/787 788/788 779/779
f 788/788 780/780 779/779
f 781/781 788/788 789/789
f 790/790 784/784 774/774
f 784/784 791/791 783/783
f 791/791 792/792 783/783
f 792/792 785/785 783/783
f 793/793 794/794 787/787
f 795/795 788/788 794/794
f 788/788 787/787 794/794
f 788/788 795/795 789/789
f 790/790 791/791 784/784
f 792/792 791/791 796/796
f 794/794 793/793 797/797
f 795/795 794/794 797/797
f 791/791 798/798 796/796
f 780/780 788/788 781/781
f 782/782 790/790 774/774
f 798/798 791/791 790/790
f 786/786 793/793 787/787
f 777/777 786/786 778/778
f 799/799 801/801 800/800
f 801/801 802/802 800/800
f 803/803 805/805 804/804
f 805/805 806/806 804/804
f 807/807 809/809 808/808
f 809/809 810/810 808/808
f 811/811 813/813 812/812
f 813/813 814/814 812/812
f 815/815 817/817 816/816
f 817/817 818/818 816/816
f 819/819 821/821 820/820
f 821/821 822/822 820/820
f 823/823 825/825 824/824
f 825/825 826/826 824/824
f 826/826 827/827 824/824
f 828/828 830/830 829/829
f 830/830 831/831 829/829
f 823/823 832/832 825/825
f 825/825 833/833 826/826
f 833/833 834/834 826/826
f 834/834 827/827 826/826
f 830/830 834/834 835/835
f 832/832 837/837 836/836
f 833/833 832/832 836/836
f 834/834 833/833 836/836
f 835/835 834/834 836/836
f 838/838 835/835 836/836
f 828/828 834/834 830/830
f 832/832 833/833 825/825
f 838/838 831/831 835/835
f 831/831 830/830 835/835
f 837/837 832/832 823/823
f 839/839 841/841 840/840
f 841/841 842/842 840/840
f 843/843 845/845 844/844
f 845/845 846/846 844/844
f 847/847 849/849 848/848
f 849/849 850/850 848/848
f 851/851 853/853 852/852
f 853/853 854/854 852/852
f 855/855 857/857 856/856
f 857/857 858/858 856/856
f 859/859 861/861 860/860
f 861/861 862/862 860/860
f 863/863 865/865 864/864
f 865/865 866/866 864/864
f 867/867 869/869 868/868
f 869/869 870/870 868/868
f 871/871 873/873 872/872
f 873/873 874/874 872/872
f 875/875 877/877 876/876
f 877/877 878/878 876/876
f 879/879 881/881 880/880
f 881/881 882/882 880/880
f 883/883 885/885 884/884
f 885/885 886/886 884/884
f 887/887 889/889 888/888
f 889/889 890/890 888/888
f 891/891 893/893 892/892
f 893/893 894/894 892/892
f 895/895 897/897 896/896
f 897/897 898/898 896/896
f 899/899 901/901 900/900
f 901/901 902/902 900/900
f 903/903 905/905 904/904
f 905/905 906/906 904/904
f 907/907 909/909 908/908
f 909/909 910/910 908/908
f 911/911 913/913 912/912
f 913/913 914/914 912/912
f 915/915 917/917 916/916
f 917/917 918/918 916/916
f 919/919 921/921 920/920
f 921/921 922/922 920/920
f 923/923 925/925 924/924
f 925/925 926/926 924/924
f 927/927 929/929 928/928
f 929/929 930/930 928/928
f 931/931 933/933 932/932
f 933/933 934/934 932/932
f 935/935 937/937 936/936
f 937/937 938/938 936/936
f 939/939 941/941 940/940
f 941/941 942/942 940/940
f 943/943 945/945 944/944
f 945/945 946/946 944/944
f 947/947 949/949 948/948
f 949/949 950/950 948/948
f 951/951 953/953 952/952
f 953/953 954/954 952/952
f 955/955 957/957 956/956
f 957/957 958/958 956/956
f 959/959 961/961 960/960
f 961/961 962/962 960/960
f 963/963 965/965 964/964
f 965/965 966/966 964/964
f 967/967 969/969 968/968
f 969/969 970/970 968/968
f 971/971 973/973 972/972
f 973/973 974/974 972/972
f 975/975 977/977 976/976
f 977/977 978/978 976/976
f 979/979 981/981 980/980
f 981/981 982/982 980/980
f 983/983 985/985 984/984
f 985/985 986/986 984/984
f 987/987 989/989 988/988
f 989/989 990/990 988/988
f 991/991 993/993 992/992
f 993/993 994/994 992/992
f 995/995 997/997 996/996
f 997/997 998/998 996/996
f 999/999 1001/1001 1000/1000
f 1001/1001 1002/1002 1000/1000
f 1003/1003 1005/1005 1004/1004
f 1005/1005 1006/1006 1004/1004
f 1007/1007 1009/1009 1008/1008
f 1009/1009 1010/1010 1008/1008
f 1011/1011 1013/1013 1012/1012
f 1013/1013 1014/1014 1012/1012
f 1015/1015 1017/1017 1016/1016
f 1017/1017 1018/1018 1016/1016
f 1019/1019 1021/1021 1020/1020
f 1021/1021 1022/1022 1020/1020
f 1023/1023 1025/1025 1024/1024
f 1025/1025 1026/1026 1024/1024
f 1027/1027 1029/1029 1028/1028
f 1029/1029 1030/1030 1028/1028
f 1031/1031 1033/1033 1032/1032
f 1033/1033 1034/1034 1032/1032
f 1035/1035 1037/1037 1036/1036
f 1037/1037 1038/1038 1036/1036
f 1039/1039 1041/1041 1040/1040
f 1041/1041 1042/1042 1040/1040
f 1043/1043 1045/1045 1044/1044
f 1045/1045 1046/1046 1044/1044
f 1047/1047 1049/1049 1048/1048
f 1049/1049 1050/1050 1048/1048
f 1051/1051 1053/1053 1052/1052
f 1053/1053 1054/1054 1052/1052
f 1055/1055 1057/1057 1056/1056
f 1057/1057 1058/1058 1056/1056
f 1059/1059 1061/1061 1060/1060
f 1061/1061 1062/1062 1060/1060
f 1063/1063 1065/1065 1064/1064
f 1065/1065 1066/1066 1064/1064
f 1067/1067 1069/1069 1068/1068
f 1069/1069 1070/1070 1068/1068
f 1071/1071 1073/1073 1072/1072
f 1073/1073 1074/1074 1072/1072
f 1075/1075 1077/1077 1076/1076
f 1077/1077 1078/1078 1076/1076
f 1079/1079 1081/1081 1080/1080
f 1081/1081 1082/1082 1080/1080
f 1083/1083 1085/1085 1084/1084
f 1085/1085 1086/1086 1084/1084
f 1087/1087 1089/1089 1088/1088
f 1089/1089 1090/1090 1088/1088
f 1091/1091 1093/1093 1092/1092
f 1093/1093 1094/1094 1092/1092
f 1095/1095 1097/1097 1096/1096
f 1097/1097 1098/1098 1096/1096
f 1099/1099 1101/1101 1100/1100
f 1101/1101 1102/1102 1100/1100
f 1103/1103 1105/1105 1104/1104
f 1105/1105 1106/1106 1104/1104
f 1107/1107 1109/1109 1108/1108
f 1109/1109 1110/1110 1108/1108
f 1111/1111 1113/1113 1112/1112
f 1113/1113 1114/1114 1112/1112
f 1115/1115 1117/1117 1116/1116
f 1117/1117 1118/1118 1116/1116
f 1119/1119 1121/1121 1120/1120
f 1121/1121 1122/1122 1120/1120
f 1123/1123 1125/1125 1124/1124
f 1125/1125 1126/1126 1124/1124
f 1127/1127 1129/1129 1128/1128
f 1129/1129 1130/1130 1128/1128
f 1131/1131 1123/1123 1132/1132
f 1123/1123 1124/1124 1132/1132
f 1133/1133 1127/1127 1134/1134
f 1127/1127 1128/1128 1134/1134
f 1135/1135 1137/1137 1136/1136
f 1137/1137 1138/1138 1136/1136
f 1139/1139 1141/1141 1140/1140
f 1141/1141 1142/1142 1140/1140
f 1143/1143 1145/1145 1144/1144
f 1145/1145 1146/1146 1144/1144
f 1147/1147 1149/1149 1148/1148
f 1149/1149 1150/1150 1148/1148
f 1151/1151 1153/1153 1152/1152
f 1153/1153 1154/1154 1152/1152
f 1155/1155 1157/1157 1156/1156
f 1157/1157 1158/1158 1156/1156
f 1159/1159 1161/1161 1160/1160
f 1161/1161 1162/1162 1160/1160
f 1163/1163 1165/1165 1164/1164
f 1165/1165 1166/1166 1164/1164
f 1167/1167 1169/1169 1168/1168
f 1169/1169 1170/1170 1168/1168
f 1171/1171 1173/1173 1172/1172
f 1173/1173 1174/1174 1172/1172
f 1175/1175 1177/1177 1176/1176
f 1177/1177 1178/1178 1176/1176
f 1179/1179 1181/1181 1180/1180
f 1181/1181 1182/1182 1180/1180
f 1183/1183 1185/1185 1184/1184
f 1185/1185 1186/1186 1184/1184
f 1187/1187 1189/1189 1188/1188
f 1189/1189 1190/1190 1188/1188
f 1191/1191 1193/1193 1192/1192
f 1193/1193 1194/1194 1192/1192
f 1195/1195 1197/1197 1196/1196
f 1197/1197 1198/1198 1196/1196
f 1199/1199 1201/1201 1200/1200
f 1201/1201 1202/1202 1200/1200
f 1203/1203 1205/1205 1204/1204
f 1205/1205 1206/1206 1204/1204
f 1207/1207 1209/1209 1208/1208
f 1209/1209 1210/1210 1208/1208
f 1211/1211 1213/1213 1212/1212
f 1213/1213 1214/1214 1212/1212
f 1215/1215 1217/1217 1216/1216
f 1217/1217 1218/1218 1216/1216
f 1219/1219 1221/1221 1220/1220
f 1221/1221 1222/1222 1220/1220
f 1223/1223 1225/1225 1224/1224
f 1225/1225 1226/1226 1224/1224
f 1227/1227 1229/1229 1228/1228
f 1229/1229 1230/1230 1228/1228
f 1231/1231 1233/1233 1232/1232
f 1233/1233 1234/1234 1232/1232
f 1235/1235 1237/1237 1236/1236
f 1237/1237 1238/1238 1236/1236
f 1239/1239 1241/1241 1240/1240
f 1241/1241 1242/1242 1240/1240
f 1243/1243 1245/1245 1244/1244
f 1245/1245 1246/1246 1244/1244
f 1247/1247 1249/1249 1248/1248
f 1249/1249 1250/1250 1248/1248
f 1251/1251 1253/1253 1252/1252
f 1253/1253 1254/1254 1252/1252
f 1255/1255 1257/1257 1256/1256
f 1257/1257 1258/1258 1256/1256
f 1259/1259 1261/1261 1260/1260
f 1261/1261 1262/1262 1260/1260
f 1263/1263 1265/1265 1264/1264
f 1265/1265 1266/1266 1264/1264
f 1267/1267 1269/1269 1268/1268
f 1269/1269 1270/1270 1268/1268
f 1271/1271 1273/1273 1272/1272
f 1273/1273 1274/1274 1272/1272
f 1275/1275 1277/1277 1276/1276
f 1277/1277 1278/1278 1276/1276
f 1279/1279 1281/1281 1280/1280
f 1281/1281 1282/1282 1280/1280
f 1283/1283 1285/1285 1284/1284
f 1285/1285 1286/1286 1284/1284
f 1287/1287 1289/1289 1288/1288
f 1289/1289 1290/1290 1288/1288
f 1291/1291 1293/1293 1292/1292
f 1293/1293 1294/1294 1292/1292
f 1295/1295 1297/1297 1296/1296
f 1297/1297 1298/1298 1296/1296
f 1299/1299 1301/1301 1300/1300
f 1301/1301 1302/1302 1300/1300
f 1303/1303 1305/1305 1304/1304
f 1305/1305 1306/1306 1304/1304
f 1307/1307 1309/1309 1308/1308
f 1309/1309 1310/1310 1308/1308
f 1311/1311 1313/1313 1312/1312
f 1313/1313 1314/1314 1312/1312
f 1315/1315 1317/1317 1316/1316
f 1317/1317 1318/1318 1316/1316
f 1319/1319 1321/1321 1320/1320
f 1321/1321 1322/1322 1320/1320
f 1323/1323 1325/1325 1324/1324
f 1325/1325 1326/1326 1324/1324
f 1327/1327 1329/1329 1328/1328
f 1329/1329 1330/1330 1328/1328
f 1331/1331 1333/1333 1332/1332
f 1333/1333 1334/1334 1332/1332
f 1335/1335 1337/1337 1336/1336
f 1337/1337 1338/1338 1336/1336
f 1339/1339 1341/1341 1340/1340
f 1341/1341 1342/1342 1340/1340
f 1343/1343 1345/1345 1344/1344
f 1345/1345 1346/1346 1344/1344
f 1347/1347 1349/1349 1348/1348
f 1349/1349 1350/1350 1348/1348
f 1351/1351 1353/1353 1352/1352
f 1353/1353 1354/1354 1352/1352
f 1355/1355 1357/1357 1356/1356
f 1357/1357 1358/1358 1356/1356
f 1359/1359 1361/1361 1360/1360
f 1361/1361 1362/1362 1360/1360
f 1363/1363 1365/1365 1364/1364
f 1365/1365 1366/1366 1364/1364
f 1367/1367 1369/1369 1368/1368
f 1369/1369 1370/1370 1368/1368
f 1371/1371 1373/1373 1372/1372
f 1373/1373 1374/1374 1372/1372
f 1375/1375 1377/1377 1376/1376
f 1377/1377 1378/1378 1376/1376
f 1379/1379 1381/1381 1380/1380
f 1381/1381 1382/1382 1380/1380
f 1383/1383 1385/1385 1384/1384
f 1385/1385 1386/1386 1384/1384
f 1387/1387 1389/1389 1388/1388
f 1389/1389 1390/1390 1388/1388
f 1391/1391 1393/1393 1392/1392
f 1393/1393 1394/1394 1392/1392
f 1395/1395 1397/1397 1396/1396
f 1397/1397 1398/1398 1396/1396
f 1399/1399 1401/1401 1400/1400
f 1401/1401 1402/1402 1400/1400
f 1403/1403 1405/1405 1404/1404
f 1405/1405 1406/1406 1404/1404
f 1407/1407 1409/1409 1408/1408
f 1409/1409 1410/1410 1408/1408
f 1411/1411 1413/1413 1412/1412
f 1413/1413 1414/1414 1412/1412
f 1415/1415 1417/1417 1416/1416
f 1417/1417 1418/1418 1416/1416
f 1419/1419 1421/1421 1420/1420
f 1421/1421 1422/1422 1420/1420
f 1423/1423 1425/1425 1424/1424
f 1425/1425 1426/1426 1424/1424
f 1427/1427 1429/1429 1428/1428
f 1429/1429 1430/1430 1428/1428
f 1431/1431 1433/1433 1432/1432
f 1433/1433 1434/1434 1432/1432
f 1435/1435 1437/1437 1436/1436
f 1437/1437 1438/1438 1436/1436
f 1439/1439 1441/1441 1440/1440
f 1441/1441 1442/1442 1440/1440
f 1443/1443 1445/1445 1444/1444
f 1445/1445 1446/1446 1444/1444
f 1447/1447 1449/1449 1448/1448
f 1449/1449 1450/1450 1448/1448
f 1451/1451 1453/1453 1452/1452
f 1453/1453 1454/1454 1452/1452
f 1455/1455 1457/1457 1456/1456
f 1457/1457 1458/1458 1456/1456
f 1459/1459 1461/1461 1460/1460
f 1461/1461 1462/1462 1460/1460
f 1463/1463 1465/1465 1464/1464
f 1465/1465 1466/1466 1464/1464
f 1467/1467 1469/1469 1468/1468
f 1469/1469 1470/1470 1468/1468
f 1471/1471 1473/1473 1472/1472
f 1473/1473 1474/1474 1472/1472
f 1475/1475 1477/1477 1476/1476
f 1477/1477 1478/1478 1476/1476
f 1479/1479 1481/1481 1480/1480
f 1481/1481 1482/1482 1480/1480
f 1483/1483 1485/1485 1484/1484
f 1485/1485 1486/1486 1484/1484
f 1487/1487 1489/1489 1488/1488
f 1489/1489 1490/1490 1488/1488
f 1491/1491 1493/1493 1492/1492
f 1493/1493 1494/1494 1492/1492
f 1495/1495 1497/1497 1496/1496
f 1497/1497 1498/1498 1496/1496
f 1499/1499 1501/1501 1500/1500
f 1501/1501 1502/1502 1500/1500
f 1503/1503 1505/1505 1504/1504
f 1505/1505 1506/1506 1504/1504
f 1507/1507 1509/1509 1508/1508
f 1509/1509 1510/1510 1508/1508
f 1511/1511 1513/1513 1512/1512
f 1513/1513 1514/1514 1512/1512
f 1515/1515 1517/1517 1516/1516
f 1517/1517 1518/1518 1516/1516
f 1519/1519 1521/1521 1520/1520
f 1521/1521 1522/1522 1520/1520
f 1523/1523 1525/1525 1524/1524
f 1525/1525 1526/1526 1524/1524
f 1527/1527 1529/1529 1528/1528
f 1529/1529 1530/1530 1528/1528
f 1531/1531 1533/1533 1532/1532
f 1533/1533 1534/1534 1532/1532
f 1535/1535 1537/1537 1536/1536
f 1537/1537 1538/1538 1536/1536
f 1539/1539 1541/1541 1540/1540
f 1541/1541 1542/1542 1540/1540
f 1543/1543 1545/1545 1544/1544
f 1545/1545 1546/1546 1544/1544
f 1547/1547 1549/1549 1548/1548
f 1549/1549 1550/1550 1548/1548
f 1551/1551 1553/1553 1552/1552
f 1553/1553 1554/1554 1552/1552
f 1555/1555 1557/1557 1556/1556
f 1557/1557 1558/1558 1556/1556
f 1559/1559 1561/1561 1560/1560
f 1561/1561 1562/1562 1560/1560
f 1563/1563 1565/1565 1564/1564
f 1565/1565 1566/1566 1564/1564
f 1567/1567 1559/1559 1568/1568
f 1559/1559 1560/1560 1568/1568
f 1569/1569 1565/1565 1570/1570
f 1565/1565 1563/1563 1570/1570
f 1571/1571 1573/1573 1572/1572
f 1574/1574 1573/1573 1571/1571
f 1575/1575 1573/1573 1574/1574
f 1576/1576 1573/1573 1575/1575
f 1572/1572 1573/1573 1576/1576
f 1577/1577 1579/1579 1578/1578
f 1580/1580 1577/1577 1581/1581
f 1577/1577 1578/1578 1581/1581
f 1582/1582 1584/1584 1583/1583
f 1584/1584 1585/1585 1583/1583
f 1586/1586 1588/1588 1587/1587
f 1588/1588 1589/1589 1587/1587
f 1590/1590 1592/1592 1591/1591
f 1592/1592 1593/1593 1591/1591
f 1594/1594 1596/1596 1595/1595
f 1596/1596 1597/1597 1595/1595
f 1598/1598 1600/1600 1599/1599
f 1600/1600 1601/1601 1599/1599
f 1602/1602 1604/1604 1603/1603
f 1604/1604 1605/1605 1603/1603
f 1606/1606 1608/1608 1607/1607
f 1608/1608 1609/1609 1607/1607
f 1602/1602 1610/1610 1604/1604
f 1610/1610 1611/1611 1604/1604
f 1609/1609 1612/1612 1607/1607
f 1612/1612 1613/1613 1607/1607
f 1614/1614 1616/1616 1615/1615
f 1616/1616 1617/1617 1615/1615
f 1618/1618 1620/1620 1619/1619
f 1620/1620 1621/1621 1619/1619
f 1622/1622 1623/1623 1621/1621
f 1623/1623 1619/1619 1621/1621
f 1616/1616 1614/1614 1624/1624
f 1614/1614 1625/1625 1624/1624
f 1626/1626 1628/1628 1627/1627
f 1628/1628 1629/1629 1627/1627
f 1629/1629 1630/1630 1627/1627
f 1630/1630 1631/1631 1627/1627
f 1632/1632 1633/1633 1626/1626
f 1633/1633 1628/1628 1626/1626
f 1630/1630 1633/1633 1631/1631
f 1633/1633 1632/1632 1631/1631
f 1634/1634 1636/1636 1635/1635
f 1637/1637 1636/1636 1634/1634
f 1638/1638 1636/1636 1637/1637
f 1639/1639 1636/1636 1638/1638
f 1635/1635 1636/1636 1639/1639
f 1640/1640 1642/1642 1641/1641
f 1643/1643 1640/1640 1644/1644
f 1640/1640 1641/1641 1644/1644
