# awd2obj de C:\Source\MexOrbit\MexOrbit.CMS\public\spacemap\3d\meshes\cluster_mars_small_asteroid04.awd
o geometry
v 121.959900 5.236600 -65.009697
v 95.713799 44.859798 -58.799099
v 95.616898 -8.083500 -45.981201
v 71.768997 77.212402 16.041901
v 76.793404 36.322800 40.343800
v 50.426800 40.954102 37.316502
v 17.322800 -6.263400 -23.068600
v 17.550400 -29.546700 7.858700
v 36.861301 -27.500500 -40.186798
v 95.864700 -48.130402 -21.750700
v 119.602402 -33.370098 -45.069801
v 94.414497 -34.979401 -56.406399
v 99.563004 -56.695000 23.958799
v 91.544998 -41.944500 44.820099
v 91.341499 -13.115400 44.713200
v 95.713799 44.859798 -58.799099
v 131.205704 24.399799 -60.133400
v 120.922600 60.564701 -28.449200
v 120.922600 60.564701 -28.449200
v 98.699898 73.727997 -40.832802
v 95.713799 44.859798 -58.799099
v 27.569000 42.022099 2.699800
v 71.768997 77.212402 16.041901
v 50.426800 40.954102 37.316502
v 77.349297 -70.714897 21.809601
v 38.444698 -56.211899 -17.532301
v 26.589500 -35.381500 15.670700
v 91.341499 -13.115400 44.713200
v 91.544998 -41.944500 44.820099
v 36.946400 -8.748500 42.150200
v 71.768997 77.212402 16.041901
v 115.145699 49.930099 10.819300
v 76.793404 36.322800 40.343800
v 110.705399 -36.699200 10.849900
v 114.568703 -2.224200 40.950802
v 136.372894 -3.251000 26.338100
v 146.554901 -15.252000 -34.645000
v 145.629593 16.197300 5.559600
v 142.997406 8.217000 -51.347500
v 94.414497 -34.979401 -56.406399
v 119.602402 -33.370098 -45.069801
v 107.327202 -12.998000 -64.874702
v 17.322800 -6.263400 -23.068600
v 39.301498 -16.534300 -54.203201
v 33.223499 16.530300 -48.961300
v 77.068802 72.958000 -38.267799
v 43.566200 59.074001 -57.688202
v 83.173203 54.018600 -67.492599
v 52.421200 33.187099 -62.087299
v 39.301498 -16.534300 -54.203201
v 95.616898 -8.083500 -45.981201
v 95.864700 -48.130402 -21.750700
v 94.414497 -34.979401 -56.406399
v 71.389801 -62.575699 -5.991100
v 71.768997 77.212402 16.041901
v 96.093201 76.780899 -17.581301
v 115.145699 49.930099 10.819300
v 77.068802 72.958000 -38.267799
v 50.415298 76.663300 -12.058900
v 43.566200 59.074001 -57.688202
v 27.569000 42.022099 2.699800
v 30.837400 57.168499 -32.613201
v 50.415298 76.663300 -12.058900
v 25.436399 40.926102 -44.325600
v 17.322800 -6.263400 -23.068600
v 33.223499 16.530300 -48.961300
v 130.267899 -25.493299 2.324000
v 136.372894 -3.251000 26.338100
v 146.554901 -15.252000 -34.645000
v 95.864700 -48.130402 -21.750700
v 110.705399 -36.699200 10.849900
v 119.602402 -33.370098 -45.069801
v 91.544998 -41.944500 44.820099
v 26.589500 -35.381500 15.670700
v 36.946400 -8.748500 42.150200
v 34.961102 14.876700 33.181301
v 17.550400 -29.546700 7.858700
v 12.071900 6.639700 -12.762300
v 137.674698 31.658300 8.136200
v 124.964699 19.857201 33.684601
v 115.145699 49.930099 10.819300
v 145.629593 16.197300 5.559600
v 129.441605 42.771400 -19.238100
v 131.205704 24.399799 -60.133400
v 94.414497 -34.979401 -56.406399
v 36.861301 -27.500500 -40.186798
v 71.389801 -62.575699 -5.991100
v 38.444698 -56.211899 -17.532301
v 36.861301 -27.500500 -40.186798
v 17.550400 -29.546700 7.858700
v 115.145699 49.930099 10.819300
v 124.964699 19.857201 33.684601
v 76.793404 36.322800 40.343800
v 70.837402 -50.328499 36.752800
v 26.589500 -35.381500 15.670700
v 91.544998 -41.944500 44.820099
v 99.563004 -56.695000 23.958799
v 77.349297 -70.714897 21.809601
v 91.544998 -41.944500 44.820099
v 43.566200 59.074001 -57.688202
v 52.421200 33.187099 -62.087299
v 83.173203 54.018600 -67.492599
v 95.616898 -8.083500 -45.981201
v 95.713799 44.859798 -58.799099
v 52.421200 33.187099 -62.087299
v 131.205704 24.399799 -60.133400
v 95.713799 44.859798 -58.799099
v 121.959900 5.236600 -65.009697
v 107.327202 -12.998000 -64.874702
v 119.602402 -33.370098 -45.069801
v 142.997406 8.217000 -51.347500
v 27.569000 42.022099 2.699800
v 12.071900 6.639700 -12.762300
v 30.837400 57.168499 -32.613201
v 12.071900 6.639700 -12.762300
v 27.569000 42.022099 2.699800
v 34.961102 14.876700 33.181301
v 77.349297 -70.714897 21.809601
v 99.563004 -56.695000 23.958799
v 95.864700 -48.130402 -21.750700
v 71.389801 -62.575699 -5.991100
v 77.349297 -70.714897 21.809601
v 95.864700 -48.130402 -21.750700
v 50.415298 76.663300 -12.058900
v 71.768997 77.212402 16.041901
v 27.569000 42.022099 2.699800
v 71.768997 77.212402 16.041901
v 50.415298 76.663300 -12.058900
v 77.068802 72.958000 -38.267799
v 76.793404 36.322800 40.343800
v 66.780800 8.160600 29.951900
v 50.426800 40.954102 37.316502
v 36.946400 -8.748500 42.150200
v 66.780800 8.160600 29.951900
v 88.722198 11.874900 41.168400
v 95.616898 -8.083500 -45.981201
v 94.414497 -34.979401 -56.406399
v 107.327202 -12.998000 -64.874702
v 94.414497 -34.979401 -56.406399
v 95.616898 -8.083500 -45.981201
v 39.301498 -16.534300 -54.203201
v 137.674698 31.658300 8.136200
v 115.145699 49.930099 10.819300
v 129.441605 42.771400 -19.238100
v 115.145699 49.930099 10.819300
v 96.093201 76.780899 -17.581301
v 120.922600 60.564701 -28.449200
v 130.267899 -25.493299 2.324000
v 110.705399 -36.699200 10.849900
v 136.372894 -3.251000 26.338100
v 119.602402 -33.370098 -45.069801
v 110.705399 -36.699200 10.849900
v 130.267899 -25.493299 2.324000
v 124.964699 19.857201 33.684601
v 136.372894 -3.251000 26.338100
v 114.568703 -2.224200 40.950802
v 114.568703 -2.224200 40.950802
v 88.722198 11.874900 41.168400
v 124.964699 19.857201 33.684601
v 43.566200 59.074001 -57.688202
v 25.436399 40.926102 -44.325600
v 52.421200 33.187099 -62.087299
v 50.415298 76.663300 -12.058900
v 30.837400 57.168499 -32.613201
v 43.566200 59.074001 -57.688202
v 145.629593 16.197300 5.559600
v 146.554901 -15.252000 -34.645000
v 136.372894 -3.251000 26.338100
v 136.372894 -3.251000 26.338100
v 124.964699 19.857201 33.684601
v 137.674698 31.658300 8.136200
v 36.946400 -8.748500 42.150200
v 26.589500 -35.381500 15.670700
v 34.961102 14.876700 33.181301
v 66.780800 8.160600 29.951900
v 36.946400 -8.748500 42.150200
v 34.961102 14.876700 33.181301
v 38.444698 -56.211899 -17.532301
v 77.349297 -70.714897 21.809601
v 71.389801 -62.575699 -5.991100
v 36.861301 -27.500500 -40.186798
v 38.444698 -56.211899 -17.532301
v 71.389801 -62.575699 -5.991100
v 96.093201 76.780899 -17.581301
v 98.699898 73.727997 -40.832802
v 120.922600 60.564701 -28.449200
v 96.093201 76.780899 -17.581301
v 71.768997 77.212402 16.041901
v 77.068802 72.958000 -38.267799
v 76.793404 36.322800 40.343800
v 124.964699 19.857201 33.684601
v 88.722198 11.874900 41.168400
v 88.722198 11.874900 41.168400
v 66.780800 8.160600 29.951900
v 76.793404 36.322800 40.343800
v 131.205704 24.399799 -60.133400
v 142.997406 8.217000 -51.347500
v 145.629593 16.197300 5.559600
v 131.205704 24.399799 -60.133400
v 121.959900 5.236600 -65.009697
v 142.997406 8.217000 -51.347500
v 94.414497 -34.979401 -56.406399
v 39.301498 -16.534300 -54.203201
v 36.861301 -27.500500 -40.186798
v 39.301498 -16.534300 -54.203201
v 17.322800 -6.263400 -23.068600
v 36.861301 -27.500500 -40.186798
v 33.223499 16.530300 -48.961300
v 52.421200 33.187099 -62.087299
v 25.436399 40.926102 -44.325600
v 33.223499 16.530300 -48.961300
v 39.301498 -16.534300 -54.203201
v 52.421200 33.187099 -62.087299
v 26.589500 -35.381500 15.670700
v 70.837402 -50.328499 36.752800
v 77.349297 -70.714897 21.809601
v 91.544998 -41.944500 44.820099
v 77.349297 -70.714897 21.809601
v 70.837402 -50.328499 36.752800
v 17.550400 -29.546700 7.858700
v 34.961102 14.876700 33.181301
v 26.589500 -35.381500 15.670700
v 17.550400 -29.546700 7.858700
v 26.589500 -35.381500 15.670700
v 38.444698 -56.211899 -17.532301
v 95.864700 -48.130402 -21.750700
v 99.563004 -56.695000 23.958799
v 110.705399 -36.699200 10.849900
v 110.705399 -36.699200 10.849900
v 99.563004 -56.695000 23.958799
v 91.341499 -13.115400 44.713200
v 107.327202 -12.998000 -64.874702
v 121.959900 5.236600 -65.009697
v 95.616898 -8.083500 -45.981201
v 121.959900 5.236600 -65.009697
v 107.327202 -12.998000 -64.874702
v 142.997406 8.217000 -51.347500
v 114.568703 -2.224200 40.950802
v 91.341499 -13.115400 44.713200
v 88.722198 11.874900 41.168400
v 114.568703 -2.224200 40.950802
v 110.705399 -36.699200 10.849900
v 91.341499 -13.115400 44.713200
v 142.997406 8.217000 -51.347500
v 119.602402 -33.370098 -45.069801
v 146.554901 -15.252000 -34.645000
v 146.554901 -15.252000 -34.645000
v 119.602402 -33.370098 -45.069801
v 130.267899 -25.493299 2.324000
v 25.436399 40.926102 -44.325600
v 43.566200 59.074001 -57.688202
v 30.837400 57.168499 -32.613201
v 30.837400 57.168499 -32.613201
v 12.071900 6.639700 -12.762300
v 25.436399 40.926102 -44.325600
v 137.674698 31.658300 8.136200
v 145.629593 16.197300 5.559600
v 136.372894 -3.251000 26.338100
v 129.441605 42.771400 -19.238100
v 145.629593 16.197300 5.559600
v 137.674698 31.658300 8.136200
v 115.145699 49.930099 10.819300
v 120.922600 60.564701 -28.449200
v 129.441605 42.771400 -19.238100
v 129.441605 42.771400 -19.238100
v 120.922600 60.564701 -28.449200
v 131.205704 24.399799 -60.133400
v 83.173203 54.018600 -67.492599
v 95.713799 44.859798 -58.799099
v 98.699898 73.727997 -40.832802
v 95.713799 44.859798 -58.799099
v 83.173203 54.018600 -67.492599
v 52.421200 33.187099 -62.087299
v 77.068802 72.958000 -38.267799
v 98.699898 73.727997 -40.832802
v 96.093201 76.780899 -17.581301
v 77.068802 72.958000 -38.267799
v 83.173203 54.018600 -67.492599
v 98.699898 73.727997 -40.832802
v 50.426800 40.954102 37.316502
v 66.780800 8.160600 29.951900
v 34.961102 14.876700 33.181301
v 27.569000 42.022099 2.699800
v 50.426800 40.954102 37.316502
v 34.961102 14.876700 33.181301
v 25.436399 40.926102 -44.325600
v 12.071900 6.639700 -12.762300
v 17.322800 -6.263400 -23.068600
v 12.071900 6.639700 -12.762300
v 17.550400 -29.546700 7.858700
v 17.322800 -6.263400 -23.068600
v 88.722198 11.874900 41.168400
v 91.341499 -13.115400 44.713200
v 36.946400 -8.748500 42.150200
v 138.950607 -34.191200 -86.647301
v 135.386398 -71.803802 -104.122002
v 167.418594 -37.724998 -97.010201
v 176.873596 -130.738007 -88.248199
v 208.518799 -108.997002 -72.392303
v 215.135803 -117.075996 -93.329498
v 212.319504 -65.534103 -144.258194
v 242.024506 -60.515202 -129.333694
v 203.455093 -38.692600 -137.182999
v 200.557602 -17.639500 -84.728600
v 169.815399 -14.048500 -78.289200
v 173.622894 -13.952600 -102.014297
v 231.380997 -28.604700 -60.829800
v 240.884293 -49.572899 -57.536800
v 227.818802 -70.911903 -58.446499
v 135.386398 -71.803802 -104.122002
v 129.570496 -48.255199 -78.068497
v 136.998199 -89.866302 -72.009697
v 136.998199 -89.866302 -72.009697
v 132.259506 -99.630203 -94.393402
v 135.386398 -71.803802 -104.122002
v 202.315002 -109.213402 -126.079002
v 176.873596 -130.738007 -88.248199
v 215.135803 -117.075996 -93.329498
v 245.337006 -22.306801 -77.843498
v 229.933594 -26.075100 -124.919098
v 245.895706 -57.288300 -118.944702
v 227.818802 -70.911903 -58.446499
v 240.884293 -49.572899 -57.536800
v 246.113403 -85.200104 -99.824097
v 176.873596 -130.738007 -88.248199
v 168.565201 -98.848503 -57.997799
v 208.518799 -108.997002 -72.392303
v 209.676498 -35.732601 -59.121201
v 211.198807 -72.325401 -43.319599
v 193.811295 -60.931999 -33.923698
v 157.240707 -25.609301 -54.088600
v 168.344101 -65.031898 -37.108601
v 137.635803 -37.145100 -64.948898
v 173.622894 -13.952600 -102.014297
v 169.815399 -14.048500 -78.289200
v 153.191406 -23.997101 -96.921700
v 212.319504 -65.534103 -144.258194
v 188.782104 -40.709202 -142.082397
v 179.482803 -68.607597 -144.973602
v 142.900803 -104.878197 -109.142502
v 150.593903 -94.337898 -142.400803
v 130.866699 -77.918297 -117.578102
v 156.044006 -71.469597 -137.253098
v 188.782104 -40.709202 -142.082397
v 167.418594 -37.724998 -97.010201
v 200.557602 -17.639500 -84.728600
v 173.622894 -13.952600 -102.014297
v 226.752197 -18.629601 -95.185898
v 176.873596 -130.738007 -88.248199
v 146.381195 -111.687798 -85.727303
v 168.565201 -98.848503 -57.997799
v 142.900803 -104.878197 -109.142502
v 168.233704 -123.928398 -116.861099
v 150.593903 -94.337898 -142.400803
v 202.315002 -109.213402 -126.079002
v 172.169098 -105.695396 -140.237198
v 168.233704 -123.928398 -116.861099
v 174.427002 -90.229103 -149.188995
v 212.319504 -65.534103 -144.258194
v 179.482803 -68.607597 -144.973602
v 191.425003 -36.303501 -48.887798
v 193.811295 -60.931999 -33.923698
v 157.240707 -25.609301 -54.088600
v 200.557602 -17.639500 -84.728600
v 209.676498 -35.732601 -59.121201
v 169.815399 -14.048500 -78.289200
v 240.884293 -49.572899 -57.536800
v 245.895706 -57.288300 -118.944702
v 246.113403 -85.200104 -99.824097
v 230.614700 -99.569199 -105.982803
v 242.024506 -60.515202 -129.333694
v 214.984894 -80.335602 -143.720398
v 166.129395 -79.261703 -42.171799
v 192.481400 -83.479103 -39.533298
v 168.565201 -98.848503 -57.997799
v 168.344101 -65.031898 -37.108601
v 147.374496 -78.459198 -61.067699
v 129.570496 -48.255199 -78.068497
v 173.622894 -13.952600 -102.014297
v 203.455093 -38.692600 -137.182999
v 226.752197 -18.629601 -95.185898
v 229.933594 -26.075100 -124.919098
v 203.455093 -38.692600 -137.182999
v 242.024506 -60.515202 -129.333694
v 168.565201 -98.848503 -57.997799
v 192.481400 -83.479103 -39.533298
v 208.518799 -108.997002 -72.392303
v 247.997406 -44.765099 -76.293198
v 245.895706 -57.288300 -118.944702
v 240.884293 -49.572899 -57.536800
v 231.380997 -28.604700 -60.829800
v 245.337006 -22.306801 -77.843498
v 240.884293 -49.572899 -57.536800
v 150.593903 -94.337898 -142.400803
v 156.044006 -71.469597 -137.253098
v 130.866699 -77.918297 -117.578102
v 167.418594 -37.724998 -97.010201
v 135.386398 -71.803802 -104.122002
v 156.044006 -71.469597 -137.253098
v 129.570496 -48.255199 -78.068497
v 135.386398 -71.803802 -104.122002
v 138.950607 -34.191200 -86.647301
v 153.191406 -23.997101 -96.921700
v 169.815399 -14.048500 -78.289200
v 137.635803 -37.145100 -64.948898
v 202.315002 -109.213402 -126.079002
v 214.984894 -80.335602 -143.720398
v 172.169098 -105.695396 -140.237198
v 214.984894 -80.335602 -143.720398
v 202.315002 -109.213402 -126.079002
v 230.614700 -99.569199 -105.982803
v 245.337006 -22.306801 -77.843498
v 231.380997 -28.604700 -60.829800
v 200.557602 -17.639500 -84.728600
v 226.752197 -18.629601 -95.185898
v 245.337006 -22.306801 -77.843498
v 200.557602 -17.639500 -84.728600
v 168.233704 -123.928398 -116.861099
v 176.873596 -130.738007 -88.248199
v 202.315002 -109.213402 -126.079002
v 176.873596 -130.738007 -88.248199
v 168.233704 -123.928398 -116.861099
v 142.900803 -104.878197 -109.142502
v 208.518799 -108.997002 -72.392303
v 218.860504 -86.255997 -83.844002
v 215.135803 -117.075996 -93.329498
v 246.113403 -85.200104 -99.824097
v 218.860504 -86.255997 -83.844002
v 215.328506 -88.582703 -62.618801
v 167.418594 -37.724998 -97.010201
v 173.622894 -13.952600 -102.014297
v 153.191406 -23.997101 -96.921700
v 173.622894 -13.952600 -102.014297
v 167.418594 -37.724998 -97.010201
v 188.782104 -40.709202 -142.082397
v 166.129395 -79.261703 -42.171799
v 168.565201 -98.848503 -57.997799
v 147.374496 -78.459198 -61.067699
v 168.565201 -98.848503 -57.997799
v 146.381195 -111.687798 -85.727303
v 136.998199 -89.866302 -72.009697
v 191.425003 -36.303501 -48.887798
v 209.676498 -35.732601 -59.121201
v 193.811295 -60.931999 -33.923698
v 169.815399 -14.048500 -78.289200
v 209.676498 -35.732601 -59.121201
v 191.425003 -36.303501 -48.887798
v 192.481400 -83.479103 -39.533298
v 193.811295 -60.931999 -33.923698
v 211.198807 -72.325401 -43.319599
v 211.198807 -72.325401 -43.319599
v 215.328506 -88.582703 -62.618801
v 192.481400 -83.479103 -39.533298
v 150.593903 -94.337898 -142.400803
v 174.427002 -90.229103 -149.188995
v 156.044006 -71.469597 -137.253098
v 168.233704 -123.928398 -116.861099
v 172.169098 -105.695396 -140.237198
v 150.593903 -94.337898 -142.400803
v 168.344101 -65.031898 -37.108601
v 157.240707 -25.609301 -54.088600
v 193.811295 -60.931999 -33.923698
v 193.811295 -60.931999 -33.923698
v 192.481400 -83.479103 -39.533298
v 166.129395 -79.261703 -42.171799
v 246.113403 -85.200104 -99.824097
v 245.895706 -57.288300 -118.944702
v 230.614700 -99.569199 -105.982803
v 218.860504 -86.255997 -83.844002
v 246.113403 -85.200104 -99.824097
v 230.614700 -99.569199 -105.982803
v 229.933594 -26.075100 -124.919098
v 245.337006 -22.306801 -77.843498
v 226.752197 -18.629601 -95.185898
v 203.455093 -38.692600 -137.182999
v 229.933594 -26.075100 -124.919098
v 226.752197 -18.629601 -95.185898
v 146.381195 -111.687798 -85.727303
v 132.259506 -99.630203 -94.393402
v 136.998199 -89.866302 -72.009697
v 146.381195 -111.687798 -85.727303
v 176.873596 -130.738007 -88.248199
v 142.900803 -104.878197 -109.142502
v 208.518799 -108.997002 -72.392303
v 192.481400 -83.479103 -39.533298
v 215.328506 -88.582703 -62.618801
v 215.328506 -88.582703 -62.618801
v 218.860504 -86.255997 -83.844002
v 208.518799 -108.997002 -72.392303
v 129.570496 -48.255199 -78.068497
v 137.635803 -37.145100 -64.948898
v 168.344101 -65.031898 -37.108601
v 129.570496 -48.255199 -78.068497
v 138.950607 -34.191200 -86.647301
v 137.635803 -37.145100 -64.948898
v 173.622894 -13.952600 -102.014297
v 188.782104 -40.709202 -142.082397
v 203.455093 -38.692600 -137.182999
v 188.782104 -40.709202 -142.082397
v 212.319504 -65.534103 -144.258194
v 203.455093 -38.692600 -137.182999
v 179.482803 -68.607597 -144.973602
v 156.044006 -71.469597 -137.253098
v 174.427002 -90.229103 -149.188995
v 179.482803 -68.607597 -144.973602
v 188.782104 -40.709202 -142.082397
v 156.044006 -71.469597 -137.253098
v 245.895706 -57.288300 -118.944702
v 247.997406 -44.765099 -76.293198
v 245.337006 -22.306801 -77.843498
v 240.884293 -49.572899 -57.536800
v 245.337006 -22.306801 -77.843498
v 247.997406 -44.765099 -76.293198
v 242.024506 -60.515202 -129.333694
v 230.614700 -99.569199 -105.982803
v 245.895706 -57.288300 -118.944702
v 242.024506 -60.515202 -129.333694
v 245.895706 -57.288300 -118.944702
v 229.933594 -26.075100 -124.919098
v 200.557602 -17.639500 -84.728600
v 231.380997 -28.604700 -60.829800
v 209.676498 -35.732601 -59.121201
v 209.676498 -35.732601 -59.121201
v 231.380997 -28.604700 -60.829800
v 227.818802 -70.911903 -58.446499
v 153.191406 -23.997101 -96.921700
v 138.950607 -34.191200 -86.647301
v 167.418594 -37.724998 -97.010201
v 138.950607 -34.191200 -86.647301
v 153.191406 -23.997101 -96.921700
v 137.635803 -37.145100 -64.948898
v 211.198807 -72.325401 -43.319599
v 227.818802 -70.911903 -58.446499
v 215.328506 -88.582703 -62.618801
v 211.198807 -72.325401 -43.319599
v 209.676498 -35.732601 -59.121201
v 227.818802 -70.911903 -58.446499
v 137.635803 -37.145100 -64.948898
v 169.815399 -14.048500 -78.289200
v 157.240707 -25.609301 -54.088600
v 157.240707 -25.609301 -54.088600
v 169.815399 -14.048500 -78.289200
v 191.425003 -36.303501 -48.887798
v 174.427002 -90.229103 -149.188995
v 150.593903 -94.337898 -142.400803
v 172.169098 -105.695396 -140.237198
v 172.169098 -105.695396 -140.237198
v 214.984894 -80.335602 -143.720398
v 174.427002 -90.229103 -149.188995
v 166.129395 -79.261703 -42.171799
v 168.344101 -65.031898 -37.108601
v 193.811295 -60.931999 -33.923698
v 147.374496 -78.459198 -61.067699
v 168.344101 -65.031898 -37.108601
v 166.129395 -79.261703 -42.171799
v 168.565201 -98.848503 -57.997799
v 136.998199 -89.866302 -72.009697
v 147.374496 -78.459198 -61.067699
v 147.374496 -78.459198 -61.067699
v 136.998199 -89.866302 -72.009697
v 129.570496 -48.255199 -78.068497
v 130.866699 -77.918297 -117.578102
v 135.386398 -71.803802 -104.122002
v 132.259506 -99.630203 -94.393402
v 135.386398 -71.803802 -104.122002
v 130.866699 -77.918297 -117.578102
v 156.044006 -71.469597 -137.253098
v 142.900803 -104.878197 -109.142502
v 132.259506 -99.630203 -94.393402
v 146.381195 -111.687798 -85.727303
v 142.900803 -104.878197 -109.142502
v 130.866699 -77.918297 -117.578102
v 132.259506 -99.630203 -94.393402
v 215.135803 -117.075996 -93.329498
v 218.860504 -86.255997 -83.844002
v 230.614700 -99.569199 -105.982803
v 202.315002 -109.213402 -126.079002
v 215.135803 -117.075996 -93.329498
v 230.614700 -99.569199 -105.982803
v 174.427002 -90.229103 -149.188995
v 214.984894 -80.335602 -143.720398
v 212.319504 -65.534103 -144.258194
v 214.984894 -80.335602 -143.720398
v 242.024506 -60.515202 -129.333694
v 212.319504 -65.534103 -144.258194
v 215.328506 -88.582703 -62.618801
v 227.818802 -70.911903 -58.446499
v 246.113403 -85.200104 -99.824097
v 670.693420 -347.772186 -236.423492
v 676.354370 -360.587891 -265.755402
v 648.332520 -349.328613 -244.477707
v 659.511414 -338.101898 -316.073700
v 635.718079 -320.018188 -303.461212
v 628.025208 -334.075714 -312.237396
v 610.680115 -374.340912 -276.399414
v 591.055481 -356.901489 -276.259003
v 613.906921 -371.694397 -254.030502
v 623.007385 -333.558594 -233.632294
v 646.227600 -335.435913 -225.461105
v 638.591980 -352.419189 -227.776505
v 607.194702 -308.695801 -245.155304
v 604.577820 -303.592010 -262.385986
v 617.718628 -306.481201 -276.572388
v 676.354370 -360.587891 -265.755402
v 681.785278 -342.955688 -244.962997
v 684.877014 -335.641510 -277.348694
v 684.877014 -335.641510 -277.348694
v 685.511414 -353.177307 -285.682312
v 676.354370 -360.587891 -265.755402
v 629.382080 -361.621796 -306.639404
v 659.511414 -338.101898 -316.073700
v 628.025208 -334.075714 -312.237396
v 592.395020 -318.637695 -243.889801
v 594.772705 -357.158691 -247.790497
v 589.764282 -348.366486 -273.652893
v 617.718628 -306.481201 -276.572388
v 604.577820 -303.592010 -262.385986
v 598.394775 -333.188599 -293.482086
v 659.511414 -338.101898 -316.073700
v 666.159424 -318.092010 -288.223114
v 635.718079 -320.018188 -303.461212
v 624.707581 -311.877899 -246.946198
v 633.230286 -298.664886 -273.834991
v 645.890381 -295.674011 -261.664215
v 662.400574 -319.657013 -230.413696
v 664.634888 -303.421112 -260.911713
v 676.590576 -331.692993 -236.835007
v 638.591980 -352.419189 -227.776505
v 646.227600 -335.435913 -225.461105
v 656.371887 -352.706696 -231.737503
v 610.680115 -374.340912 -276.399414
v 624.022278 -378.466705 -253.563293
v 635.150208 -381.848297 -273.493011
v 675.629700 -361.807312 -292.492310
v 661.372192 -385.401703 -288.205414
v 678.004028 -371.481903 -270.681885
v 654.408875 -381.012909 -271.310913
v 624.022278 -378.466705 -253.563293
v 648.332520 -349.328613 -244.477707
v 623.007385 -333.558594 -233.632294
v 638.591980 -352.419189 -227.776505
v 601.847595 -335.746002 -239.392593
v 659.511414 -338.101898 -316.073700
v 679.037170 -343.301086 -296.480804
v 666.159424 -318.092010 -288.223114
v 675.629700 -361.807312 -292.492310
v 658.829407 -361.616486 -311.641602
v 661.372192 -385.401703 -288.205414
v 629.382080 -361.621796 -306.639404
v 647.987183 -378.821594 -300.160187
v 658.829407 -361.616486 -311.641602
v 641.795227 -385.487915 -289.433411
v 610.680115 -374.340912 -276.399414
v 635.150208 -381.848297 -273.493011
v 640.271973 -308.107086 -243.671005
v 645.890381 -295.674011 -261.664215
v 662.400574 -319.657013 -230.413696
v 623.007385 -333.558594 -233.632294
v 624.707581 -311.877899 -246.946198
v 646.227600 -335.435913 -225.461105
v 604.577820 -303.592010 -262.385986
v 589.764282 -348.366486 -273.652893
v 598.394775 -333.188599 -293.482086
v 611.028198 -340.734985 -302.368591
v 591.055481 -356.901489 -276.259003
v 611.433716 -372.947388 -288.044098
v 667.726685 -307.294586 -271.753204
v 649.682373 -299.532806 -279.013702
v 666.159424 -318.092010 -288.223114
v 664.634888 -303.421112 -260.911713
v 677.492615 -325.524109 -269.530487
v 681.785278 -342.955688 -244.962997
v 638.591980 -352.419189 -227.776505
v 613.906921 -371.694397 -254.030502
v 601.847595 -335.746002 -239.392593
v 594.772705 -357.158691 -247.790497
v 613.906921 -371.694397 -254.030502
v 591.055481 -356.901489 -276.259003
v 666.159424 -318.092010 -288.223114
v 649.682373 -299.532806 -279.013702
v 635.718079 -320.018188 -303.461212
v 594.702271 -316.270111 -261.280212
v 589.764282 -348.366486 -273.652893
v 604.577820 -303.592010 -262.385986
v 607.194702 -308.695801 -245.155304
v 592.395020 -318.637695 -243.889801
v 604.577820 -303.592010 -262.385986
v 661.372192 -385.401703 -288.205414
v 654.408875 -381.012909 -271.310913
v 678.004028 -371.481903 -270.681885
v 648.332520 -349.328613 -244.477707
v 676.354370 -360.587891 -265.755402
v 654.408875 -381.012909 -271.310913
v 681.785278 -342.955688 -244.962997
v 676.354370 -360.587891 -265.755402
v 670.693420 -347.772186 -236.423492
v 656.371887 -352.706696 -231.737503
v 646.227600 -335.435913 -225.461105
v 676.590576 -331.692993 -236.835007
v 629.382080 -361.621796 -306.639404
v 611.433716 -372.947388 -288.044098
v 647.987183 -378.821594 -300.160187
v 611.433716 -372.947388 -288.044098
v 629.382080 -361.621796 -306.639404
v 611.028198 -340.734985 -302.368591
v 592.395020 -318.637695 -243.889801
v 607.194702 -308.695801 -245.155304
v 623.007385 -333.558594 -233.632294
v 601.847595 -335.746002 -239.392593
v 592.395020 -318.637695 -243.889801
v 623.007385 -333.558594 -233.632294
v 658.829407 -361.616486 -311.641602
v 659.511414 -338.101898 -316.073700
v 629.382080 -361.621796 -306.639404
v 659.511414 -338.101898 -316.073700
v 658.829407 -361.616486 -311.641602
v 675.629700 -361.807312 -292.492310
v 635.718079 -320.018188 -303.461212
v 621.813416 -327.027588 -288.693787
v 628.025208 -334.075714 -312.237396
v 598.394775 -333.188599 -293.482086
v 621.813416 -327.027588 -288.693787
v 629.129883 -311.797699 -288.306213
v 648.332520 -349.328613 -244.477707
v 638.591980 -352.419189 -227.776505
v 656.371887 -352.706696 -231.737503
v 638.591980 -352.419189 -227.776505
v 648.332520 -349.328613 -244.477707
v 624.022278 -378.466705 -253.563293
v 667.726685 -307.294586 -271.753204
v 666.159424 -318.092010 -288.223114
v 677.492615 -325.524109 -269.530487
v 666.159424 -318.092010 -288.223114
v 679.037170 -343.301086 -296.480804
v 684.877014 -335.641510 -277.348694
v 640.271973 -308.107086 -243.671005
v 624.707581 -311.877899 -246.946198
v 645.890381 -295.674011 -261.664215
v 646.227600 -335.435913 -225.461105
v 624.707581 -311.877899 -246.946198
v 640.271973 -308.107086 -243.671005
v 649.682373 -299.532806 -279.013702
v 645.890381 -295.674011 -261.664215
v 633.230286 -298.664886 -273.834991
v 633.230286 -298.664886 -273.834991
v 629.129883 -311.797699 -288.306213
v 649.682373 -299.532806 -279.013702
v 661.372192 -385.401703 -288.205414
v 641.795227 -385.487915 -289.433411
v 654.408875 -381.012909 -271.310913
v 658.829407 -361.616486 -311.641602
v 647.987183 -378.821594 -300.160187
v 661.372192 -385.401703 -288.205414
v 664.634888 -303.421112 -260.911713
v 662.400574 -319.657013 -230.413696
v 645.890381 -295.674011 -261.664215
v 645.890381 -295.674011 -261.664215
v 649.682373 -299.532806 -279.013702
v 667.726685 -307.294586 -271.753204
v 598.394775 -333.188599 -293.482086
v 589.764282 -348.366486 -273.652893
v 611.028198 -340.734985 -302.368591
v 621.813416 -327.027588 -288.693787
v 598.394775 -333.188599 -293.482086
v 611.028198 -340.734985 -302.368591
v 594.772705 -357.158691 -247.790497
v 592.395020 -318.637695 -243.889801
v 601.847595 -335.746002 -239.392593
v 613.906921 -371.694397 -254.030502
v 594.772705 -357.158691 -247.790497
v 601.847595 -335.746002 -239.392593
v 679.037170 -343.301086 -296.480804
v 685.511414 -353.177307 -285.682312
v 684.877014 -335.641510 -277.348694
v 679.037170 -343.301086 -296.480804
v 659.511414 -338.101898 -316.073700
v 675.629700 -361.807312 -292.492310
v 635.718079 -320.018188 -303.461212
v 649.682373 -299.532806 -279.013702
v 629.129883 -311.797699 -288.306213
v 629.129883 -311.797699 -288.306213
v 621.813416 -327.027588 -288.693787
v 635.718079 -320.018188 -303.461212
v 681.785278 -342.955688 -244.962997
v 676.590576 -331.692993 -236.835007
v 664.634888 -303.421112 -260.911713
v 681.785278 -342.955688 -244.962997
v 670.693420 -347.772186 -236.423492
v 676.590576 -331.692993 -236.835007
v 638.591980 -352.419189 -227.776505
v 624.022278 -378.466705 -253.563293
v 613.906921 -371.694397 -254.030502
v 624.022278 -378.466705 -253.563293
v 610.680115 -374.340912 -276.399414
v 613.906921 -371.694397 -254.030502
v 635.150208 -381.848297 -273.493011
v 654.408875 -381.012909 -271.310913
v 641.795227 -385.487915 -289.433411
v 635.150208 -381.848297 -273.493011
v 624.022278 -378.466705 -253.563293
v 654.408875 -381.012909 -271.310913
v 589.764282 -348.366486 -273.652893
v 594.702271 -316.270111 -261.280212
v 592.395020 -318.637695 -243.889801
v 604.577820 -303.592010 -262.385986
v 592.395020 -318.637695 -243.889801
v 594.702271 -316.270111 -261.280212
v 591.055481 -356.901489 -276.259003
v 611.028198 -340.734985 -302.368591
v 589.764282 -348.366486 -273.652893
v 591.055481 -356.901489 -276.259003
v 589.764282 -348.366486 -273.652893
v 594.772705 -357.158691 -247.790497
v 623.007385 -333.558594 -233.632294
v 607.194702 -308.695801 -245.155304
v 624.707581 -311.877899 -246.946198
v 624.707581 -311.877899 -246.946198
v 607.194702 -308.695801 -245.155304
v 617.718628 -306.481201 -276.572388
v 656.371887 -352.706696 -231.737503
v 670.693420 -347.772186 -236.423492
v 648.332520 -349.328613 -244.477707
v 670.693420 -347.772186 -236.423492
v 656.371887 -352.706696 -231.737503
v 676.590576 -331.692993 -236.835007
v 633.230286 -298.664886 -273.834991
v 617.718628 -306.481201 -276.572388
v 629.129883 -311.797699 -288.306213
v 633.230286 -298.664886 -273.834991
v 624.707581 -311.877899 -246.946198
v 617.718628 -306.481201 -276.572388
v 676.590576 -331.692993 -236.835007
v 646.227600 -335.435913 -225.461105
v 662.400574 -319.657013 -230.413696
v 662.400574 -319.657013 -230.413696
v 646.227600 -335.435913 -225.461105
v 640.271973 -308.107086 -243.671005
v 641.795227 -385.487915 -289.433411
v 661.372192 -385.401703 -288.205414
v 647.987183 -378.821594 -300.160187
v 647.987183 -378.821594 -300.160187
v 611.433716 -372.947388 -288.044098
v 641.795227 -385.487915 -289.433411
v 667.726685 -307.294586 -271.753204
v 664.634888 -303.421112 -260.911713
v 645.890381 -295.674011 -261.664215
v 677.492615 -325.524109 -269.530487
v 664.634888 -303.421112 -260.911713
v 667.726685 -307.294586 -271.753204
v 666.159424 -318.092010 -288.223114
v 684.877014 -335.641510 -277.348694
v 677.492615 -325.524109 -269.530487
v 677.492615 -325.524109 -269.530487
v 684.877014 -335.641510 -277.348694
v 681.785278 -342.955688 -244.962997
v 678.004028 -371.481903 -270.681885
v 676.354370 -360.587891 -265.755402
v 685.511414 -353.177307 -285.682312
v 676.354370 -360.587891 -265.755402
v 678.004028 -371.481903 -270.681885
v 654.408875 -381.012909 -271.310913
v 675.629700 -361.807312 -292.492310
v 685.511414 -353.177307 -285.682312
v 679.037170 -343.301086 -296.480804
v 675.629700 -361.807312 -292.492310
v 678.004028 -371.481903 -270.681885
v 685.511414 -353.177307 -285.682312
v 628.025208 -334.075714 -312.237396
v 621.813416 -327.027588 -288.693787
v 611.028198 -340.734985 -302.368591
v 629.382080 -361.621796 -306.639404
v 628.025208 -334.075714 -312.237396
v 611.028198 -340.734985 -302.368591
v 641.795227 -385.487915 -289.433411
v 611.433716 -372.947388 -288.044098
v 610.680115 -374.340912 -276.399414
v 611.433716 -372.947388 -288.044098
v 591.055481 -356.901489 -276.259003
v 610.680115 -374.340912 -276.399414
v 629.129883 -311.797699 -288.306213
v 617.718628 -306.481201 -276.572388
v 598.394775 -333.188599 -293.482086
v -5.653400 -152.473999 -113.575203
v -11.462200 -185.123398 -101.039001
v 16.624100 -163.850098 -120.582802
v 25.426201 -215.933304 -60.534698
v 54.450199 -196.915497 -67.428703
v 56.793400 -214.876694 -75.734001
v 46.984001 -213.462402 -136.692001
v 74.160797 -204.887100 -133.904602
v 40.752399 -192.092697 -147.664993
v 46.352100 -148.105392 -128.766602
v 21.575800 -138.759598 -123.892998
v 21.182199 -153.116394 -138.471695
v 75.745796 -144.018906 -111.160698
v 84.107903 -155.792404 -97.605400
v 72.917099 -167.790604 -83.984497
v -11.462200 -185.123398 -101.039001
v -12.286400 -154.882507 -99.053398
v -5.345200 -177.272400 -71.248596
v -5.345200 -177.272400 -71.248596
v -12.746500 -195.858002 -78.224197
v -11.462200 -185.123398 -101.039001
v 41.136101 -228.037094 -98.618500
v 25.426201 -215.933304 -60.534698
v 56.793400 -214.876694 -75.734001
v 84.902100 -151.782593 -126.519798
v 64.859398 -180.140305 -150.686096
v 78.990997 -197.233093 -130.057693
v 72.917099 -167.790604 -83.984497
v 84.107903 -155.792404 -97.605400
v 81.929001 -202.845901 -101.947403
v 25.426201 -215.933304 -60.534698
v 23.187300 -177.901794 -60.796398
v 54.450199 -196.915497 -67.428703
v 57.778099 -144.934799 -103.610901
v 61.266201 -157.895401 -72.403000
v 48.167500 -143.556702 -71.838799
v 14.638100 -130.088394 -101.240402
v 26.321199 -145.116394 -68.628403
v -3.490400 -141.313904 -98.747002
v 21.182199 -153.116394 -138.471695
v 21.575800 -138.759598 -123.892998
v 4.778900 -153.938507 -127.289200
v 46.984001 -213.462402 -136.692001
v 27.704100 -194.590195 -147.847305
v 19.338900 -212.135300 -131.861603
v -6.081600 -208.899704 -84.962097
v -4.609100 -222.994995 -111.888000
v -17.313299 -196.260803 -104.911797
v 0.846700 -206.735901 -123.111900
v 27.704100 -194.590195 -147.847305
v 16.624100 -163.850098 -120.582802
v 46.352100 -148.105392 -128.766602
v 21.182199 -153.116394 -138.471695
v 66.722099 -157.750000 -137.120499
v 25.426201 -215.933304 -60.534698
v 0.341400 -199.583694 -67.296600
v 23.187300 -177.901794 -60.796398
v -6.081600 -208.899704 -84.962097
v 13.893200 -227.748993 -80.758797
v -4.609100 -222.994995 -111.888000
v 41.136101 -228.037094 -98.618500
v 13.746600 -230.952499 -106.026497
v 13.893200 -227.748993 -80.758797
v 14.360500 -227.134201 -120.871696
v 46.984001 -213.462402 -136.692001
v 19.338900 -212.135300 -131.861603
v 44.024300 -137.238098 -95.278900
v 48.167500 -143.556702 -71.838799
v 14.638100 -130.088394 -101.240402
v 46.352100 -148.105392 -128.766602
v 57.778099 -144.934799 -103.610901
v 21.575800 -138.759598 -123.892998
v 84.107903 -155.792404 -97.605400
v 78.990997 -197.233093 -130.057693
v 81.929001 -202.845901 -101.947403
v 67.938904 -213.461105 -95.381302
v 74.160797 -204.887100 -133.904602
v 49.228199 -222.383499 -127.766899
v 23.631399 -156.460205 -62.874100
v 46.096802 -160.346802 -61.510700
v 23.187300 -177.901794 -60.796398
v 26.321199 -145.116394 -68.628403
v 5.060100 -165.062805 -72.657097
v -12.286400 -154.882507 -99.053398
v 21.182199 -153.116394 -138.471695
v 40.752399 -192.092697 -147.664993
v 66.722099 -157.750000 -137.120499
v 64.859398 -180.140305 -150.686096
v 40.752399 -192.092697 -147.664993
v 74.160797 -204.887100 -133.904602
v 23.187300 -177.901794 -60.796398
v 46.096802 -160.346802 -61.510700
v 54.450199 -196.915497 -67.428703
v 87.258400 -164.733307 -112.396797
v 78.990997 -197.233093 -130.057693
v 84.107903 -155.792404 -97.605400
v 75.745796 -144.018906 -111.160698
v 84.902100 -151.782593 -126.519798
v 84.107903 -155.792404 -97.605400
v -4.609100 -222.994995 -111.888000
v 0.846700 -206.735901 -123.111900
v -17.313299 -196.260803 -104.911797
v 16.624100 -163.850098 -120.582802
v -11.462200 -185.123398 -101.039001
v 0.846700 -206.735901 -123.111900
v -12.286400 -154.882507 -99.053398
v -11.462200 -185.123398 -101.039001
v -5.653400 -152.473999 -113.575203
v 4.778900 -153.938507 -127.289200
v 21.575800 -138.759598 -123.892998
v -3.490400 -141.313904 -98.747002
v 41.136101 -228.037094 -98.618500
v 49.228199 -222.383499 -127.766899
v 13.746600 -230.952499 -106.026497
v 49.228199 -222.383499 -127.766899
v 41.136101 -228.037094 -98.618500
v 67.938904 -213.461105 -95.381302
v 84.902100 -151.782593 -126.519798
v 75.745796 -144.018906 -111.160698
v 46.352100 -148.105392 -128.766602
v 66.722099 -157.750000 -137.120499
v 84.902100 -151.782593 -126.519798
v 46.352100 -148.105392 -128.766602
v 13.893200 -227.748993 -80.758797
v 25.426201 -215.933304 -60.534698
v 41.136101 -228.037094 -98.618500
v 25.426201 -215.933304 -60.534698
v 13.893200 -227.748993 -80.758797
v -6.081600 -208.899704 -84.962097
v 54.450199 -196.915497 -67.428703
v 61.496799 -191.063293 -88.967499
v 56.793400 -214.876694 -75.734001
v 81.929001 -202.845901 -101.947403
v 61.496799 -191.063293 -88.967499
v 61.732899 -179.559906 -74.567200
v 16.624100 -163.850098 -120.582802
v 21.182199 -153.116394 -138.471695
v 4.778900 -153.938507 -127.289200
v 21.182199 -153.116394 -138.471695
v 16.624100 -163.850098 -120.582802
v 27.704100 -194.590195 -147.847305
v 23.631399 -156.460205 -62.874100
v 23.187300 -177.901794 -60.796398
v 5.060100 -165.062805 -72.657097
v 23.187300 -177.901794 -60.796398
v 0.341400 -199.583694 -67.296600
v -5.345200 -177.272400 -71.248596
v 44.024300 -137.238098 -95.278900
v 57.778099 -144.934799 -103.610901
v 48.167500 -143.556702 -71.838799
v 21.575800 -138.759598 -123.892998
v 57.778099 -144.934799 -103.610901
v 44.024300 -137.238098 -95.278900
v 46.096802 -160.346802 -61.510700
v 48.167500 -143.556702 -71.838799
v 61.266201 -157.895401 -72.403000
v 61.266201 -157.895401 -72.403000
v 61.732899 -179.559906 -74.567200
v 46.096802 -160.346802 -61.510700
v -4.609100 -222.994995 -111.888000
v 14.360500 -227.134201 -120.871696
v 0.846700 -206.735901 -123.111900
v 13.893200 -227.748993 -80.758797
v 13.746600 -230.952499 -106.026497
v -4.609100 -222.994995 -111.888000
v 26.321199 -145.116394 -68.628403
v 14.638100 -130.088394 -101.240402
v 48.167500 -143.556702 -71.838799
v 48.167500 -143.556702 -71.838799
v 46.096802 -160.346802 -61.510700
v 23.631399 -156.460205 -62.874100
v 81.929001 -202.845901 -101.947403
v 78.990997 -197.233093 -130.057693
v 67.938904 -213.461105 -95.381302
v 61.496799 -191.063293 -88.967499
v 81.929001 -202.845901 -101.947403
v 67.938904 -213.461105 -95.381302
v 64.859398 -180.140305 -150.686096
v 84.902100 -151.782593 -126.519798
v 66.722099 -157.750000 -137.120499
v 40.752399 -192.092697 -147.664993
v 64.859398 -180.140305 -150.686096
v 66.722099 -157.750000 -137.120499
v 0.341400 -199.583694 -67.296600
v -12.746500 -195.858002 -78.224197
v -5.345200 -177.272400 -71.248596
v 0.341400 -199.583694 -67.296600
v 25.426201 -215.933304 -60.534698
v -6.081600 -208.899704 -84.962097
v 54.450199 -196.915497 -67.428703
v 46.096802 -160.346802 -61.510700
v 61.732899 -179.559906 -74.567200
v 61.732899 -179.559906 -74.567200
v 61.496799 -191.063293 -88.967499
v 54.450199 -196.915497 -67.428703
v -12.286400 -154.882507 -99.053398
v -3.490400 -141.313904 -98.747002
v 26.321199 -145.116394 -68.628403
v -12.286400 -154.882507 -99.053398
v -5.653400 -152.473999 -113.575203
v -3.490400 -141.313904 -98.747002
v 21.182199 -153.116394 -138.471695
v 27.704100 -194.590195 -147.847305
v 40.752399 -192.092697 -147.664993
v 27.704100 -194.590195 -147.847305
v 46.984001 -213.462402 -136.692001
v 40.752399 -192.092697 -147.664993
v 19.338900 -212.135300 -131.861603
v 0.846700 -206.735901 -123.111900
v 14.360500 -227.134201 -120.871696
v 19.338900 -212.135300 -131.861603
v 27.704100 -194.590195 -147.847305
v 0.846700 -206.735901 -123.111900
v 78.990997 -197.233093 -130.057693
v 87.258400 -164.733307 -112.396797
v 84.902100 -151.782593 -126.519798
v 84.107903 -155.792404 -97.605400
v 84.902100 -151.782593 -126.519798
v 87.258400 -164.733307 -112.396797
v 74.160797 -204.887100 -133.904602
v 67.938904 -213.461105 -95.381302
v 78.990997 -197.233093 -130.057693
v 74.160797 -204.887100 -133.904602
v 78.990997 -197.233093 -130.057693
v 64.859398 -180.140305 -150.686096
v 46.352100 -148.105392 -128.766602
v 75.745796 -144.018906 -111.160698
v 57.778099 -144.934799 -103.610901
v 57.778099 -144.934799 -103.610901
v 75.745796 -144.018906 -111.160698
v 72.917099 -167.790604 -83.984497
v 4.778900 -153.938507 -127.289200
v -5.653400 -152.473999 -113.575203
v 16.624100 -163.850098 -120.582802
v -5.653400 -152.473999 -113.575203
v 4.778900 -153.938507 -127.289200
v -3.490400 -141.313904 -98.747002
v 61.266201 -157.895401 -72.403000
v 72.917099 -167.790604 -83.984497
v 61.732899 -179.559906 -74.567200
v 61.266201 -157.895401 -72.403000
v 57.778099 -144.934799 -103.610901
v 72.917099 -167.790604 -83.984497
v -3.490400 -141.313904 -98.747002
v 21.575800 -138.759598 -123.892998
v 14.638100 -130.088394 -101.240402
v 14.638100 -130.088394 -101.240402
v 21.575800 -138.759598 -123.892998
v 44.024300 -137.238098 -95.278900
v 14.360500 -227.134201 -120.871696
v -4.609100 -222.994995 -111.888000
v 13.746600 -230.952499 -106.026497
v 13.746600 -230.952499 -106.026497
v 49.228199 -222.383499 -127.766899
v 14.360500 -227.134201 -120.871696
v 23.631399 -156.460205 -62.874100
v 26.321199 -145.116394 -68.628403
v 48.167500 -143.556702 -71.838799
v 5.060100 -165.062805 -72.657097
v 26.321199 -145.116394 -68.628403
v 23.631399 -156.460205 -62.874100
v 23.187300 -177.901794 -60.796398
v -5.345200 -177.272400 -71.248596
v 5.060100 -165.062805 -72.657097
v 5.060100 -165.062805 -72.657097
v -5.345200 -177.272400 -71.248596
v -12.286400 -154.882507 -99.053398
v -17.313299 -196.260803 -104.911797
v -11.462200 -185.123398 -101.039001
v -12.746500 -195.858002 -78.224197
v -11.462200 -185.123398 -101.039001
v -17.313299 -196.260803 -104.911797
v 0.846700 -206.735901 -123.111900
v -6.081600 -208.899704 -84.962097
v -12.746500 -195.858002 -78.224197
v 0.341400 -199.583694 -67.296600
v -6.081600 -208.899704 -84.962097
v -17.313299 -196.260803 -104.911797
v -12.746500 -195.858002 -78.224197
v 56.793400 -214.876694 -75.734001
v 61.496799 -191.063293 -88.967499
v 67.938904 -213.461105 -95.381302
v 41.136101 -228.037094 -98.618500
v 56.793400 -214.876694 -75.734001
v 67.938904 -213.461105 -95.381302
v 14.360500 -227.134201 -120.871696
v 49.228199 -222.383499 -127.766899
v 46.984001 -213.462402 -136.692001
v 49.228199 -222.383499 -127.766899
v 74.160797 -204.887100 -133.904602
v 46.984001 -213.462402 -136.692001
v 61.732899 -179.559906 -74.567200
v 72.917099 -167.790604 -83.984497
v 81.929001 -202.845901 -101.947403
v -11.037900 -188.175598 251.348495
v -33.433899 -170.938705 272.753998
v -22.782301 -172.878601 233.945007
v -95.880501 -168.398895 266.077606
v -95.804901 -176.292206 231.591507
v -100.070999 -156.913498 233.419403
v -51.229698 -121.330597 220.671906
v -62.349602 -127.209000 194.948807
v -29.643999 -131.843704 214.391800
v -23.779900 -177.352402 199.628601
v -10.302500 -189.980103 219.220993
v -6.953900 -169.804001 219.944504
v -48.767799 -188.657303 178.689102
v -68.429901 -187.037003 180.440002
v -78.581596 -187.110703 199.192505
v -33.433899 -170.938705 272.753998
v -19.275801 -195.872696 262.905792
v -53.674702 -194.879700 274.666901
v -53.674702 -194.879700 274.666901
v -54.379101 -176.744995 285.598511
v -33.433899 -170.938705 272.753998
v -82.677200 -133.976303 244.067596
v -95.880501 -168.398895 266.077606
v -100.070999 -156.913498 233.419403
v -46.282700 -172.258606 168.446106
v -33.428699 -137.064896 188.094498
v -63.632599 -135.111496 189.237701
v -78.581596 -187.110703 199.192505
v -68.429901 -187.037003 180.440002
v -87.858101 -147.792206 198.328995
v -95.880501 -168.398895 266.077606
v -75.521599 -198.166702 253.794495
v -95.804901 -176.292206 231.591507
v -45.701900 -194.279999 197.119095
v -76.082397 -203.078201 209.516602
v -62.817101 -215.856705 215.699997
v -18.608299 -211.380005 229.686295
v -55.074699 -218.662094 236.247192
v -17.041000 -205.841995 250.368301
v -6.953900 -169.804001 219.944504
v -10.302500 -189.980103 219.220993
v -7.194000 -177.594803 238.221298
v -51.229698 -121.330597 220.671906
v -24.313900 -131.000198 226.533005
v -40.322800 -127.933899 245.707504
v -59.429001 -161.773300 282.396393
v -48.105598 -134.009796 277.217712
v -33.373901 -160.393600 280.632507
v -34.683498 -139.281097 262.651886
v -24.313900 -131.000198 226.533005
v -22.782301 -172.878601 233.945007
v -23.779900 -177.352402 199.628601
v -6.953900 -169.804001 219.944504
v -32.757099 -162.756393 182.773102
v -95.880501 -168.398895 266.077606
v -70.477898 -179.350494 279.383698
v -75.521599 -198.166702 253.794495
v -59.429001 -161.773300 282.396393
v -81.740997 -147.767899 273.565704
v -48.105598 -134.009796 277.217712
v -82.677200 -133.976303 244.067596
v -65.333900 -129.690399 266.302887
v -81.740997 -147.767899 273.565704
v -53.183102 -123.458504 259.313202
v -51.229698 -121.330597 220.671906
v -40.322800 -127.933899 245.707504
v -40.957600 -206.721497 208.973694
v -62.817101 -215.856705 215.699997
v -18.608299 -211.380005 229.686295
v -23.779900 -177.352402 199.628601
v -45.701900 -194.279999 197.119095
v -10.302500 -189.980103 219.220993
v -68.429901 -187.037003 180.440002
v -63.632599 -135.111496 189.237701
v -87.858101 -147.792206 198.328995
v -90.923203 -144.856506 216.591095
v -62.349602 -127.209000 194.948807
v -63.148701 -119.655296 225.077393
v -63.517101 -213.599106 244.739700
v -77.543297 -209.301193 227.233795
v -75.521599 -198.166702 253.794495
v -55.074699 -218.662094 236.247192
v -51.699600 -202.578598 260.661407
v -19.275801 -195.872696 262.905792
v -6.953900 -169.804001 219.944504
v -29.643999 -131.843704 214.391800
v -32.757099 -162.756393 182.773102
v -33.428699 -137.064896 188.094498
v -29.643999 -131.843704 214.391800
v -62.349602 -127.209000 194.948807
v -75.521599 -198.166702 253.794495
v -77.543297 -209.301193 227.233795
v -95.804901 -176.292206 231.591507
v -63.967800 -170.630402 176.016693
v -63.632599 -135.111496 189.237701
v -68.429901 -187.037003 180.440002
v -48.767799 -188.657303 178.689102
v -46.282700 -172.258606 168.446106
v -68.429901 -187.037003 180.440002
v -48.105598 -134.009796 277.217712
v -34.683498 -139.281097 262.651886
v -33.373901 -160.393600 280.632507
v -22.782301 -172.878601 233.945007
v -33.433899 -170.938705 272.753998
v -34.683498 -139.281097 262.651886
v -19.275801 -195.872696 262.905792
v -33.433899 -170.938705 272.753998
v -11.037900 -188.175598 251.348495
v -7.194000 -177.594803 238.221298
v -10.302500 -189.980103 219.220993
v -17.041000 -205.841995 250.368301
v -82.677200 -133.976303 244.067596
v -63.148701 -119.655296 225.077393
v -65.333900 -129.690399 266.302887
v -63.148701 -119.655296 225.077393
v -82.677200 -133.976303 244.067596
v -90.923203 -144.856506 216.591095
v -46.282700 -172.258606 168.446106
v -48.767799 -188.657303 178.689102
v -23.779900 -177.352402 199.628601
v -32.757099 -162.756393 182.773102
v -46.282700 -172.258606 168.446106
v -23.779900 -177.352402 199.628601
v -81.740997 -147.767899 273.565704
v -95.880501 -168.398895 266.077606
v -82.677200 -133.976303 244.067596
v -95.880501 -168.398895 266.077606
v -81.740997 -147.767899 273.565704
v -59.429001 -161.773300 282.396393
v -95.804901 -176.292206 231.591507
v -81.062897 -166.918594 216.014801
v -100.070999 -156.913498 233.419403
v -87.858101 -147.792206 198.328995
v -81.062897 -166.918594 216.014801
v -85.637299 -184.769699 216.426804
v -22.782301 -172.878601 233.945007
v -6.953900 -169.804001 219.944504
v -7.194000 -177.594803 238.221298
v -6.953900 -169.804001 219.944504
v -22.782301 -172.878601 233.945007
v -24.313900 -131.000198 226.533005
v -63.517101 -213.599106 244.739700
v -75.521599 -198.166702 253.794495
v -51.699600 -202.578598 260.661407
v -75.521599 -198.166702 253.794495
v -70.477898 -179.350494 279.383698
v -53.674702 -194.879700 274.666901
v -40.957600 -206.721497 208.973694
v -45.701900 -194.279999 197.119095
v -62.817101 -215.856705 215.699997
v -10.302500 -189.980103 219.220993
v -45.701900 -194.279999 197.119095
v -40.957600 -206.721497 208.973694
v -77.543297 -209.301193 227.233795
v -62.817101 -215.856705 215.699997
v -76.082397 -203.078201 209.516602
v -76.082397 -203.078201 209.516602
v -85.637299 -184.769699 216.426804
v -77.543297 -209.301193 227.233795
v -48.105598 -134.009796 277.217712
v -53.183102 -123.458504 259.313202
v -34.683498 -139.281097 262.651886
v -81.740997 -147.767899 273.565704
v -65.333900 -129.690399 266.302887
v -48.105598 -134.009796 277.217712
v -55.074699 -218.662094 236.247192
v -18.608299 -211.380005 229.686295
v -62.817101 -215.856705 215.699997
v -62.817101 -215.856705 215.699997
v -77.543297 -209.301193 227.233795
v -63.517101 -213.599106 244.739700
v -87.858101 -147.792206 198.328995
v -63.632599 -135.111496 189.237701
v -90.923203 -144.856506 216.591095
v -81.062897 -166.918594 216.014801
v -87.858101 -147.792206 198.328995
v -90.923203 -144.856506 216.591095
v -33.428699 -137.064896 188.094498
v -46.282700 -172.258606 168.446106
v -32.757099 -162.756393 182.773102
v -29.643999 -131.843704 214.391800
v -33.428699 -137.064896 188.094498
v -32.757099 -162.756393 182.773102
v -70.477898 -179.350494 279.383698
v -54.379101 -176.744995 285.598511
v -53.674702 -194.879700 274.666901
v -70.477898 -179.350494 279.383698
v -95.880501 -168.398895 266.077606
v -59.429001 -161.773300 282.396393
v -95.804901 -176.292206 231.591507
v -77.543297 -209.301193 227.233795
v -85.637299 -184.769699 216.426804
v -85.637299 -184.769699 216.426804
v -81.062897 -166.918594 216.014801
v -95.804901 -176.292206 231.591507
v -19.275801 -195.872696 262.905792
v -17.041000 -205.841995 250.368301
v -55.074699 -218.662094 236.247192
v -19.275801 -195.872696 262.905792
v -11.037900 -188.175598 251.348495
v -17.041000 -205.841995 250.368301
v -6.953900 -169.804001 219.944504
v -24.313900 -131.000198 226.533005
v -29.643999 -131.843704 214.391800
v -24.313900 -131.000198 226.533005
v -51.229698 -121.330597 220.671906
v -29.643999 -131.843704 214.391800
v -40.322800 -127.933899 245.707504
v -34.683498 -139.281097 262.651886
v -53.183102 -123.458504 259.313202
v -40.322800 -127.933899 245.707504
v -24.313900 -131.000198 226.533005
v -34.683498 -139.281097 262.651886
v -63.632599 -135.111496 189.237701
v -63.967800 -170.630402 176.016693
v -46.282700 -172.258606 168.446106
v -68.429901 -187.037003 180.440002
v -46.282700 -172.258606 168.446106
v -63.967800 -170.630402 176.016693
v -62.349602 -127.209000 194.948807
v -90.923203 -144.856506 216.591095
v -63.632599 -135.111496 189.237701
v -62.349602 -127.209000 194.948807
v -63.632599 -135.111496 189.237701
v -33.428699 -137.064896 188.094498
v -23.779900 -177.352402 199.628601
v -48.767799 -188.657303 178.689102
v -45.701900 -194.279999 197.119095
v -45.701900 -194.279999 197.119095
v -48.767799 -188.657303 178.689102
v -78.581596 -187.110703 199.192505
v -7.194000 -177.594803 238.221298
v -11.037900 -188.175598 251.348495
v -22.782301 -172.878601 233.945007
v -11.037900 -188.175598 251.348495
v -7.194000 -177.594803 238.221298
v -17.041000 -205.841995 250.368301
v -76.082397 -203.078201 209.516602
v -78.581596 -187.110703 199.192505
v -85.637299 -184.769699 216.426804
v -76.082397 -203.078201 209.516602
v -45.701900 -194.279999 197.119095
v -78.581596 -187.110703 199.192505
v -17.041000 -205.841995 250.368301
v -10.302500 -189.980103 219.220993
v -18.608299 -211.380005 229.686295
v -18.608299 -211.380005 229.686295
v -10.302500 -189.980103 219.220993
v -40.957600 -206.721497 208.973694
v -53.183102 -123.458504 259.313202
v -48.105598 -134.009796 277.217712
v -65.333900 -129.690399 266.302887
v -65.333900 -129.690399 266.302887
v -63.148701 -119.655296 225.077393
v -53.183102 -123.458504 259.313202
v -63.517101 -213.599106 244.739700
v -55.074699 -218.662094 236.247192
v -62.817101 -215.856705 215.699997
v -51.699600 -202.578598 260.661407
v -55.074699 -218.662094 236.247192
v -63.517101 -213.599106 244.739700
v -75.521599 -198.166702 253.794495
v -53.674702 -194.879700 274.666901
v -51.699600 -202.578598 260.661407
v -51.699600 -202.578598 260.661407
v -53.674702 -194.879700 274.666901
v -19.275801 -195.872696 262.905792
v -33.373901 -160.393600 280.632507
v -33.433899 -170.938705 272.753998
v -54.379101 -176.744995 285.598511
v -33.433899 -170.938705 272.753998
v -33.373901 -160.393600 280.632507
v -34.683498 -139.281097 262.651886
v -59.429001 -161.773300 282.396393
v -54.379101 -176.744995 285.598511
v -70.477898 -179.350494 279.383698
v -59.429001 -161.773300 282.396393
v -33.373901 -160.393600 280.632507
v -54.379101 -176.744995 285.598511
v -100.070999 -156.913498 233.419403
v -81.062897 -166.918594 216.014801
v -90.923203 -144.856506 216.591095
v -82.677200 -133.976303 244.067596
v -100.070999 -156.913498 233.419403
v -90.923203 -144.856506 216.591095
v -53.183102 -123.458504 259.313202
v -63.148701 -119.655296 225.077393
v -51.229698 -121.330597 220.671906
v -63.148701 -119.655296 225.077393
v -62.349602 -127.209000 194.948807
v -51.229698 -121.330597 220.671906
v -85.637299 -184.769699 216.426804
v -78.581596 -187.110703 199.192505
v -87.858101 -147.792206 198.328995
v 472.881500 450.504089 124.600601
v 464.174713 435.553497 139.310501
v 479.086609 456.611511 138.780899
v 441.258209 444.574890 171.160400
v 448.195404 466.093201 172.703995
v 453.519501 459.564087 182.292892
v 491.433594 450.962891 174.978195
v 491.984711 468.102203 181.485794
v 498.058807 455.553101 161.276001
v 486.875000 477.093506 142.190903
v 481.801788 468.786896 127.953003
v 490.912598 461.881805 134.368301
v 478.162109 494.598114 152.496902
v 470.150787 495.052307 162.324097
v 460.475800 485.675598 164.570206
v 464.174713 435.553497 139.310501
v 463.089386 447.261414 123.854797
v 445.824585 443.800293 139.106705
v 445.824585 443.800293 139.106705
v 449.491608 432.259796 145.233795
v 464.174713 435.553497 139.310501
v 466.650208 444.942413 181.723907
v 441.258209 444.574890 171.160400
v 453.519501 459.564087 182.292892
v 488.613098 495.010406 159.318207
v 502.071686 472.092712 164.614197
v 490.003510 473.811493 179.707901
v 460.475800 485.675598 164.570206
v 470.150787 495.052307 162.324097
v 472.348297 475.022400 184.953705
v 441.258209 444.574890 171.160400
v 441.545685 458.506104 151.125595
v 448.195404 466.093201 172.703995
v 471.870605 485.807892 146.224396
v 452.234497 484.599396 155.524200
v 450.906311 483.789612 143.176407
v 466.909698 470.351013 121.876297
v 447.044189 472.506897 135.505798
v 463.733185 457.042389 120.501900
v 490.912598 461.881805 134.368301
v 481.801788 468.786896 127.953003
v 482.444397 454.163300 128.827698
v 491.433594 450.962891 174.978195
v 497.073090 448.046814 157.388199
v 486.085388 438.046906 163.644806
v 454.218109 429.943604 154.118500
v 471.327606 423.207214 160.581497
v 466.059692 427.953613 142.438599
v 479.039398 431.580994 154.041107
v 497.073090 448.046814 157.388199
v 479.086609 456.611511 138.780899
v 486.875000 477.093506 142.190903
v 490.912598 461.881805 134.368301
v 493.790985 482.841492 154.688293
v 441.258209 444.574890 171.160400
v 443.605896 438.073608 152.752502
v 441.545685 458.506104 151.125595
v 454.218109 429.943604 154.118500
v 453.051788 432.728302 171.657806
v 471.327606 423.207214 160.581497
v 466.650208 444.942413 181.723907
v 469.061798 429.615509 172.076004
v 453.051788 432.728302 171.657806
v 478.571899 430.393799 169.728302
v 491.433594 450.962891 174.978195
v 486.085388 438.046906 163.644806
v 465.501099 482.584808 137.311005
v 450.906311 483.789612 143.176407
v 466.909698 470.351013 121.876297
v 486.875000 477.093506 142.190903
v 471.870605 485.807892 146.224396
v 481.801788 468.786896 127.953003
v 470.150787 495.052307 162.324097
v 490.003510 473.811493 179.707901
v 472.348297 475.022400 184.953705
v 466.933014 464.303894 185.084396
v 491.984711 468.102203 181.485794
v 485.879211 449.173187 180.753006
v 443.075012 467.075714 140.415100
v 444.039612 476.829987 151.276306
v 441.545685 458.506104 151.125595
v 447.044189 472.506897 135.505798
v 447.679901 453.725006 136.994293
v 463.089386 447.261414 123.854797
v 490.912598 461.881805 134.368301
v 498.058807 455.553101 161.276001
v 493.790985 482.841492 154.688293
v 502.071686 472.092712 164.614197
v 498.058807 455.553101 161.276001
v 491.984711 468.102203 181.485794
v 441.545685 458.506104 151.125595
v 444.039612 476.829987 151.276306
v 448.195404 466.093201 172.703995
v 479.734100 492.044403 167.399094
v 490.003510 473.811493 179.707901
v 470.150787 495.052307 162.324097
v 478.162109 494.598114 152.496902
v 488.613098 495.010406 159.318207
v 470.150787 495.052307 162.324097
v 471.327606 423.207214 160.581497
v 479.039398 431.580994 154.041107
v 466.059692 427.953613 142.438599
v 479.086609 456.611511 138.780899
v 464.174713 435.553497 139.310501
v 479.039398 431.580994 154.041107
v 463.089386 447.261414 123.854797
v 464.174713 435.553497 139.310501
v 472.881500 450.504089 124.600601
v 482.444397 454.163300 128.827698
v 481.801788 468.786896 127.953003
v 463.733185 457.042389 120.501900
v 466.650208 444.942413 181.723907
v 485.879211 449.173187 180.753006
v 469.061798 429.615509 172.076004
v 485.879211 449.173187 180.753006
v 466.650208 444.942413 181.723907
v 466.933014 464.303894 185.084396
v 488.613098 495.010406 159.318207
v 478.162109 494.598114 152.496902
v 486.875000 477.093506 142.190903
v 493.790985 482.841492 154.688293
v 488.613098 495.010406 159.318207
v 486.875000 477.093506 142.190903
v 453.051788 432.728302 171.657806
v 441.258209 444.574890 171.160400
v 466.650208 444.942413 181.723907
v 441.258209 444.574890 171.160400
v 453.051788 432.728302 171.657806
v 454.218109 429.943604 154.118500
v 448.195404 466.093201 172.703995
v 462.506287 470.414612 171.563797
v 453.519501 459.564087 182.292892
v 472.348297 475.022400 184.953705
v 462.506287 470.414612 171.563797
v 453.472809 476.098297 166.514496
v 479.086609 456.611511 138.780899
v 490.912598 461.881805 134.368301
v 482.444397 454.163300 128.827698
v 490.912598 461.881805 134.368301
v 479.086609 456.611511 138.780899
v 497.073090 448.046814 157.388199
v 443.075012 467.075714 140.415100
v 441.545685 458.506104 151.125595
v 447.679901 453.725006 136.994293
v 441.545685 458.506104 151.125595
v 443.605896 438.073608 152.752502
v 445.824585 443.800293 139.106705
v 465.501099 482.584808 137.311005
v 471.870605 485.807892 146.224396
v 450.906311 483.789612 143.176407
v 481.801788 468.786896 127.953003
v 471.870605 485.807892 146.224396
v 465.501099 482.584808 137.311005
v 444.039612 476.829987 151.276306
v 450.906311 483.789612 143.176407
v 452.234497 484.599396 155.524200
v 452.234497 484.599396 155.524200
v 453.472809 476.098297 166.514496
v 444.039612 476.829987 151.276306
v 471.327606 423.207214 160.581497
v 478.571899 430.393799 169.728302
v 479.039398 431.580994 154.041107
v 453.051788 432.728302 171.657806
v 469.061798 429.615509 172.076004
v 471.327606 423.207214 160.581497
v 447.044189 472.506897 135.505798
v 466.909698 470.351013 121.876297
v 450.906311 483.789612 143.176407
v 450.906311 483.789612 143.176407
v 444.039612 476.829987 151.276306
v 443.075012 467.075714 140.415100
v 472.348297 475.022400 184.953705
v 490.003510 473.811493 179.707901
v 466.933014 464.303894 185.084396
v 462.506287 470.414612 171.563797
v 472.348297 475.022400 184.953705
v 466.933014 464.303894 185.084396
v 502.071686 472.092712 164.614197
v 488.613098 495.010406 159.318207
v 493.790985 482.841492 154.688293
v 498.058807 455.553101 161.276001
v 502.071686 472.092712 164.614197
v 493.790985 482.841492 154.688293
v 443.605896 438.073608 152.752502
v 449.491608 432.259796 145.233795
v 445.824585 443.800293 139.106705
v 443.605896 438.073608 152.752502
v 441.258209 444.574890 171.160400
v 454.218109 429.943604 154.118500
v 448.195404 466.093201 172.703995
v 444.039612 476.829987 151.276306
v 453.472809 476.098297 166.514496
v 453.472809 476.098297 166.514496
v 462.506287 470.414612 171.563797
v 448.195404 466.093201 172.703995
v 463.089386 447.261414 123.854797
v 463.733185 457.042389 120.501900
v 447.044189 472.506897 135.505798
v 463.089386 447.261414 123.854797
v 472.881500 450.504089 124.600601
v 463.733185 457.042389 120.501900
v 490.912598 461.881805 134.368301
v 497.073090 448.046814 157.388199
v 498.058807 455.553101 161.276001
v 497.073090 448.046814 157.388199
v 491.433594 450.962891 174.978195
v 498.058807 455.553101 161.276001
v 486.085388 438.046906 163.644806
v 479.039398 431.580994 154.041107
v 478.571899 430.393799 169.728302
v 486.085388 438.046906 163.644806
v 497.073090 448.046814 157.388199
v 479.039398 431.580994 154.041107
v 490.003510 473.811493 179.707901
v 479.734100 492.044403 167.399094
v 488.613098 495.010406 159.318207
v 470.150787 495.052307 162.324097
v 488.613098 495.010406 159.318207
v 479.734100 492.044403 167.399094
v 491.984711 468.102203 181.485794
v 466.933014 464.303894 185.084396
v 490.003510 473.811493 179.707901
v 491.984711 468.102203 181.485794
v 490.003510 473.811493 179.707901
v 502.071686 472.092712 164.614197
v 486.875000 477.093506 142.190903
v 478.162109 494.598114 152.496902
v 471.870605 485.807892 146.224396
v 471.870605 485.807892 146.224396
v 478.162109 494.598114 152.496902
v 460.475800 485.675598 164.570206
v 482.444397 454.163300 128.827698
v 472.881500 450.504089 124.600601
v 479.086609 456.611511 138.780899
v 472.881500 450.504089 124.600601
v 482.444397 454.163300 128.827698
v 463.733185 457.042389 120.501900
v 452.234497 484.599396 155.524200
v 460.475800 485.675598 164.570206
v 453.472809 476.098297 166.514496
v 452.234497 484.599396 155.524200
v 471.870605 485.807892 146.224396
v 460.475800 485.675598 164.570206
v 463.733185 457.042389 120.501900
v 481.801788 468.786896 127.953003
v 466.909698 470.351013 121.876297
v 466.909698 470.351013 121.876297
v 481.801788 468.786896 127.953003
v 465.501099 482.584808 137.311005
v 478.571899 430.393799 169.728302
v 471.327606 423.207214 160.581497
v 469.061798 429.615509 172.076004
v 469.061798 429.615509 172.076004
v 485.879211 449.173187 180.753006
v 478.571899 430.393799 169.728302
v 443.075012 467.075714 140.415100
v 447.044189 472.506897 135.505798
v 450.906311 483.789612 143.176407
v 447.679901 453.725006 136.994293
v 447.044189 472.506897 135.505798
v 443.075012 467.075714 140.415100
v 441.545685 458.506104 151.125595
v 445.824585 443.800293 139.106705
v 447.679901 453.725006 136.994293
v 447.679901 453.725006 136.994293
v 445.824585 443.800293 139.106705
v 463.089386 447.261414 123.854797
v 466.059692 427.953613 142.438599
v 464.174713 435.553497 139.310501
v 449.491608 432.259796 145.233795
v 464.174713 435.553497 139.310501
v 466.059692 427.953613 142.438599
v 479.039398 431.580994 154.041107
v 454.218109 429.943604 154.118500
v 449.491608 432.259796 145.233795
v 443.605896 438.073608 152.752502
v 454.218109 429.943604 154.118500
v 466.059692 427.953613 142.438599
v 449.491608 432.259796 145.233795
v 453.519501 459.564087 182.292892
v 462.506287 470.414612 171.563797
v 466.933014 464.303894 185.084396
v 466.650208 444.942413 181.723907
v 453.519501 459.564087 182.292892
v 466.933014 464.303894 185.084396
v 478.571899 430.393799 169.728302
v 485.879211 449.173187 180.753006
v 491.433594 450.962891 174.978195
v 485.879211 449.173187 180.753006
v 491.984711 468.102203 181.485794
v 491.433594 450.962891 174.978195
v 453.472809 476.098297 166.514496
v 460.475800 485.675598 164.570206
v 472.348297 475.022400 184.953705
v 341.922089 -549.206726 89.961700
v 324.906586 -560.040283 79.530197
v 348.228699 -564.600708 89.597702
v 305.228607 -592.120728 93.834000
v 321.665314 -598.478882 108.080101
v 321.579712 -606.671204 98.292297
v 350.752808 -599.244507 72.626404
v 358.832397 -609.259888 85.696198
v 360.678192 -587.110474 75.265297
v 364.607513 -572.595825 102.231796
v 358.180115 -556.724487 100.171097
v 361.600800 -561.892395 88.619797
v 364.403290 -586.020630 119.789497
v 356.366608 -595.386230 122.731796
v 343.097687 -595.194702 119.495201
v 324.906586 -560.040283 79.530197
v 332.042511 -547.391785 92.423203
v 313.362488 -560.846191 95.988098
v 313.362488 -560.846191 95.988098
v 309.860291 -564.527100 83.404099
v 324.906586 -560.040283 79.530197
v 325.595001 -603.544922 79.301804
v 305.228607 -592.120728 93.834000
v 321.579712 -606.671204 98.292297
v 372.559814 -593.193115 113.628899
v 371.874207 -594.044800 86.551201
v 360.241608 -608.655884 91.806099
v 343.097687 -595.194702 119.495201
v 356.366608 -595.386230 122.731796
v 344.998596 -613.316772 101.112900
v 305.228607 -592.120728 93.834000
v 315.306305 -575.529297 108.623398
v 321.665314 -598.478882 108.080101
v 355.546112 -577.774170 116.668503
v 336.819489 -585.799072 124.313202
v 337.058899 -573.517273 126.310600
v 347.105713 -550.518127 110.170601
v 329.236908 -563.475525 120.063202
v 337.952698 -546.221313 100.850700
v 361.600800 -561.892395 88.619797
v 358.180115 -556.724487 100.171097
v 351.311707 -554.499512 87.407600
v 350.752808 -599.244507 72.626404
v 356.652802 -581.680786 70.093597
v 341.373688 -585.219299 66.365799
v 311.465912 -572.901978 77.579697
v 321.800995 -578.477478 62.023701
v 322.277893 -561.557190 71.663399
v 333.510101 -574.183289 66.125801
v 356.652802 -581.680786 70.093597
v 348.228699 -564.600708 89.597702
v 364.607513 -572.595825 102.231796
v 361.600800 -561.892395 88.619797
v 371.585114 -586.299316 101.469299
v 305.228607 -592.120728 93.834000
v 306.645111 -572.863098 90.123199
v 315.306305 -575.529297 108.623398
v 311.465912 -572.901978 77.579697
v 309.331207 -590.570374 77.695602
v 321.800995 -578.477478 62.023701
v 325.595001 -603.544922 79.301804
v 321.403992 -590.968811 66.728600
v 309.331207 -590.570374 77.695602
v 330.259186 -589.228516 62.840698
v 350.752808 -599.244507 72.626404
v 341.373688 -585.219299 66.365799
v 349.778412 -568.128174 118.692299
v 337.058899 -573.517273 126.310600
v 347.105713 -550.518127 110.170601
v 364.607513 -572.595825 102.231796
v 355.546112 -577.774170 116.668503
v 358.180115 -556.724487 100.171097
v 356.366608 -595.386230 122.731796
v 360.241608 -608.655884 91.806099
v 344.998596 -613.316772 101.112900
v 335.006409 -610.948425 94.885696
v 358.832397 -609.259888 85.696198
v 344.280914 -604.277100 73.065002
v 322.428986 -566.953979 116.760902
v 326.552704 -579.668701 122.708504
v 315.306305 -575.529297 108.623398
v 329.236908 -563.475525 120.063202
v 320.201202 -560.966614 103.709702
v 332.042511 -547.391785 92.423203
v 361.600800 -561.892395 88.619797
v 360.678192 -587.110474 75.265297
v 371.585114 -586.299316 101.469299
v 371.874207 -594.044800 86.551201
v 360.678192 -587.110474 75.265297
v 358.832397 -609.259888 85.696198
v 315.306305 -575.529297 108.623398
v 326.552704 -579.668701 122.708504
v 321.665314 -598.478882 108.080101
v 362.327515 -600.092102 114.427399
v 360.241608 -608.655884 91.806099
v 356.366608 -595.386230 122.731796
v 364.403290 -586.020630 119.789497
v 372.559814 -593.193115 113.628899
v 356.366608 -595.386230 122.731796
v 321.800995 -578.477478 62.023701
v 333.510101 -574.183289 66.125801
v 322.277893 -561.557190 71.663399
v 348.228699 -564.600708 89.597702
v 324.906586 -560.040283 79.530197
v 333.510101 -574.183289 66.125801
v 332.042511 -547.391785 92.423203
v 324.906586 -560.040283 79.530197
v 341.922089 -549.206726 89.961700
v 351.311707 -554.499512 87.407600
v 358.180115 -556.724487 100.171097
v 337.952698 -546.221313 100.850700
v 325.595001 -603.544922 79.301804
v 344.280914 -604.277100 73.065002
v 321.403992 -590.968811 66.728600
v 344.280914 -604.277100 73.065002
v 325.595001 -603.544922 79.301804
v 335.006409 -610.948425 94.885696
v 372.559814 -593.193115 113.628899
v 364.403290 -586.020630 119.789497
v 364.607513 -572.595825 102.231796
v 371.585114 -586.299316 101.469299
v 372.559814 -593.193115 113.628899
v 364.607513 -572.595825 102.231796
v 309.331207 -590.570374 77.695602
v 305.228607 -592.120728 93.834000
v 325.595001 -603.544922 79.301804
v 305.228607 -592.120728 93.834000
v 309.331207 -590.570374 77.695602
v 311.465912 -572.901978 77.579697
v 321.665314 -598.478882 108.080101
v 336.216888 -598.865112 104.491302
v 321.579712 -606.671204 98.292297
v 344.998596 -613.316772 101.112900
v 336.216888 -598.865112 104.491302
v 332.056396 -594.774780 114.756104
v 348.228699 -564.600708 89.597702
v 361.600800 -561.892395 88.619797
v 351.311707 -554.499512 87.407600
v 361.600800 -561.892395 88.619797
v 348.228699 -564.600708 89.597702
v 356.652802 -581.680786 70.093597
v 322.428986 -566.953979 116.760902
v 315.306305 -575.529297 108.623398
v 320.201202 -560.966614 103.709702
v 315.306305 -575.529297 108.623398
v 306.645111 -572.863098 90.123199
v 313.362488 -560.846191 95.988098
v 349.778412 -568.128174 118.692299
v 355.546112 -577.774170 116.668503
v 337.058899 -573.517273 126.310600
v 358.180115 -556.724487 100.171097
v 355.546112 -577.774170 116.668503
v 349.778412 -568.128174 118.692299
v 326.552704 -579.668701 122.708504
v 337.058899 -573.517273 126.310600
v 336.819489 -585.799072 124.313202
v 336.819489 -585.799072 124.313202
v 332.056396 -594.774780 114.756104
v 326.552704 -579.668701 122.708504
v 321.800995 -578.477478 62.023701
v 330.259186 -589.228516 62.840698
v 333.510101 -574.183289 66.125801
v 309.331207 -590.570374 77.695602
v 321.403992 -590.968811 66.728600
v 321.800995 -578.477478 62.023701
v 329.236908 -563.475525 120.063202
v 347.105713 -550.518127 110.170601
v 337.058899 -573.517273 126.310600
v 337.058899 -573.517273 126.310600
v 326.552704 -579.668701 122.708504
v 322.428986 -566.953979 116.760902
v 344.998596 -613.316772 101.112900
v 360.241608 -608.655884 91.806099
v 335.006409 -610.948425 94.885696
v 336.216888 -598.865112 104.491302
v 344.998596 -613.316772 101.112900
v 335.006409 -610.948425 94.885696
v 371.874207 -594.044800 86.551201
v 372.559814 -593.193115 113.628899
v 371.585114 -586.299316 101.469299
v 360.678192 -587.110474 75.265297
v 371.874207 -594.044800 86.551201
v 371.585114 -586.299316 101.469299
v 306.645111 -572.863098 90.123199
v 309.860291 -564.527100 83.404099
v 313.362488 -560.846191 95.988098
v 306.645111 -572.863098 90.123199
v 305.228607 -592.120728 93.834000
v 311.465912 -572.901978 77.579697
v 321.665314 -598.478882 108.080101
v 326.552704 -579.668701 122.708504
v 332.056396 -594.774780 114.756104
v 332.056396 -594.774780 114.756104
v 336.216888 -598.865112 104.491302
v 321.665314 -598.478882 108.080101
v 332.042511 -547.391785 92.423203
v 337.952698 -546.221313 100.850700
v 329.236908 -563.475525 120.063202
v 332.042511 -547.391785 92.423203
v 341.922089 -549.206726 89.961700
v 337.952698 -546.221313 100.850700
v 361.600800 -561.892395 88.619797
v 356.652802 -581.680786 70.093597
v 360.678192 -587.110474 75.265297
v 356.652802 -581.680786 70.093597
v 350.752808 -599.244507 72.626404
v 360.678192 -587.110474 75.265297
v 341.373688 -585.219299 66.365799
v 333.510101 -574.183289 66.125801
v 330.259186 -589.228516 62.840698
v 341.373688 -585.219299 66.365799
v 356.652802 -581.680786 70.093597
v 333.510101 -574.183289 66.125801
v 360.241608 -608.655884 91.806099
v 362.327515 -600.092102 114.427399
v 372.559814 -593.193115 113.628899
v 356.366608 -595.386230 122.731796
v 372.559814 -593.193115 113.628899
v 362.327515 -600.092102 114.427399
v 358.832397 -609.259888 85.696198
v 335.006409 -610.948425 94.885696
v 360.241608 -608.655884 91.806099
v 358.832397 -609.259888 85.696198
v 360.241608 -608.655884 91.806099
v 371.874207 -594.044800 86.551201
v 364.607513 -572.595825 102.231796
v 364.403290 -586.020630 119.789497
v 355.546112 -577.774170 116.668503
v 355.546112 -577.774170 116.668503
v 364.403290 -586.020630 119.789497
v 343.097687 -595.194702 119.495201
v 351.311707 -554.499512 87.407600
v 341.922089 -549.206726 89.961700
v 348.228699 -564.600708 89.597702
v 341.922089 -549.206726 89.961700
v 351.311707 -554.499512 87.407600
v 337.952698 -546.221313 100.850700
v 336.819489 -585.799072 124.313202
v 343.097687 -595.194702 119.495201
v 332.056396 -594.774780 114.756104
v 336.819489 -585.799072 124.313202
v 355.546112 -577.774170 116.668503
v 343.097687 -595.194702 119.495201
v 337.952698 -546.221313 100.850700
v 358.180115 -556.724487 100.171097
v 347.105713 -550.518127 110.170601
v 347.105713 -550.518127 110.170601
v 358.180115 -556.724487 100.171097
v 349.778412 -568.128174 118.692299
v 330.259186 -589.228516 62.840698
v 321.800995 -578.477478 62.023701
v 321.403992 -590.968811 66.728600
v 321.403992 -590.968811 66.728600
v 344.280914 -604.277100 73.065002
v 330.259186 -589.228516 62.840698
v 322.428986 -566.953979 116.760902
v 329.236908 -563.475525 120.063202
v 337.058899 -573.517273 126.310600
v 320.201202 -560.966614 103.709702
v 329.236908 -563.475525 120.063202
v 322.428986 -566.953979 116.760902
v 315.306305 -575.529297 108.623398
v 313.362488 -560.846191 95.988098
v 320.201202 -560.966614 103.709702
v 320.201202 -560.966614 103.709702
v 313.362488 -560.846191 95.988098
v 332.042511 -547.391785 92.423203
v 322.277893 -561.557190 71.663399
v 324.906586 -560.040283 79.530197
v 309.860291 -564.527100 83.404099
v 324.906586 -560.040283 79.530197
v 322.277893 -561.557190 71.663399
v 333.510101 -574.183289 66.125801
v 311.465912 -572.901978 77.579697
v 309.860291 -564.527100 83.404099
v 306.645111 -572.863098 90.123199
v 311.465912 -572.901978 77.579697
v 322.277893 -561.557190 71.663399
v 309.860291 -564.527100 83.404099
v 321.579712 -606.671204 98.292297
v 336.216888 -598.865112 104.491302
v 335.006409 -610.948425 94.885696
v 325.595001 -603.544922 79.301804
v 321.579712 -606.671204 98.292297
v 335.006409 -610.948425 94.885696
v 330.259186 -589.228516 62.840698
v 344.280914 -604.277100 73.065002
v 350.752808 -599.244507 72.626404
v 344.280914 -604.277100 73.065002
v 358.832397 -609.259888 85.696198
v 350.752808 -599.244507 72.626404
v 332.056396 -594.774780 114.756104
v 343.097687 -595.194702 119.495201
v 344.998596 -613.316772 101.112900
v -110.948700 -86.821297 -101.096001
v -116.757500 -119.470703 -88.559799
v -88.671204 -98.197304 -108.103699
v -79.869102 -150.280594 -48.055599
v -50.845100 -131.262695 -54.949600
v -48.501900 -149.223999 -63.254902
v -58.311401 -147.809692 -124.212898
v -31.134501 -139.234299 -121.425499
v -64.542900 -126.439903 -135.185898
v -58.943199 -82.452698 -116.287498
v -83.719498 -73.106903 -111.413902
v -84.113197 -87.463600 -125.992599
v -29.549500 -78.366096 -98.681602
v -21.187401 -90.139702 -85.126297
v -32.378201 -102.137901 -71.505402
v -116.757500 -119.470703 -88.559799
v -117.581703 -89.229698 -86.574303
v -110.640503 -111.619598 -58.769501
v -110.640503 -111.619598 -58.769501
v -118.041801 -130.205307 -65.745003
v -116.757500 -119.470703 -88.559799
v -64.159203 -162.384399 -86.139297
v -79.869102 -150.280594 -48.055599
v -48.501900 -149.223999 -63.254902
v -20.393200 -86.129898 -114.040703
v -40.436001 -114.487503 -138.207001
v -26.304300 -131.580399 -117.578598
v -32.378201 -102.137901 -71.505402
v -21.187401 -90.139702 -85.126297
v -23.366301 -137.193100 -89.468201
v -79.869102 -150.280594 -48.055599
v -82.108002 -112.249001 -48.317200
v -50.845100 -131.262695 -54.949600
v -47.517300 -79.282097 -91.131798
v -44.029099 -92.242699 -59.923901
v -57.127800 -77.903999 -59.359600
v -90.657204 -64.435600 -88.761299
v -78.974197 -79.463600 -56.149300
v -108.785698 -75.661201 -86.267899
v -84.113197 -87.463600 -125.992599
v -83.719498 -73.106903 -111.413902
v -100.516502 -88.285797 -114.810097
v -58.311401 -147.809692 -124.212898
v -77.591202 -128.937393 -135.368195
v -85.956398 -146.482605 -119.382401
v -111.376801 -143.246994 -72.483002
v -109.904404 -157.342300 -99.408897
v -122.608597 -130.608093 -92.432602
v -104.448601 -141.083099 -110.632797
v -77.591202 -128.937393 -135.368195
v -88.671204 -98.197304 -108.103699
v -58.943199 -82.452698 -116.287498
v -84.113197 -87.463600 -125.992599
v -38.573299 -92.097298 -124.641403
v -79.869102 -150.280594 -48.055599
v -104.953903 -133.931000 -54.817501
v -82.108002 -112.249001 -48.317200
v -111.376801 -143.246994 -72.483002
v -91.402100 -162.096207 -68.279701
v -109.904404 -157.342300 -99.408897
v -64.159203 -162.384399 -86.139297
v -91.548798 -165.299698 -93.547401
v -91.402100 -162.096207 -68.279701
v -90.934799 -161.481506 -108.392502
v -58.311401 -147.809692 -124.212898
v -85.956398 -146.482605 -119.382401
v -61.271000 -71.585297 -82.799797
v -57.127800 -77.903999 -59.359600
v -90.657204 -64.435600 -88.761299
v -58.943199 -82.452698 -116.287498
v -47.517300 -79.282097 -91.131798
v -83.719498 -73.106903 -111.413902
v -21.187401 -90.139702 -85.126297
v -26.304300 -131.580399 -117.578598
v -23.366301 -137.193100 -89.468201
v -37.356400 -147.808304 -82.902100
v -31.134501 -139.234299 -121.425499
v -56.067200 -156.730698 -115.287804
v -81.663902 -90.807404 -50.394901
v -59.198502 -94.694099 -49.031502
v -82.108002 -112.249001 -48.317200
v -78.974197 -79.463600 -56.149300
v -100.235199 -99.410004 -60.177898
v -117.581703 -89.229698 -86.574303
v -84.113197 -87.463600 -125.992599
v -64.542900 -126.439903 -135.185898
v -38.573299 -92.097298 -124.641403
v -40.436001 -114.487503 -138.207001
v -64.542900 -126.439903 -135.185898
v -31.134501 -139.234299 -121.425499
v -82.108002 -112.249001 -48.317200
v -59.198502 -94.694099 -49.031502
v -50.845100 -131.262695 -54.949600
v -18.036900 -99.080498 -99.917702
v -26.304300 -131.580399 -117.578598
v -21.187401 -90.139702 -85.126297
v -29.549500 -78.366096 -98.681602
v -20.393200 -86.129898 -114.040703
v -21.187401 -90.139702 -85.126297
v -109.904404 -157.342300 -99.408897
v -104.448601 -141.083099 -110.632797
v -122.608597 -130.608093 -92.432602
v -88.671204 -98.197304 -108.103699
v -116.757500 -119.470703 -88.559799
v -104.448601 -141.083099 -110.632797
v -117.581703 -89.229698 -86.574303
v -116.757500 -119.470703 -88.559799
v -110.948700 -86.821297 -101.096001
v -100.516502 -88.285797 -114.810097
v -83.719498 -73.106903 -111.413902
v -108.785698 -75.661201 -86.267899
v -64.159203 -162.384399 -86.139297
v -56.067200 -156.730698 -115.287804
v -91.548798 -165.299698 -93.547401
v -56.067200 -156.730698 -115.287804
v -64.159203 -162.384399 -86.139297
v -37.356400 -147.808304 -82.902100
v -20.393200 -86.129898 -114.040703
v -29.549500 -78.366096 -98.681602
v -58.943199 -82.452698 -116.287498
v -38.573299 -92.097298 -124.641403
v -20.393200 -86.129898 -114.040703
v -58.943199 -82.452698 -116.287498
v -91.402100 -162.096207 -68.279701
v -79.869102 -150.280594 -48.055599
v -64.159203 -162.384399 -86.139297
v -79.869102 -150.280594 -48.055599
v -91.402100 -162.096207 -68.279701
v -111.376801 -143.246994 -72.483002
v -50.845100 -131.262695 -54.949600
v -43.798500 -125.410599 -76.488403
v -48.501900 -149.223999 -63.254902
v -23.366301 -137.193100 -89.468201
v -43.798500 -125.410599 -76.488403
v -43.562401 -113.907097 -62.088001
v -88.671204 -98.197304 -108.103699
v -84.113197 -87.463600 -125.992599
v -100.516502 -88.285797 -114.810097
v -84.113197 -87.463600 -125.992599
v -88.671204 -98.197304 -108.103699
v -77.591202 -128.937393 -135.368195
v -81.663902 -90.807404 -50.394901
v -82.108002 -112.249001 -48.317200
v -100.235199 -99.410004 -60.177898
v -82.108002 -112.249001 -48.317200
v -104.953903 -133.931000 -54.817501
v -110.640503 -111.619598 -58.769501
v -61.271000 -71.585297 -82.799797
v -47.517300 -79.282097 -91.131798
v -57.127800 -77.903999 -59.359600
v -83.719498 -73.106903 -111.413902
v -47.517300 -79.282097 -91.131798
v -61.271000 -71.585297 -82.799797
v -59.198502 -94.694099 -49.031502
v -57.127800 -77.903999 -59.359600
v -44.029099 -92.242699 -59.923901
v -44.029099 -92.242699 -59.923901
v -43.562401 -113.907097 -62.088001
v -59.198502 -94.694099 -49.031502
v -109.904404 -157.342300 -99.408897
v -90.934799 -161.481506 -108.392502
v -104.448601 -141.083099 -110.632797
v -91.402100 -162.096207 -68.279701
v -91.548798 -165.299698 -93.547401
v -109.904404 -157.342300 -99.408897
v -78.974197 -79.463600 -56.149300
v -90.657204 -64.435600 -88.761299
v -57.127800 -77.903999 -59.359600
v -57.127800 -77.903999 -59.359600
v -59.198502 -94.694099 -49.031502
v -81.663902 -90.807404 -50.394901
v -23.366301 -137.193100 -89.468201
v -26.304300 -131.580399 -117.578598
v -37.356400 -147.808304 -82.902100
v -43.798500 -125.410599 -76.488403
v -23.366301 -137.193100 -89.468201
v -37.356400 -147.808304 -82.902100
v -40.436001 -114.487503 -138.207001
v -20.393200 -86.129898 -114.040703
v -38.573299 -92.097298 -124.641403
v -64.542900 -126.439903 -135.185898
v -40.436001 -114.487503 -138.207001
v -38.573299 -92.097298 -124.641403
v -104.953903 -133.931000 -54.817501
v -118.041801 -130.205307 -65.745003
v -110.640503 -111.619598 -58.769501
v -104.953903 -133.931000 -54.817501
v -79.869102 -150.280594 -48.055599
v -111.376801 -143.246994 -72.483002
v -50.845100 -131.262695 -54.949600
v -59.198502 -94.694099 -49.031502
v -43.562401 -113.907097 -62.088001
v -43.562401 -113.907097 -62.088001
v -43.798500 -125.410599 -76.488403
v -50.845100 -131.262695 -54.949600
v -117.581703 -89.229698 -86.574303
v -108.785698 -75.661201 -86.267899
v -78.974197 -79.463600 -56.149300
v -117.581703 -89.229698 -86.574303
v -110.948700 -86.821297 -101.096001
v -108.785698 -75.661201 -86.267899
v -84.113197 -87.463600 -125.992599
v -77.591202 -128.937393 -135.368195
v -64.542900 -126.439903 -135.185898
v -77.591202 -128.937393 -135.368195
v -58.311401 -147.809692 -124.212898
v -64.542900 -126.439903 -135.185898
v -85.956398 -146.482605 -119.382401
v -104.448601 -141.083099 -110.632797
v -90.934799 -161.481506 -108.392502
v -85.956398 -146.482605 -119.382401
v -77.591202 -128.937393 -135.368195
v -104.448601 -141.083099 -110.632797
v -26.304300 -131.580399 -117.578598
v -18.036900 -99.080498 -99.917702
v -20.393200 -86.129898 -114.040703
v -21.187401 -90.139702 -85.126297
v -20.393200 -86.129898 -114.040703
v -18.036900 -99.080498 -99.917702
v -31.134501 -139.234299 -121.425499
v -37.356400 -147.808304 -82.902100
v -26.304300 -131.580399 -117.578598
v -31.134501 -139.234299 -121.425499
v -26.304300 -131.580399 -117.578598
v -40.436001 -114.487503 -138.207001
v -58.943199 -82.452698 -116.287498
v -29.549500 -78.366096 -98.681602
v -47.517300 -79.282097 -91.131798
v -47.517300 -79.282097 -91.131798
v -29.549500 -78.366096 -98.681602
v -32.378201 -102.137901 -71.505402
v -100.516502 -88.285797 -114.810097
v -110.948700 -86.821297 -101.096001
v -88.671204 -98.197304 -108.103699
v -110.948700 -86.821297 -101.096001
v -100.516502 -88.285797 -114.810097
v -108.785698 -75.661201 -86.267899
v -44.029099 -92.242699 -59.923901
v -32.378201 -102.137901 -71.505402
v -43.562401 -113.907097 -62.088001
v -44.029099 -92.242699 -59.923901
v -47.517300 -79.282097 -91.131798
v -32.378201 -102.137901 -71.505402
v -108.785698 -75.661201 -86.267899
v -83.719498 -73.106903 -111.413902
v -90.657204 -64.435600 -88.761299
v -90.657204 -64.435600 -88.761299
v -83.719498 -73.106903 -111.413902
v -61.271000 -71.585297 -82.799797
v -90.934799 -161.481506 -108.392502
v -109.904404 -157.342300 -99.408897
v -91.548798 -165.299698 -93.547401
v -91.548798 -165.299698 -93.547401
v -56.067200 -156.730698 -115.287804
v -90.934799 -161.481506 -108.392502
v -81.663902 -90.807404 -50.394901
v -78.974197 -79.463600 -56.149300
v -57.127800 -77.903999 -59.359600
v -100.235199 -99.410004 -60.177898
v -78.974197 -79.463600 -56.149300
v -81.663902 -90.807404 -50.394901
v -82.108002 -112.249001 -48.317200
v -110.640503 -111.619598 -58.769501
v -100.235199 -99.410004 -60.177898
v -100.235199 -99.410004 -60.177898
v -110.640503 -111.619598 -58.769501
v -117.581703 -89.229698 -86.574303
v -122.608597 -130.608093 -92.432602
v -116.757500 -119.470703 -88.559799
v -118.041801 -130.205307 -65.745003
v -116.757500 -119.470703 -88.559799
v -122.608597 -130.608093 -92.432602
v -104.448601 -141.083099 -110.632797
v -111.376801 -143.246994 -72.483002
v -118.041801 -130.205307 -65.745003
v -104.953903 -133.931000 -54.817501
v -111.376801 -143.246994 -72.483002
v -122.608597 -130.608093 -92.432602
v -118.041801 -130.205307 -65.745003
v -48.501900 -149.223999 -63.254902
v -43.798500 -125.410599 -76.488403
v -37.356400 -147.808304 -82.902100
v -64.159203 -162.384399 -86.139297
v -48.501900 -149.223999 -63.254902
v -37.356400 -147.808304 -82.902100
v -90.934799 -161.481506 -108.392502
v -56.067200 -156.730698 -115.287804
v -58.311401 -147.809692 -124.212898
v -56.067200 -156.730698 -115.287804
v -31.134501 -139.234299 -121.425499
v -58.311401 -147.809692 -124.212898
v -43.562401 -113.907097 -62.088001
v -32.378201 -102.137901 -71.505402
v -23.366301 -137.193100 -89.468201
v -242.349899 108.550797 -119.567902
v -277.584686 94.915199 -137.042603
v -232.777405 81.508499 -129.930801
v -311.738586 31.449200 -121.168800
v -278.139313 12.870200 -105.312897
v -282.405609 3.338500 -126.250099
v -237.566498 28.910999 -177.178894
v -219.791107 4.588000 -162.254196
v -217.524399 48.845001 -170.103699
v -199.990707 60.853100 -117.649300
v -210.529297 89.955002 -111.209900
v -208.740494 86.592400 -134.934998
v -196.011200 28.380301 -93.750504
v -210.514297 10.501900 -90.457497
v -235.443802 12.643200 -91.367104
v -277.584686 94.915199 -137.042603
v -259.124207 110.649597 -110.989098
v -293.018707 85.394699 -104.930397
v -293.018707 85.394699 -104.930397
v -303.870911 85.265602 -127.314003
v -277.584686 94.915199 -137.042603
v -281.107788 18.322100 -158.999603
v -311.738586 31.449200 -121.168800
v -282.405609 3.338500 -126.250099
v -184.136093 18.715099 -110.764198
v -194.396103 30.806299 -157.839706
v -215.173492 2.568800 -151.865295
v -235.443802 12.643200 -91.367104
v -210.514297 10.501900 -90.457497
v -240.040298 -10.110300 -132.744797
v -311.738586 31.449200 -121.168800
v -286.933014 53.143700 -90.918297
v -278.139313 12.870200 -105.312897
v -212.094299 44.604500 -92.041801
v -244.141693 26.875799 -76.240196
v -241.728699 47.523102 -66.844299
v -226.493500 96.030701 -87.009201
v -256.786591 68.466904 -70.029198
v -245.580002 108.405403 -97.869499
v -208.740494 86.592400 -134.934998
v -210.529297 89.955002 -111.209900
v -226.862900 100.373398 -129.842300
v -237.566498 28.910999 -177.178894
v -225.890900 61.066299 -175.003006
v -255.002594 56.905201 -177.894302
v -303.805206 73.400803 -142.063095
v -290.937012 71.234596 -175.321396
v -285.075012 96.222702 -150.498703
v -268.045990 76.588600 -170.173706
v -225.890900 61.066299 -175.003006
v -232.777405 81.508499 -129.930801
v -199.990707 60.853100 -117.649300
v -208.740494 86.592400 -134.934998
v -189.159897 36.981899 -128.106506
v -311.738586 31.449200 -121.168800
v -308.338989 67.242203 -118.648003
v -286.933014 53.143700 -90.918297
v -303.805206 73.400803 -142.063095
v -309.512604 42.222401 -149.781693
v -290.937012 71.234596 -175.321396
v -281.107788 18.322100 -158.999603
v -291.445007 46.857899 -173.157898
v -309.512604 42.222401 -149.781693
v -276.602112 51.756199 -182.109695
v -237.566498 28.910999 -177.178894
v -255.002594 56.905201 -177.894302
v -220.768494 60.673199 -81.808502
v -241.728699 47.523102 -66.844299
v -226.493500 96.030701 -87.009201
v -199.990707 60.853100 -117.649300
v -212.094299 44.604500 -92.041801
v -210.529297 89.955002 -111.209900
v -210.514297 10.501900 -90.457497
v -215.173492 2.568800 -151.865295
v -240.040298 -10.110300 -132.744797
v -259.824188 -2.675300 -138.903397
v -219.791107 4.588000 -162.254196
v -249.612595 19.906601 -176.641006
v -270.504303 64.083000 -75.092400
v -262.489594 38.627701 -72.453903
v -286.933014 53.143700 -90.918297
v -256.786591 68.466904 -70.029198
v -278.175293 81.216301 -93.988297
v -259.124207 110.649597 -110.989098
v -208.740494 86.592400 -134.934998
v -217.524399 48.845001 -170.103699
v -189.159897 36.981899 -128.106506
v -194.396103 30.806299 -157.839706
v -217.524399 48.845001 -170.103699
v -219.791107 4.588000 -162.254196
v -286.933014 53.143700 -90.918297
v -262.489594 38.627701 -72.453903
v -278.139313 12.870200 -105.312897
v -203.032700 6.290400 -109.213898
v -215.173492 2.568800 -151.865295
v -210.514297 10.501900 -90.457497
v -196.011200 28.380301 -93.750504
v -184.136093 18.715099 -110.764198
v -210.514297 10.501900 -90.457497
v -290.937012 71.234596 -175.321396
v -268.045990 76.588600 -170.173706
v -285.075012 96.222702 -150.498703
v -232.777405 81.508499 -129.930801
v -277.584686 94.915199 -137.042603
v -268.045990 76.588600 -170.173706
v -259.124207 110.649597 -110.989098
v -277.584686 94.915199 -137.042603
v -242.349899 108.550797 -119.567902
v -226.862900 100.373398 -129.842300
v -210.529297 89.955002 -111.209900
v -245.580002 108.405403 -97.869499
v -281.107788 18.322100 -158.999603
v -249.612595 19.906601 -176.641006
v -291.445007 46.857899 -173.157898
v -249.612595 19.906601 -176.641006
v -281.107788 18.322100 -158.999603
v -259.824188 -2.675300 -138.903397
v -184.136093 18.715099 -110.764198
v -196.011200 28.380301 -93.750504
v -199.990707 60.853100 -117.649300
v -189.159897 36.981899 -128.106506
v -184.136093 18.715099 -110.764198
v -199.990707 60.853100 -117.649300
v -309.512604 42.222401 -149.781693
v -311.738586 31.449200 -121.168800
v -281.107788 18.322100 -158.999603
v -311.738586 31.449200 -121.168800
v -309.512604 42.222401 -149.781693
v -303.805206 73.400803 -142.063095
v -278.139313 12.870200 -105.312897
v -253.174301 13.792300 -116.764603
v -282.405609 3.338500 -126.250099
v -240.040298 -10.110300 -132.744797
v -253.174301 13.792300 -116.764603
v -256.835114 15.910500 -95.539497
v -232.777405 81.508499 -129.930801
v -208.740494 86.592400 -134.934998
v -226.862900 100.373398 -129.842300
v -208.740494 86.592400 -134.934998
v -232.777405 81.508499 -129.930801
v -225.890900 61.066299 -175.003006
v -270.504303 64.083000 -75.092400
v -286.933014 53.143700 -90.918297
v -278.175293 81.216301 -93.988297
v -286.933014 53.143700 -90.918297
v -308.338989 67.242203 -118.648003
v -293.018707 85.394699 -104.930397
v -220.768494 60.673199 -81.808502
v -212.094299 44.604500 -92.041801
v -241.728699 47.523102 -66.844299
v -210.529297 89.955002 -111.209900
v -212.094299 44.604500 -92.041801
v -220.768494 60.673199 -81.808502
v -262.489594 38.627701 -72.453903
v -241.728699 47.523102 -66.844299
v -244.141693 26.875799 -76.240196
v -244.141693 26.875799 -76.240196
v -256.835114 15.910500 -95.539497
v -262.489594 38.627701 -72.453903
v -290.937012 71.234596 -175.321396
v -276.602112 51.756199 -182.109695
v -268.045990 76.588600 -170.173706
v -309.512604 42.222401 -149.781693
v -291.445007 46.857899 -173.157898
v -290.937012 71.234596 -175.321396
v -256.786591 68.466904 -70.029198
v -226.493500 96.030701 -87.009201
v -241.728699 47.523102 -66.844299
v -241.728699 47.523102 -66.844299
v -262.489594 38.627701 -72.453903
v -270.504303 64.083000 -75.092400
v -240.040298 -10.110300 -132.744797
v -215.173492 2.568800 -151.865295
v -259.824188 -2.675300 -138.903397
v -253.174301 13.792300 -116.764603
v -240.040298 -10.110300 -132.744797
v -259.824188 -2.675300 -138.903397
v -194.396103 30.806299 -157.839706
v -184.136093 18.715099 -110.764198
v -189.159897 36.981899 -128.106506
v -217.524399 48.845001 -170.103699
v -194.396103 30.806299 -157.839706
v -189.159897 36.981899 -128.106506
v -308.338989 67.242203 -118.648003
v -303.870911 85.265602 -127.314003
v -293.018707 85.394699 -104.930397
v -308.338989 67.242203 -118.648003
v -311.738586 31.449200 -121.168800
v -303.805206 73.400803 -142.063095
v -278.139313 12.870200 -105.312897
v -262.489594 38.627701 -72.453903
v -256.835114 15.910500 -95.539497
v -256.835114 15.910500 -95.539497
v -253.174301 13.792300 -116.764603
v -278.139313 12.870200 -105.312897
v -259.124207 110.649597 -110.989098
v -245.580002 108.405403 -97.869499
v -256.786591 68.466904 -70.029198
v -259.124207 110.649597 -110.989098
v -242.349899 108.550797 -119.567902
v -245.580002 108.405403 -97.869499
v -208.740494 86.592400 -134.934998
v -225.890900 61.066299 -175.003006
v -217.524399 48.845001 -170.103699
v -225.890900 61.066299 -175.003006
v -237.566498 28.910999 -177.178894
v -217.524399 48.845001 -170.103699
v -255.002594 56.905201 -177.894302
v -268.045990 76.588600 -170.173706
v -276.602112 51.756199 -182.109695
v -255.002594 56.905201 -177.894302
v -225.890900 61.066299 -175.003006
v -268.045990 76.588600 -170.173706
v -215.173492 2.568800 -151.865295
v -203.032700 6.290400 -109.213898
v -184.136093 18.715099 -110.764198
v -210.514297 10.501900 -90.457497
v -184.136093 18.715099 -110.764198
v -203.032700 6.290400 -109.213898
v -219.791107 4.588000 -162.254196
v -259.824188 -2.675300 -138.903397
v -215.173492 2.568800 -151.865295
v -219.791107 4.588000 -162.254196
v -215.173492 2.568800 -151.865295
v -194.396103 30.806299 -157.839706
v -199.990707 60.853100 -117.649300
v -196.011200 28.380301 -93.750504
v -212.094299 44.604500 -92.041801
v -212.094299 44.604500 -92.041801
v -196.011200 28.380301 -93.750504
v -235.443802 12.643200 -91.367104
v -226.862900 100.373398 -129.842300
v -242.349899 108.550797 -119.567902
v -232.777405 81.508499 -129.930801
v -242.349899 108.550797 -119.567902
v -226.862900 100.373398 -129.842300
v -245.580002 108.405403 -97.869499
v -244.141693 26.875799 -76.240196
v -235.443802 12.643200 -91.367104
v -256.835114 15.910500 -95.539497
v -244.141693 26.875799 -76.240196
v -212.094299 44.604500 -92.041801
v -235.443802 12.643200 -91.367104
v -245.580002 108.405403 -97.869499
v -210.529297 89.955002 -111.209900
v -226.493500 96.030701 -87.009201
v -226.493500 96.030701 -87.009201
v -210.529297 89.955002 -111.209900
v -220.768494 60.673199 -81.808502
v -276.602112 51.756199 -182.109695
v -290.937012 71.234596 -175.321396
v -291.445007 46.857899 -173.157898
v -291.445007 46.857899 -173.157898
v -249.612595 19.906601 -176.641006
v -276.602112 51.756199 -182.109695
v -270.504303 64.083000 -75.092400
v -256.786591 68.466904 -70.029198
v -241.728699 47.523102 -66.844299
v -278.175293 81.216301 -93.988297
v -256.786591 68.466904 -70.029198
v -270.504303 64.083000 -75.092400
v -286.933014 53.143700 -90.918297
v -293.018707 85.394699 -104.930397
v -278.175293 81.216301 -93.988297
v -278.175293 81.216301 -93.988297
v -293.018707 85.394699 -104.930397
v -259.124207 110.649597 -110.989098
v -285.075012 96.222702 -150.498703
v -277.584686 94.915199 -137.042603
v -303.870911 85.265602 -127.314003
v -277.584686 94.915199 -137.042603
v -285.075012 96.222702 -150.498703
v -268.045990 76.588600 -170.173706
v -303.805206 73.400803 -142.063095
v -303.870911 85.265602 -127.314003
v -308.338989 67.242203 -118.648003
v -303.805206 73.400803 -142.063095
v -285.075012 96.222702 -150.498703
v -303.870911 85.265602 -127.314003
v -282.405609 3.338500 -126.250099
v -253.174301 13.792300 -116.764603
v -259.824188 -2.675300 -138.903397
v -281.107788 18.322100 -158.999603
v -282.405609 3.338500 -126.250099
v -259.824188 -2.675300 -138.903397
v -276.602112 51.756199 -182.109695
v -249.612595 19.906601 -176.641006
v -237.566498 28.910999 -177.178894
v -249.612595 19.906601 -176.641006
v -219.791107 4.588000 -162.254196
v -237.566498 28.910999 -177.178894
v -256.835114 15.910500 -95.539497
v -235.443802 12.643200 -91.367104
v -240.040298 -10.110300 -132.744797
v -1097.314453 1071.370361 -276.589813
v -1104.288086 1062.940186 -299.495087
v -1106.211792 1086.444214 -282.879303
v -1094.466187 1082.557861 -338.788513
v -1090.146484 1105.491943 -328.939697
v -1102.651855 1105.955078 -335.792786
v -1136.832397 1104.005615 -307.806885
v -1131.506714 1123.803101 -307.697510
v -1133.857056 1102.676147 -290.339111
v -1104.043213 1109.640259 -274.410187
v -1097.244141 1092.766846 -268.029205
v -1111.772461 1092.167725 -269.837494
v -1092.201294 1129.368408 -283.408386
v -1089.550537 1132.978516 -296.864014
v -1086.978760 1122.791748 -307.941986
v -1104.288086 1062.940186 -299.495087
v -1090.076538 1065.305664 -283.258392
v -1083.888184 1065.701172 -308.548309
v -1083.888184 1065.701172 -308.548309
v -1095.914062 1059.133057 -315.056091
v -1104.288086 1062.940186 -299.495087
v -1121.416870 1095.385986 -331.421387
v -1094.466187 1082.557861 -338.788513
v -1102.651855 1105.955078 -335.792786
v -1104.314331 1136.232422 -282.420288
v -1130.388062 1121.117188 -285.466400
v -1125.996582 1127.686035 -305.662201
v -1086.978760 1122.791748 -307.941986
v -1089.550537 1132.978516 -296.864014
v -1112.381470 1126.959595 -321.147003
v -1094.466187 1082.557861 -338.788513
v -1078.168579 1084.903564 -317.040192
v -1090.146484 1105.491943 -328.939697
v -1088.306763 1116.025391 -284.807007
v -1076.101685 1114.687988 -305.804413
v -1069.590698 1106.890381 -296.300110
v -1080.574585 1086.982300 -271.896790
v -1068.454468 1091.092529 -295.712708
v -1084.024414 1072.867676 -276.911194
v -1111.772461 1092.167725 -269.837494
v -1097.244141 1092.766846 -268.029205
v -1105.763062 1079.649292 -272.930511
v -1136.832397 1104.005615 -307.806885
v -1135.054077 1093.245850 -289.974304
v -1133.529053 1084.292725 -305.537292
v -1105.393066 1063.020508 -320.374115
v -1126.852051 1064.737183 -317.026306
v -1111.320801 1057.982910 -303.342194
v -1126.218750 1071.133545 -303.833313
v -1135.054077 1093.245850 -289.974304
v -1106.211792 1086.444214 -282.879303
v -1104.043213 1109.640259 -274.410187
v -1111.772461 1092.167725 -269.837494
v -1112.961670 1123.654785 -278.908386
v -1094.466187 1082.557861 -338.788513
v -1091.277344 1067.104370 -323.488495
v -1078.168579 1084.903564 -317.040192
v -1105.393066 1063.020508 -320.374115
v -1111.127686 1074.820801 -335.327515
v -1126.852051 1064.737183 -317.026306
v -1121.416870 1095.385986 -331.421387
v -1126.931152 1076.383911 -326.361786
v -1111.127686 1074.820801 -335.327515
v -1133.750000 1078.380371 -317.985199
v -1136.832397 1104.005615 -307.806885
v -1133.529053 1084.292725 -305.537292
v -1080.236816 1106.471802 -282.249390
v -1069.590698 1106.890381 -296.300110
v -1080.574585 1086.982300 -271.896790
v -1104.043213 1109.640259 -274.410187
v -1088.306763 1116.025391 -284.807007
v -1097.244141 1092.766846 -268.029205
v -1089.550537 1132.978516 -296.864014
v -1125.996582 1127.686035 -305.662201
v -1112.381470 1126.959595 -321.147003
v -1113.239502 1115.500244 -328.086304
v -1131.506714 1123.803101 -307.697510
v -1135.595947 1103.965820 -316.900299
v -1070.079956 1087.580200 -304.178711
v -1070.961182 1102.894043 -309.848389
v -1078.168579 1084.903564 -317.040192
v -1068.454468 1091.092529 -295.712708
v -1079.401001 1074.392334 -302.443115
v -1090.076538 1065.305664 -283.258392
v -1111.772461 1092.167725 -269.837494
v -1133.857056 1102.676147 -290.339111
v -1112.961670 1123.654785 -278.908386
v -1130.388062 1121.117188 -285.466400
v -1133.857056 1102.676147 -290.339111
v -1131.506714 1123.803101 -307.697510
v -1078.168579 1084.903564 -317.040192
v -1070.961182 1102.894043 -309.848389
v -1090.146484 1105.491943 -328.939697
v -1101.854614 1135.447876 -296.000397
v -1125.996582 1127.686035 -305.662201
v -1089.550537 1132.978516 -296.864014
v -1092.201294 1129.368408 -283.408386
v -1104.314331 1136.232422 -282.420288
v -1089.550537 1132.978516 -296.864014
v -1126.852051 1064.737183 -317.026306
v -1126.218750 1071.133545 -303.833313
v -1111.320801 1057.982910 -303.342194
v -1106.211792 1086.444214 -282.879303
v -1104.288086 1062.940186 -299.495087
v -1126.218750 1071.133545 -303.833313
v -1090.076538 1065.305664 -283.258392
v -1104.288086 1062.940186 -299.495087
v -1097.314453 1071.370361 -276.589813
v -1105.763062 1079.649292 -272.930511
v -1097.244141 1092.766846 -268.029205
v -1084.024414 1072.867676 -276.911194
v -1121.416870 1095.385986 -331.421387
v -1135.595947 1103.965820 -316.900299
v -1126.931152 1076.383911 -326.361786
v -1135.595947 1103.965820 -316.900299
v -1121.416870 1095.385986 -331.421387
v -1113.239502 1115.500244 -328.086304
v -1104.314331 1136.232422 -282.420288
v -1092.201294 1129.368408 -283.408386
v -1104.043213 1109.640259 -274.410187
v -1112.961670 1123.654785 -278.908386
v -1104.314331 1136.232422 -282.420288
v -1104.043213 1109.640259 -274.410187
v -1111.127686 1074.820801 -335.327515
v -1094.466187 1082.557861 -338.788513
v -1121.416870 1095.385986 -331.421387
v -1094.466187 1082.557861 -338.788513
v -1111.127686 1074.820801 -335.327515
v -1105.393066 1063.020508 -320.374115
v -1090.146484 1105.491943 -328.939697
v -1099.898682 1112.755127 -317.407715
v -1102.651855 1105.955078 -335.792786
v -1112.381470 1126.959595 -321.147003
v -1099.898682 1112.755127 -317.407715
v -1086.706177 1112.964600 -317.105011
v -1106.211792 1086.444214 -282.879303
v -1111.772461 1092.167725 -269.837494
v -1105.763062 1079.649292 -272.930511
v -1111.772461 1092.167725 -269.837494
v -1106.211792 1086.444214 -282.879303
v -1135.054077 1093.245850 -289.974304
v -1070.079956 1087.580200 -304.178711
v -1078.168579 1084.903564 -317.040192
v -1079.401001 1074.392334 -302.443115
v -1078.168579 1084.903564 -317.040192
v -1091.277344 1067.104370 -323.488495
v -1083.888184 1065.701172 -308.548309
v -1080.236816 1106.471802 -282.249390
v -1088.306763 1116.025391 -284.807007
v -1069.590698 1106.890381 -296.300110
v -1097.244141 1092.766846 -268.029205
v -1088.306763 1116.025391 -284.807007
v -1080.236816 1106.471802 -282.249390
v -1070.961182 1102.894043 -309.848389
v -1069.590698 1106.890381 -296.300110
v -1076.101685 1114.687988 -305.804413
v -1076.101685 1114.687988 -305.804413
v -1086.706177 1112.964600 -317.105011
v -1070.961182 1102.894043 -309.848389
v -1126.852051 1064.737183 -317.026306
v -1133.750000 1078.380371 -317.985199
v -1126.218750 1071.133545 -303.833313
v -1111.127686 1074.820801 -335.327515
v -1126.931152 1076.383911 -326.361786
v -1126.852051 1064.737183 -317.026306
v -1068.454468 1091.092529 -295.712708
v -1080.574585 1086.982300 -271.896790
v -1069.590698 1106.890381 -296.300110
v -1069.590698 1106.890381 -296.300110
v -1070.961182 1102.894043 -309.848389
v -1070.079956 1087.580200 -304.178711
v -1112.381470 1126.959595 -321.147003
v -1125.996582 1127.686035 -305.662201
v -1113.239502 1115.500244 -328.086304
v -1099.898682 1112.755127 -317.407715
v -1112.381470 1126.959595 -321.147003
v -1113.239502 1115.500244 -328.086304
v -1130.388062 1121.117188 -285.466400
v -1104.314331 1136.232422 -282.420288
v -1112.961670 1123.654785 -278.908386
v -1133.857056 1102.676147 -290.339111
v -1130.388062 1121.117188 -285.466400
v -1112.961670 1123.654785 -278.908386
v -1091.277344 1067.104370 -323.488495
v -1095.914062 1059.133057 -315.056091
v -1083.888184 1065.701172 -308.548309
v -1091.277344 1067.104370 -323.488495
v -1094.466187 1082.557861 -338.788513
v -1105.393066 1063.020508 -320.374115
v -1090.146484 1105.491943 -328.939697
v -1070.961182 1102.894043 -309.848389
v -1086.706177 1112.964600 -317.105011
v -1086.706177 1112.964600 -317.105011
v -1099.898682 1112.755127 -317.407715
v -1090.146484 1105.491943 -328.939697
v -1090.076538 1065.305664 -283.258392
v -1084.024414 1072.867676 -276.911194
v -1068.454468 1091.092529 -295.712708
v -1090.076538 1065.305664 -283.258392
v -1097.314453 1071.370361 -276.589813
v -1084.024414 1072.867676 -276.911194
v -1111.772461 1092.167725 -269.837494
v -1135.054077 1093.245850 -289.974304
v -1133.857056 1102.676147 -290.339111
v -1135.054077 1093.245850 -289.974304
v -1136.832397 1104.005615 -307.806885
v -1133.857056 1102.676147 -290.339111
v -1133.529053 1084.292725 -305.537292
v -1126.218750 1071.133545 -303.833313
v -1133.750000 1078.380371 -317.985199
v -1133.529053 1084.292725 -305.537292
v -1135.054077 1093.245850 -289.974304
v -1126.218750 1071.133545 -303.833313
v -1125.996582 1127.686035 -305.662201
v -1101.854614 1135.447876 -296.000397
v -1104.314331 1136.232422 -282.420288
v -1089.550537 1132.978516 -296.864014
v -1104.314331 1136.232422 -282.420288
v -1101.854614 1135.447876 -296.000397
v -1131.506714 1123.803101 -307.697510
v -1113.239502 1115.500244 -328.086304
v -1125.996582 1127.686035 -305.662201
v -1131.506714 1123.803101 -307.697510
v -1125.996582 1127.686035 -305.662201
v -1130.388062 1121.117188 -285.466400
v -1104.043213 1109.640259 -274.410187
v -1092.201294 1129.368408 -283.408386
v -1088.306763 1116.025391 -284.807007
v -1088.306763 1116.025391 -284.807007
v -1092.201294 1129.368408 -283.408386
v -1086.978760 1122.791748 -307.941986
v -1105.763062 1079.649292 -272.930511
v -1097.314453 1071.370361 -276.589813
v -1106.211792 1086.444214 -282.879303
v -1097.314453 1071.370361 -276.589813
v -1105.763062 1079.649292 -272.930511
v -1084.024414 1072.867676 -276.911194
v -1076.101685 1114.687988 -305.804413
v -1086.978760 1122.791748 -307.941986
v -1086.706177 1112.964600 -317.105011
v -1076.101685 1114.687988 -305.804413
v -1088.306763 1116.025391 -284.807007
v -1086.978760 1122.791748 -307.941986
v -1084.024414 1072.867676 -276.911194
v -1097.244141 1092.766846 -268.029205
v -1080.574585 1086.982300 -271.896790
v -1080.574585 1086.982300 -271.896790
v -1097.244141 1092.766846 -268.029205
v -1080.236816 1106.471802 -282.249390
v -1133.750000 1078.380371 -317.985199
v -1126.852051 1064.737183 -317.026306
v -1126.931152 1076.383911 -326.361786
v -1126.931152 1076.383911 -326.361786
v -1135.595947 1103.965820 -316.900299
v -1133.750000 1078.380371 -317.985199
v -1070.079956 1087.580200 -304.178711
v -1068.454468 1091.092529 -295.712708
v -1069.590698 1106.890381 -296.300110
v -1079.401001 1074.392334 -302.443115
v -1068.454468 1091.092529 -295.712708
v -1070.079956 1087.580200 -304.178711
v -1078.168579 1084.903564 -317.040192
v -1083.888184 1065.701172 -308.548309
v -1079.401001 1074.392334 -302.443115
v -1079.401001 1074.392334 -302.443115
v -1083.888184 1065.701172 -308.548309
v -1090.076538 1065.305664 -283.258392
v -1111.320801 1057.982910 -303.342194
v -1104.288086 1062.940186 -299.495087
v -1095.914062 1059.133057 -315.056091
v -1104.288086 1062.940186 -299.495087
v -1111.320801 1057.982910 -303.342194
v -1126.218750 1071.133545 -303.833313
v -1105.393066 1063.020508 -320.374115
v -1095.914062 1059.133057 -315.056091
v -1091.277344 1067.104370 -323.488495
v -1105.393066 1063.020508 -320.374115
v -1111.320801 1057.982910 -303.342194
v -1095.914062 1059.133057 -315.056091
v -1102.651855 1105.955078 -335.792786
v -1099.898682 1112.755127 -317.407715
v -1113.239502 1115.500244 -328.086304
v -1121.416870 1095.385986 -331.421387
v -1102.651855 1105.955078 -335.792786
v -1113.239502 1115.500244 -328.086304
v -1133.750000 1078.380371 -317.985199
v -1135.595947 1103.965820 -316.900299
v -1136.832397 1104.005615 -307.806885
v -1135.595947 1103.965820 -316.900299
v -1131.506714 1123.803101 -307.697510
v -1136.832397 1104.005615 -307.806885
v -1086.706177 1112.964600 -317.105011
v -1086.978760 1122.791748 -307.941986
v -1112.381470 1126.959595 -321.147003
v -237.997101 476.859589 -106.790497
v -272.217987 481.492798 -114.812302
v -239.216705 463.069000 -128.770996
v -314.206085 435.661987 -124.148003
v -290.234406 410.737213 -131.611496
v -299.249115 415.842987 -148.633194
v -264.126312 453.360901 -182.880798
v -254.413696 427.179108 -189.210495
v -241.783707 460.280914 -174.584702
v -216.972397 438.728912 -139.324295
v -216.534103 456.046204 -118.711800
v -219.475998 465.895996 -136.407501
v -219.117004 404.291412 -139.662292
v -234.994598 392.630005 -141.711807
v -254.350601 397.775604 -134.391296
v -272.217987 481.492798 -114.812302
v -249.505402 475.988708 -95.499702
v -282.379486 460.536011 -93.739197
v -282.379486 460.536011 -93.739197
v -294.292786 473.482605 -105.542503
v -272.217987 481.492798 -114.812302
v -298.931793 442.595886 -163.673798
v -314.206085 435.661987 -124.148003
v -299.249115 415.842987 -148.633194
v -214.774902 405.165497 -158.646301
v -226.506195 438.944885 -181.256104
v -249.779694 419.847198 -184.575394
v -254.350601 397.775604 -134.391296
v -234.994598 392.630005 -141.711807
v -270.179504 404.770813 -170.905197
v -314.206085 435.661987 -124.148003
v -284.230103 431.100891 -101.080399
v -290.234406 410.737213 -131.611496
v -227.255096 416.254913 -126.573097
v -255.207993 400.492188 -115.426300
v -246.338196 408.982391 -100.368500
v -224.049393 449.598297 -95.508202
v -253.097595 426.478394 -88.612701
v -237.443893 465.925293 -91.649902
v -219.475998 465.895996 -136.407501
v -216.534103 456.046204 -118.711800
v -229.402405 474.750793 -121.647598
v -264.126312 453.360901 -182.880798
v -245.836700 472.013702 -169.847107
v -270.507996 474.557587 -165.580093
v -299.596985 473.265900 -120.765099
v -294.801910 487.408813 -147.276199
v -279.772888 490.319611 -121.000000
v -274.420685 485.296387 -147.774597
v -245.836700 472.013702 -169.847107
v -239.216705 463.069000 -128.770996
v -216.972397 438.728912 -139.324295
v -219.475998 465.895996 -136.407501
v -216.348404 426.924286 -160.252808
v -314.206085 435.661987 -124.148003
v -301.456085 457.626709 -106.906197
v -284.230103 431.100891 -101.080399
v -299.596985 473.265900 -120.765099
v -313.688293 457.357697 -138.662506
v -294.801910 487.408813 -147.276199
v -298.931793 442.595886 -163.673798
v -301.484711 470.200409 -156.962097
v -313.688293 457.357697 -138.662506
v -289.672089 476.153290 -164.731293
v -264.126312 453.360901 -182.880798
v -270.507996 474.557587 -165.580093
v -228.309204 422.724213 -109.994003
v -246.338196 408.982391 -100.368500
v -224.049393 449.598297 -95.508202
v -216.972397 438.728912 -139.324295
v -227.255096 416.254913 -126.573097
v -216.534103 456.046204 -118.711800
v -234.994598 392.630005 -141.711807
v -249.779694 419.847198 -184.575394
v -270.179504 404.770813 -170.905197
v -284.780090 415.476105 -166.033096
v -254.413696 427.179108 -189.210495
v -276.052704 448.688293 -183.333694
v -265.917114 427.992096 -90.161301
v -266.052612 408.709686 -102.402000
v -284.230103 431.100891 -101.080399
v -253.097595 426.478394 -88.612701
v -270.126099 450.151398 -92.579697
v -249.505402 475.988708 -95.499702
v -219.475998 465.895996 -136.407501
v -241.783707 460.280914 -174.584702
v -216.348404 426.924286 -160.252808
v -226.506195 438.944885 -181.256104
v -241.783707 460.280914 -174.584702
v -254.413696 427.179108 -189.210495
v -284.230103 431.100891 -101.080399
v -266.052612 408.709686 -102.402000
v -290.234406 410.737213 -131.611496
v -232.920898 398.595612 -158.105698
v -249.779694 419.847198 -184.575394
v -234.994598 392.630005 -141.711807
v -219.117004 404.291412 -139.662292
v -214.774902 405.165497 -158.646301
v -234.994598 392.630005 -141.711807
v -294.801910 487.408813 -147.276199
v -274.420685 485.296387 -147.774597
v -279.772888 490.319611 -121.000000
v -239.216705 463.069000 -128.770996
v -272.217987 481.492798 -114.812302
v -274.420685 485.296387 -147.774597
v -249.505402 475.988708 -95.499702
v -272.217987 481.492798 -114.812302
v -237.997101 476.859589 -106.790497
v -229.402405 474.750793 -121.647598
v -216.534103 456.046204 -118.711800
v -237.443893 465.925293 -91.649902
v -298.931793 442.595886 -163.673798
v -276.052704 448.688293 -183.333694
v -301.484711 470.200409 -156.962097
v -276.052704 448.688293 -183.333694
v -298.931793 442.595886 -163.673798
v -284.780090 415.476105 -166.033096
v -214.774902 405.165497 -158.646301
v -219.117004 404.291412 -139.662292
v -216.972397 438.728912 -139.324295
v -216.348404 426.924286 -160.252808
v -214.774902 405.165497 -158.646301
v -216.972397 438.728912 -139.324295
v -313.688293 457.357697 -138.662506
v -314.206085 435.661987 -124.148003
v -298.931793 442.595886 -163.673798
v -314.206085 435.661987 -124.148003
v -313.688293 457.357697 -138.662506
v -299.596985 473.265900 -120.765099
v -290.234406 410.737213 -131.611496
v -271.820709 414.031097 -145.679596
v -299.249115 415.842987 -148.633194
v -270.179504 404.770813 -170.905197
v -271.820709 414.031097 -145.679596
v -271.066315 404.898590 -129.686401
v -239.216705 463.069000 -128.770996
v -219.475998 465.895996 -136.407501
v -229.402405 474.750793 -121.647598
v -219.475998 465.895996 -136.407501
v -239.216705 463.069000 -128.770996
v -245.836700 472.013702 -169.847107
v -265.917114 427.992096 -90.161301
v -284.230103 431.100891 -101.080399
v -270.126099 450.151398 -92.579697
v -284.230103 431.100891 -101.080399
v -301.456085 457.626709 -106.906197
v -282.379486 460.536011 -93.739197
v -228.309204 422.724213 -109.994003
v -227.255096 416.254913 -126.573097
v -246.338196 408.982391 -100.368500
v -216.534103 456.046204 -118.711800
v -227.255096 416.254913 -126.573097
v -228.309204 422.724213 -109.994003
v -266.052612 408.709686 -102.402000
v -246.338196 408.982391 -100.368500
v -255.207993 400.492188 -115.426300
v -255.207993 400.492188 -115.426300
v -271.066315 404.898590 -129.686401
v -266.052612 408.709686 -102.402000
v -294.801910 487.408813 -147.276199
v -289.672089 476.153290 -164.731293
v -274.420685 485.296387 -147.774597
v -313.688293 457.357697 -138.662506
v -301.484711 470.200409 -156.962097
v -294.801910 487.408813 -147.276199
v -253.097595 426.478394 -88.612701
v -224.049393 449.598297 -95.508202
v -246.338196 408.982391 -100.368500
v -246.338196 408.982391 -100.368500
v -266.052612 408.709686 -102.402000
v -265.917114 427.992096 -90.161301
v -270.179504 404.770813 -170.905197
v -249.779694 419.847198 -184.575394
v -284.780090 415.476105 -166.033096
v -271.820709 414.031097 -145.679596
v -270.179504 404.770813 -170.905197
v -284.780090 415.476105 -166.033096
v -226.506195 438.944885 -181.256104
v -214.774902 405.165497 -158.646301
v -216.348404 426.924286 -160.252808
v -241.783707 460.280914 -174.584702
v -226.506195 438.944885 -181.256104
v -216.348404 426.924286 -160.252808
v -301.456085 457.626709 -106.906197
v -294.292786 473.482605 -105.542503
v -282.379486 460.536011 -93.739197
v -301.456085 457.626709 -106.906197
v -314.206085 435.661987 -124.148003
v -299.596985 473.265900 -120.765099
v -290.234406 410.737213 -131.611496
v -266.052612 408.709686 -102.402000
v -271.066315 404.898590 -129.686401
v -271.066315 404.898590 -129.686401
v -271.820709 414.031097 -145.679596
v -290.234406 410.737213 -131.611496
v -249.505402 475.988708 -95.499702
v -237.443893 465.925293 -91.649902
v -253.097595 426.478394 -88.612701
v -249.505402 475.988708 -95.499702
v -237.997101 476.859589 -106.790497
v -237.443893 465.925293 -91.649902
v -219.475998 465.895996 -136.407501
v -245.836700 472.013702 -169.847107
v -241.783707 460.280914 -174.584702
v -245.836700 472.013702 -169.847107
v -264.126312 453.360901 -182.880798
v -241.783707 460.280914 -174.584702
v -270.507996 474.557587 -165.580093
v -274.420685 485.296387 -147.774597
v -289.672089 476.153290 -164.731293
v -270.507996 474.557587 -165.580093
v -245.836700 472.013702 -169.847107
v -274.420685 485.296387 -147.774597
v -249.779694 419.847198 -184.575394
v -232.920898 398.595612 -158.105698
v -214.774902 405.165497 -158.646301
v -234.994598 392.630005 -141.711807
v -214.774902 405.165497 -158.646301
v -232.920898 398.595612 -158.105698
v -254.413696 427.179108 -189.210495
v -284.780090 415.476105 -166.033096
v -249.779694 419.847198 -184.575394
v -254.413696 427.179108 -189.210495
v -249.779694 419.847198 -184.575394
v -226.506195 438.944885 -181.256104
v -216.972397 438.728912 -139.324295
v -219.117004 404.291412 -139.662292
v -227.255096 416.254913 -126.573097
v -227.255096 416.254913 -126.573097
v -219.117004 404.291412 -139.662292
v -254.350601 397.775604 -134.391296
v -229.402405 474.750793 -121.647598
v -237.997101 476.859589 -106.790497
v -239.216705 463.069000 -128.770996
v -237.997101 476.859589 -106.790497
v -229.402405 474.750793 -121.647598
v -237.443893 465.925293 -91.649902
v -255.207993 400.492188 -115.426300
v -254.350601 397.775604 -134.391296
v -271.066315 404.898590 -129.686401
v -255.207993 400.492188 -115.426300
v -227.255096 416.254913 -126.573097
v -254.350601 397.775604 -134.391296
v -237.443893 465.925293 -91.649902
v -216.534103 456.046204 -118.711800
v -224.049393 449.598297 -95.508202
v -224.049393 449.598297 -95.508202
v -216.534103 456.046204 -118.711800
v -228.309204 422.724213 -109.994003
v -289.672089 476.153290 -164.731293
v -294.801910 487.408813 -147.276199
v -301.484711 470.200409 -156.962097
v -301.484711 470.200409 -156.962097
v -276.052704 448.688293 -183.333694
v -289.672089 476.153290 -164.731293
v -265.917114 427.992096 -90.161301
v -253.097595 426.478394 -88.612701
v -246.338196 408.982391 -100.368500
v -270.126099 450.151398 -92.579697
v -253.097595 426.478394 -88.612701
v -265.917114 427.992096 -90.161301
v -284.230103 431.100891 -101.080399
v -282.379486 460.536011 -93.739197
v -270.126099 450.151398 -92.579697
v -270.126099 450.151398 -92.579697
v -282.379486 460.536011 -93.739197
v -249.505402 475.988708 -95.499702
v -279.772888 490.319611 -121.000000
v -272.217987 481.492798 -114.812302
v -294.292786 473.482605 -105.542503
v -272.217987 481.492798 -114.812302
v -279.772888 490.319611 -121.000000
v -274.420685 485.296387 -147.774597
v -299.596985 473.265900 -120.765099
v -294.292786 473.482605 -105.542503
v -301.456085 457.626709 -106.906197
v -299.596985 473.265900 -120.765099
v -279.772888 490.319611 -121.000000
v -294.292786 473.482605 -105.542503
v -299.249115 415.842987 -148.633194
v -271.820709 414.031097 -145.679596
v -284.780090 415.476105 -166.033096
v -298.931793 442.595886 -163.673798
v -299.249115 415.842987 -148.633194
v -284.780090 415.476105 -166.033096
v -289.672089 476.153290 -164.731293
v -276.052704 448.688293 -183.333694
v -264.126312 453.360901 -182.880798
v -276.052704 448.688293 -183.333694
v -254.413696 427.179108 -189.210495
v -264.126312 453.360901 -182.880798
v -271.066315 404.898590 -129.686401
v -254.350601 397.775604 -134.391296
v -270.179504 404.770813 -170.905197
v -142.688004 322.536285 738.922974
v -159.954102 323.636414 753.632874
v -134.450394 319.718292 753.103271
v -162.135605 348.167999 785.482788
v -139.787003 351.588104 787.026306
v -143.245102 343.905914 796.615417
v -133.979706 306.148590 789.300476
v -118.403999 313.321808 795.808228
v -126.911003 302.276215 775.598328
v -112.647598 321.913513 756.513184
v -122.346100 322.735596 742.275513
v -124.446899 311.498505 748.690674
v -100.888802 337.535797 766.819275
v -104.065697 344.904205 776.646484
v -116.779800 349.363495 778.892578
v -159.954102 323.636414 753.632874
v -149.968094 329.843903 738.177185
v -160.785904 343.737396 753.429199
v -160.785904 343.737396 753.429199
v -169.467606 335.295685 759.556213
v -159.954102 323.636414 753.632874
v -150.449600 325.622009 796.046326
v -162.135605 348.167999 785.482788
v -143.245102 343.905914 796.615417
v -95.845398 328.372803 773.640625
v -110.322998 306.084900 778.936584
v -114.183800 317.647400 794.030273
v -116.779800 349.363495 778.892578
v -104.065697 344.904205 776.646484
v -120.997498 333.979797 799.276001
v -162.135605 348.167999 785.482788
v -149.547104 354.141998 765.447876
v -139.787003 351.588104 787.026306
v -111.564796 339.231201 760.546814
v -121.428596 356.253113 769.846497
v -122.746803 357.078888 757.498779
v -127.608200 336.754608 736.198730
v -134.565399 355.486389 749.828186
v -140.932205 333.642914 734.824280
v -124.446899 311.498505 748.690674
v -122.346100 322.735596 742.275513
v -135.138199 315.619995 743.150024
v -133.979706 306.148590 789.300476
v -134.065506 299.800415 771.710693
v -147.923798 305.154907 777.967224
v -169.425003 330.032288 768.440918
v -167.797302 311.716705 774.903992
v -165.908401 318.551300 756.760986
v -156.858398 308.564789 768.363525
v -134.065506 299.800415 771.710693
v -134.450394 319.718292 753.103271
v -112.647598 321.913513 756.513184
v -124.446899 311.498505 748.690674
v -104.413399 318.298889 769.010681
v -162.135605 348.167999 785.482788
v -166.900299 343.160400 767.075012
v -149.547104 354.141998 765.447876
v -169.425003 330.032288 768.440918
v -167.456100 332.321014 785.980225
v -167.797302 311.716705 774.903992
v -150.449600 325.622009 796.046326
v -163.079193 316.609589 786.398376
v -167.456100 332.321014 785.980225
v -158.129395 308.451904 784.050720
v -133.979706 306.148590 789.300476
v -147.923798 305.154907 777.967224
v -117.296402 343.486298 751.633423
v -122.746803 357.078888 757.498779
v -127.608200 336.754608 736.198730
v -112.647598 321.913513 756.513184
v -111.564796 339.231201 760.546814
v -122.346100 322.735596 742.275513
v -104.065697 344.904205 776.646484
v -114.183800 317.647400 794.030273
v -120.997498 333.979797 799.276001
v -133.006302 334.028992 799.406677
v -118.403999 313.321808 795.808228
v -138.064896 310.315887 795.075378
v -141.198303 356.607208 754.737610
v -132.042801 360.107513 765.598694
v -149.547104 354.141998 765.447876
v -134.565399 355.486389 749.828186
v -151.079498 346.517090 751.316711
v -149.968094 329.843903 738.177185
v -124.446899 311.498505 748.690674
v -126.911003 302.276215 775.598328
v -104.413399 318.298889 769.010681
v -110.322998 306.084900 778.936584
v -126.911003 302.276215 775.598328
v -118.403999 313.321808 795.808228
v -149.547104 354.141998 765.447876
v -132.042801 360.107513 765.598694
v -139.787003 351.588104 787.026306
v -102.469597 334.987488 781.721619
v -114.183800 317.647400 794.030273
v -104.065697 344.904205 776.646484
v -100.888802 337.535797 766.819275
v -95.845398 328.372803 773.640625
v -104.065697 344.904205 776.646484
v -167.797302 311.716705 774.903992
v -156.858398 308.564789 768.363525
v -165.908401 318.551300 756.760986
v -134.450394 319.718292 753.103271
v -159.954102 323.636414 753.632874
v -156.858398 308.564789 768.363525
v -149.968094 329.843903 738.177185
v -159.954102 323.636414 753.632874
v -142.688004 322.536285 738.922974
v -135.138199 315.619995 743.150024
v -122.346100 322.735596 742.275513
v -140.932205 333.642914 734.824280
v -150.449600 325.622009 796.046326
v -138.064896 310.315887 795.075378
v -163.079193 316.609589 786.398376
v -138.064896 310.315887 795.075378
v -150.449600 325.622009 796.046326
v -133.006302 334.028992 799.406677
v -95.845398 328.372803 773.640625
v -100.888802 337.535797 766.819275
v -112.647598 321.913513 756.513184
v -104.413399 318.298889 769.010681
v -95.845398 328.372803 773.640625
v -112.647598 321.913513 756.513184
v -167.456100 332.321014 785.980225
v -162.135605 348.167999 785.482788
v -150.449600 325.622009 796.046326
v -162.135605 348.167999 785.482788
v -167.456100 332.321014 785.980225
v -169.425003 330.032288 768.440918
v -139.787003 351.588104 787.026306
v -129.520798 340.721405 785.886230
v -143.245102 343.905914 796.615417
v -120.997498 333.979797 799.276001
v -129.520798 340.721405 785.886230
v -128.477798 351.343109 780.836914
v -134.450394 319.718292 753.103271
v -124.446899 311.498505 748.690674
v -135.138199 315.619995 743.150024
v -124.446899 311.498505 748.690674
v -134.450394 319.718292 753.103271
v -134.065506 299.800415 771.710693
v -141.198303 356.607208 754.737610
v -149.547104 354.141998 765.447876
v -151.079498 346.517090 751.316711
v -149.547104 354.141998 765.447876
v -166.900299 343.160400 767.075012
v -160.785904 343.737396 753.429199
v -117.296402 343.486298 751.633423
v -111.564796 339.231201 760.546814
v -122.746803 357.078888 757.498779
v -122.346100 322.735596 742.275513
v -111.564796 339.231201 760.546814
v -117.296402 343.486298 751.633423
v -132.042801 360.107513 765.598694
v -122.746803 357.078888 757.498779
v -121.428596 356.253113 769.846497
v -121.428596 356.253113 769.846497
v -128.477798 351.343109 780.836914
v -132.042801 360.107513 765.598694
v -167.797302 311.716705 774.903992
v -158.129395 308.451904 784.050720
v -156.858398 308.564789 768.363525
v -167.456100 332.321014 785.980225
v -163.079193 316.609589 786.398376
v -167.797302 311.716705 774.903992
v -134.565399 355.486389 749.828186
v -127.608200 336.754608 736.198730
v -122.746803 357.078888 757.498779
v -122.746803 357.078888 757.498779
v -132.042801 360.107513 765.598694
v -141.198303 356.607208 754.737610
v -120.997498 333.979797 799.276001
v -114.183800 317.647400 794.030273
v -133.006302 334.028992 799.406677
v -129.520798 340.721405 785.886230
v -120.997498 333.979797 799.276001
v -133.006302 334.028992 799.406677
v -110.322998 306.084900 778.936584
v -95.845398 328.372803 773.640625
v -104.413399 318.298889 769.010681
v -126.911003 302.276215 775.598328
v -110.322998 306.084900 778.936584
v -104.413399 318.298889 769.010681
v -166.900299 343.160400 767.075012
v -169.467606 335.295685 759.556213
v -160.785904 343.737396 753.429199
v -166.900299 343.160400 767.075012
v -162.135605 348.167999 785.482788
v -169.425003 330.032288 768.440918
v -139.787003 351.588104 787.026306
v -132.042801 360.107513 765.598694
v -128.477798 351.343109 780.836914
v -128.477798 351.343109 780.836914
v -129.520798 340.721405 785.886230
v -139.787003 351.588104 787.026306
v -149.968094 329.843903 738.177185
v -140.932205 333.642914 734.824280
v -134.565399 355.486389 749.828186
v -149.968094 329.843903 738.177185
v -142.688004 322.536285 738.922974
v -140.932205 333.642914 734.824280
v -124.446899 311.498505 748.690674
v -134.065506 299.800415 771.710693
v -126.911003 302.276215 775.598328
v -134.065506 299.800415 771.710693
v -133.979706 306.148590 789.300476
v -126.911003 302.276215 775.598328
v -147.923798 305.154907 777.967224
v -156.858398 308.564789 768.363525
v -158.129395 308.451904 784.050720
v -147.923798 305.154907 777.967224
v -134.065506 299.800415 771.710693
v -156.858398 308.564789 768.363525
v -114.183800 317.647400 794.030273
v -102.469597 334.987488 781.721619
v -95.845398 328.372803 773.640625
v -104.065697 344.904205 776.646484
v -95.845398 328.372803 773.640625
v -102.469597 334.987488 781.721619
v -118.403999 313.321808 795.808228
v -133.006302 334.028992 799.406677
v -114.183800 317.647400 794.030273
v -118.403999 313.321808 795.808228
v -114.183800 317.647400 794.030273
v -110.322998 306.084900 778.936584
v -112.647598 321.913513 756.513184
v -100.888802 337.535797 766.819275
v -111.564796 339.231201 760.546814
v -111.564796 339.231201 760.546814
v -100.888802 337.535797 766.819275
v -116.779800 349.363495 778.892578
v -135.138199 315.619995 743.150024
v -142.688004 322.536285 738.922974
v -134.450394 319.718292 753.103271
v -142.688004 322.536285 738.922974
v -135.138199 315.619995 743.150024
v -140.932205 333.642914 734.824280
v -121.428596 356.253113 769.846497
v -116.779800 349.363495 778.892578
v -128.477798 351.343109 780.836914
v -121.428596 356.253113 769.846497
v -111.564796 339.231201 760.546814
v -116.779800 349.363495 778.892578
v -140.932205 333.642914 734.824280
v -122.346100 322.735596 742.275513
v -127.608200 336.754608 736.198730
v -127.608200 336.754608 736.198730
v -122.346100 322.735596 742.275513
v -117.296402 343.486298 751.633423
v -158.129395 308.451904 784.050720
v -167.797302 311.716705 774.903992
v -163.079193 316.609589 786.398376
v -163.079193 316.609589 786.398376
v -138.064896 310.315887 795.075378
v -158.129395 308.451904 784.050720
v -141.198303 356.607208 754.737610
v -134.565399 355.486389 749.828186
v -122.746803 357.078888 757.498779
v -151.079498 346.517090 751.316711
v -134.565399 355.486389 749.828186
v -141.198303 356.607208 754.737610
v -149.547104 354.141998 765.447876
v -160.785904 343.737396 753.429199
v -151.079498 346.517090 751.316711
v -151.079498 346.517090 751.316711
v -160.785904 343.737396 753.429199
v -149.968094 329.843903 738.177185
v -165.908401 318.551300 756.760986
v -159.954102 323.636414 753.632874
v -169.467606 335.295685 759.556213
v -159.954102 323.636414 753.632874
v -165.908401 318.551300 756.760986
v -156.858398 308.564789 768.363525
v -169.425003 330.032288 768.440918
v -169.467606 335.295685 759.556213
v -166.900299 343.160400 767.075012
v -169.425003 330.032288 768.440918
v -165.908401 318.551300 756.760986
v -169.467606 335.295685 759.556213
v -143.245102 343.905914 796.615417
v -129.520798 340.721405 785.886230
v -133.006302 334.028992 799.406677
v -150.449600 325.622009 796.046326
v -143.245102 343.905914 796.615417
v -133.006302 334.028992 799.406677
v -158.129395 308.451904 784.050720
v -138.064896 310.315887 795.075378
v -133.979706 306.148590 789.300476
v -138.064896 310.315887 795.075378
v -118.403999 313.321808 795.808228
v -133.979706 306.148590 789.300476
v -128.477798 351.343109 780.836914
v -116.779800 349.363495 778.892578
v -120.997498 333.979797 799.276001
v 382.781494 1004.130493 -184.269394
v 365.481201 1014.503418 -194.700897
v 371.834015 991.604614 -184.633408
v 327.987000 1017.754211 -180.397202
v 329.652100 1000.209717 -166.151001
v 322.286804 996.621887 -175.938797
v 341.977692 973.851379 -201.604706
v 336.633789 962.145508 -188.534805
v 357.269806 970.401611 -198.965698
v 372.009094 973.379272 -171.999298
v 383.329407 986.226807 -174.059906
v 380.237396 980.855896 -185.611206
v 359.910614 967.557190 -154.441605
v 347.939514 970.556213 -151.499298
v 342.175903 982.509277 -154.735901
v 365.481201 1014.503418 -194.700897
v 379.985687 1013.778625 -181.807800
v 359.596893 1024.468018 -178.242996
v 359.596893 1024.468018 -178.242996
v 354.738403 1025.953979 -190.826904
v 365.481201 1014.503418 -194.700897
v 326.878906 994.428894 -194.929092
v 327.987000 1017.754211 -180.397202
v 322.286804 996.621887 -175.938797
v 357.143890 957.054077 -160.602097
v 356.075592 957.286316 -187.679901
v 337.804413 961.155273 -182.424896
v 342.175903 982.509277 -154.735901
v 347.939514 970.556213 -151.499298
v 326.817688 972.703674 -173.118195
v 327.987000 1017.754211 -180.397202
v 347.333893 1016.161926 -165.607697
v 329.652100 1000.209717 -166.151001
v 363.324585 979.167725 -157.562698
v 347.771210 992.327026 -149.917892
v 358.863007 997.606506 -147.920395
v 383.927094 998.907593 -164.060501
v 364.345795 1009.093872 -154.167694
v 383.676086 1009.015991 -173.380493
v 380.237396 980.855896 -185.611206
v 383.329407 986.226807 -174.059906
v 382.247406 993.365173 -186.823395
v 341.977692 973.851379 -201.604706
v 360.325500 976.430420 -204.137497
v 350.326691 988.513428 -207.865295
v 347.966095 1020.771912 -196.651505
v 347.602112 1009.034424 -212.207397
v 362.948792 1016.176025 -202.567596
v 356.679901 1000.482483 -208.105301
v 360.325500 976.430420 -204.137497
v 371.834015 991.604614 -184.633408
v 372.009094 973.379272 -171.999298
v 380.237396 980.855896 -185.611206
v 362.873688 961.009399 -172.761795
v 327.987000 1017.754211 -180.397202
v 345.844604 1025.100952 -184.107895
v 347.333893 1016.161926 -165.607697
v 347.966095 1020.771912 -196.651505
v 331.208801 1014.778381 -196.535507
v 347.602112 1009.034424 -212.207397
v 326.878906 994.428894 -194.929092
v 336.252289 1003.802490 -207.502502
v 331.208801 1014.778381 -196.535507
v 341.769592 996.660828 -211.390305
v 341.977692 973.851379 -201.604706
v 350.326691 988.513428 -207.865295
v 369.372192 988.640625 -155.538605
v 358.863007 997.606506 -147.920395
v 383.927094 998.907593 -164.060501
v 372.009094 973.379272 -171.999298
v 363.324585 979.167725 -157.562698
v 383.329407 986.226807 -174.059906
v 347.939514 970.556213 -151.499298
v 337.804413 961.155273 -182.424896
v 326.817688 972.703674 -173.118195
v 324.466888 982.700073 -179.345398
v 336.633789 962.145508 -188.534805
v 334.581787 977.388916 -201.166107
v 358.189392 1013.627014 -157.470200
v 348.661896 1004.251587 -151.522598
v 347.333893 1016.161926 -165.607697
v 364.345795 1009.093872 -154.167694
v 362.548187 1018.297729 -170.521194
v 379.985687 1013.778625 -181.807800
v 380.237396 980.855896 -185.611206
v 357.269806 970.401611 -198.965698
v 362.873688 961.009399 -172.761795
v 356.075592 957.286316 -187.679901
v 357.269806 970.401611 -198.965698
v 336.633789 962.145508 -188.534805
v 347.333893 1016.161926 -165.607697
v 348.661896 1004.251587 -151.522598
v 329.652100 1000.209717 -166.151001
v 346.396698 963.119995 -159.803802
v 337.804413 961.155273 -182.424896
v 347.939514 970.556213 -151.499298
v 359.910614 967.557190 -154.441605
v 357.143890 957.054077 -160.602097
v 347.939514 970.556213 -151.499298
v 347.602112 1009.034424 -212.207397
v 356.679901 1000.482483 -208.105301
v 362.948792 1016.176025 -202.567596
v 371.834015 991.604614 -184.633408
v 365.481201 1014.503418 -194.700897
v 356.679901 1000.482483 -208.105301
v 379.985687 1013.778625 -181.807800
v 365.481201 1014.503418 -194.700897
v 382.781494 1004.130493 -184.269394
v 382.247406 993.365173 -186.823395
v 383.329407 986.226807 -174.059906
v 383.676086 1009.015991 -173.380493
v 326.878906 994.428894 -194.929092
v 334.581787 977.388916 -201.166107
v 336.252289 1003.802490 -207.502502
v 334.581787 977.388916 -201.166107
v 326.878906 994.428894 -194.929092
v 324.466888 982.700073 -179.345398
v 357.143890 957.054077 -160.602097
v 359.910614 967.557190 -154.441605
v 372.009094 973.379272 -171.999298
v 362.873688 961.009399 -172.761795
v 357.143890 957.054077 -160.602097
v 372.009094 973.379272 -171.999298
v 331.208801 1014.778381 -196.535507
v 327.987000 1017.754211 -180.397202
v 326.878906 994.428894 -194.929092
v 327.987000 1017.754211 -180.397202
v 331.208801 1014.778381 -196.535507
v 347.966095 1020.771912 -196.651505
v 329.652100 1000.209717 -166.151001
v 335.815399 987.021973 -169.739807
v 322.286804 996.621887 -175.938797
v 326.817688 972.703674 -173.118195
v 335.815399 987.021973 -169.739807
v 337.612915 992.572510 -159.475006
v 371.834015 991.604614 -184.633408
v 380.237396 980.855896 -185.611206
v 382.247406 993.365173 -186.823395
v 380.237396 980.855896 -185.611206
v 371.834015 991.604614 -184.633408
v 360.325500 976.430420 -204.137497
v 358.189392 1013.627014 -157.470200
v 347.333893 1016.161926 -165.607697
v 362.548187 1018.297729 -170.521194
v 347.333893 1016.161926 -165.607697
v 345.844604 1025.100952 -184.107895
v 359.596893 1024.468018 -178.242996
v 369.372192 988.640625 -155.538605
v 363.324585 979.167725 -157.562698
v 358.863007 997.606506 -147.920395
v 383.329407 986.226807 -174.059906
v 363.324585 979.167725 -157.562698
v 369.372192 988.640625 -155.538605
v 348.661896 1004.251587 -151.522598
v 358.863007 997.606506 -147.920395
v 347.771210 992.327026 -149.917892
v 347.771210 992.327026 -149.917892
v 337.612915 992.572510 -159.475006
v 348.661896 1004.251587 -151.522598
v 347.602112 1009.034424 -212.207397
v 341.769592 996.660828 -211.390305
v 356.679901 1000.482483 -208.105301
v 331.208801 1014.778381 -196.535507
v 336.252289 1003.802490 -207.502502
v 347.602112 1009.034424 -212.207397
v 364.345795 1009.093872 -154.167694
v 383.927094 998.907593 -164.060501
v 358.863007 997.606506 -147.920395
v 358.863007 997.606506 -147.920395
v 348.661896 1004.251587 -151.522598
v 358.189392 1013.627014 -157.470200
v 326.817688 972.703674 -173.118195
v 337.804413 961.155273 -182.424896
v 324.466888 982.700073 -179.345398
v 335.815399 987.021973 -169.739807
v 326.817688 972.703674 -173.118195
v 324.466888 982.700073 -179.345398
v 356.075592 957.286316 -187.679901
v 357.143890 957.054077 -160.602097
v 362.873688 961.009399 -172.761795
v 357.269806 970.401611 -198.965698
v 356.075592 957.286316 -187.679901
v 362.873688 961.009399 -172.761795
v 345.844604 1025.100952 -184.107895
v 354.738403 1025.953979 -190.826904
v 359.596893 1024.468018 -178.242996
v 345.844604 1025.100952 -184.107895
v 327.987000 1017.754211 -180.397202
v 347.966095 1020.771912 -196.651505
v 329.652100 1000.209717 -166.151001
v 348.661896 1004.251587 -151.522598
v 337.612915 992.572510 -159.475006
v 337.612915 992.572510 -159.475006
v 335.815399 987.021973 -169.739807
v 329.652100 1000.209717 -166.151001
v 379.985687 1013.778625 -181.807800
v 383.676086 1009.015991 -173.380493
v 364.345795 1009.093872 -154.167694
v 379.985687 1013.778625 -181.807800
v 382.781494 1004.130493 -184.269394
v 383.676086 1009.015991 -173.380493
v 380.237396 980.855896 -185.611206
v 360.325500 976.430420 -204.137497
v 357.269806 970.401611 -198.965698
v 360.325500 976.430420 -204.137497
v 341.977692 973.851379 -201.604706
v 357.269806 970.401611 -198.965698
v 350.326691 988.513428 -207.865295
v 356.679901 1000.482483 -208.105301
v 341.769592 996.660828 -211.390305
v 350.326691 988.513428 -207.865295
v 360.325500 976.430420 -204.137497
v 356.679901 1000.482483 -208.105301
v 337.804413 961.155273 -182.424896
v 346.396698 963.119995 -159.803802
v 357.143890 957.054077 -160.602097
v 347.939514 970.556213 -151.499298
v 357.143890 957.054077 -160.602097
v 346.396698 963.119995 -159.803802
v 336.633789 962.145508 -188.534805
v 324.466888 982.700073 -179.345398
v 337.804413 961.155273 -182.424896
v 336.633789 962.145508 -188.534805
v 337.804413 961.155273 -182.424896
v 356.075592 957.286316 -187.679901
v 372.009094 973.379272 -171.999298
v 359.910614 967.557190 -154.441605
v 363.324585 979.167725 -157.562698
v 363.324585 979.167725 -157.562698
v 359.910614 967.557190 -154.441605
v 342.175903 982.509277 -154.735901
v 382.247406 993.365173 -186.823395
v 382.781494 1004.130493 -184.269394
v 371.834015 991.604614 -184.633408
v 382.781494 1004.130493 -184.269394
v 382.247406 993.365173 -186.823395
v 383.676086 1009.015991 -173.380493
v 347.771210 992.327026 -149.917892
v 342.175903 982.509277 -154.735901
v 337.612915 992.572510 -159.475006
v 347.771210 992.327026 -149.917892
v 363.324585 979.167725 -157.562698
v 342.175903 982.509277 -154.735901
v 383.676086 1009.015991 -173.380493
v 383.329407 986.226807 -174.059906
v 383.927094 998.907593 -164.060501
v 383.927094 998.907593 -164.060501
v 383.329407 986.226807 -174.059906
v 369.372192 988.640625 -155.538605
v 341.769592 996.660828 -211.390305
v 347.602112 1009.034424 -212.207397
v 336.252289 1003.802490 -207.502502
v 336.252289 1003.802490 -207.502502
v 334.581787 977.388916 -201.166107
v 341.769592 996.660828 -211.390305
v 358.189392 1013.627014 -157.470200
v 364.345795 1009.093872 -154.167694
v 358.863007 997.606506 -147.920395
v 362.548187 1018.297729 -170.521194
v 364.345795 1009.093872 -154.167694
v 358.189392 1013.627014 -157.470200
v 347.333893 1016.161926 -165.607697
v 359.596893 1024.468018 -178.242996
v 362.548187 1018.297729 -170.521194
v 362.548187 1018.297729 -170.521194
v 359.596893 1024.468018 -178.242996
v 379.985687 1013.778625 -181.807800
v 362.948792 1016.176025 -202.567596
v 365.481201 1014.503418 -194.700897
v 354.738403 1025.953979 -190.826904
v 365.481201 1014.503418 -194.700897
v 362.948792 1016.176025 -202.567596
v 356.679901 1000.482483 -208.105301
v 347.966095 1020.771912 -196.651505
v 354.738403 1025.953979 -190.826904
v 345.844604 1025.100952 -184.107895
v 347.966095 1020.771912 -196.651505
v 362.948792 1016.176025 -202.567596
v 354.738403 1025.953979 -190.826904
v 322.286804 996.621887 -175.938797
v 335.815399 987.021973 -169.739807
v 324.466888 982.700073 -179.345398
v 326.878906 994.428894 -194.929092
v 322.286804 996.621887 -175.938797
v 324.466888 982.700073 -179.345398
v 341.769592 996.660828 -211.390305
v 334.581787 977.388916 -201.166107
v 341.977692 973.851379 -201.604706
v 334.581787 977.388916 -201.166107
v 336.633789 962.145508 -188.534805
v 341.977692 973.851379 -201.604706
v 337.612915 992.572510 -159.475006
v 342.175903 982.509277 -154.735901
v 326.817688 972.703674 -173.118195
v -216.867905 634.889709 195.315796
v -237.165497 672.549988 208.316299
v -237.142593 622.657288 217.959000
v -240.465698 700.009827 282.607788
v -232.627106 660.564819 301.935394
v -256.906708 666.113403 305.302612
v -302.749695 626.476807 256.369904
v -296.859711 603.293579 283.425995
v -289.995300 606.736084 235.697495
v -233.596207 584.197876 238.328400
v -216.558899 598.086914 212.443695
v -241.947800 598.182983 207.797104
v -220.509995 573.850098 278.523712
v -222.347702 586.894775 299.747711
v -221.060501 613.739075 300.771515
v -237.165497 672.549988 208.316299
v -206.425797 652.104187 198.360596
v -206.789795 684.646423 230.682495
v -206.789795 684.646423 230.682495
v -228.964203 698.419373 224.972000
v -237.165497 672.549988 208.316299
v -285.237213 669.737183 279.173096
v -240.465698 700.009827 282.607788
v -256.906708 666.113403 305.302612
v -241.805603 561.825928 281.055206
v -285.004486 578.847473 254.763000
v -287.246887 597.109192 288.240997
v -221.060501 613.739075 300.771515
v -222.347702 586.894775 299.747711
v -270.598694 620.179016 310.855591
v -240.465698 700.009827 282.607788
v -203.815598 673.077698 267.106598
v -232.627106 660.564819 301.935394
v -212.317200 592.636230 264.904114
v -200.327896 623.096985 292.547699
v -183.918304 621.950073 274.385101
v -188.921295 613.326416 216.484299
v -179.167999 640.677917 254.231903
v -194.643204 636.128113 203.051300
v -241.947800 598.182983 207.797104
v -216.558899 598.086914 212.443695
v -231.016907 618.518311 198.050797
v -302.749695 626.476807 256.369904
v -290.343201 617.522827 222.878601
v -292.956909 648.291870 230.220398
v -247.995300 698.473083 232.130798
v -283.341614 687.882812 221.584900
v -249.968994 682.015930 203.615799
v -277.656097 663.638184 214.648300
v -290.343201 617.522827 222.878601
v -237.142593 622.657288 217.959000
v -233.596207 584.197876 238.328400
v -241.947800 598.182983 207.797104
v -252.967896 571.000000 257.552399
v -240.465698 700.009827 282.607788
v -225.982193 700.237183 246.704605
v -203.815598 673.077698 267.106598
v -247.995300 698.473083 232.130798
v -266.067688 701.749512 261.973602
v -283.341614 687.882812 221.584900
v -285.237213 669.737183 279.173096
v -289.364502 685.416321 247.059799
v -266.067688 701.749512 261.973602
v -297.701294 671.093079 237.075195
v -302.749695 626.476807 256.369904
v -292.956909 648.291870 230.220398
v -195.944107 602.670593 253.207794
v -183.918304 621.950073 274.385101
v -188.921295 613.326416 216.484299
v -233.596207 584.197876 238.328400
v -212.317200 592.636230 264.904114
v -216.558899 598.086914 212.443695
v -222.347702 586.894775 299.747711
v -287.246887 597.109192 288.240997
v -270.598694 620.179016 310.855591
v -273.167511 642.684875 304.070099
v -296.859711 603.293579 283.425995
v -304.532715 638.201294 267.355011
v -184.986298 655.270996 258.928986
v -191.399994 643.571106 284.458801
v -203.815598 673.077698 267.106598
v -179.167999 640.677917 254.231903
v -197.955704 667.285889 236.434204
v -206.425797 652.104187 198.360596
v -241.947800 598.182983 207.797104
v -289.995300 606.736084 235.697495
v -252.967896 571.000000 257.552399
v -285.004486 578.847473 254.763000
v -289.995300 606.736084 235.697495
v -296.859711 603.293579 283.425995
v -203.815598 673.077698 267.106598
v -191.399994 643.571106 284.458801
v -232.627106 660.564819 301.935394
v -243.307495 580.341675 296.797211
v -287.246887 597.109192 288.240997
v -222.347702 586.894775 299.747711
v -220.509995 573.850098 278.523712
v -241.805603 561.825928 281.055206
v -222.347702 586.894775 299.747711
v -283.341614 687.882812 221.584900
v -277.656097 663.638184 214.648300
v -249.968994 682.015930 203.615799
v -237.142593 622.657288 217.959000
v -237.165497 672.549988 208.316299
v -277.656097 663.638184 214.648300
v -206.425797 652.104187 198.360596
v -237.165497 672.549988 208.316299
v -216.867905 634.889709 195.315796
v -231.016907 618.518311 198.050797
v -216.558899 598.086914 212.443695
v -194.643204 636.128113 203.051300
v -285.237213 669.737183 279.173096
v -304.532715 638.201294 267.355011
v -289.364502 685.416321 247.059799
v -304.532715 638.201294 267.355011
v -285.237213 669.737183 279.173096
v -273.167511 642.684875 304.070099
v -241.805603 561.825928 281.055206
v -220.509995 573.850098 278.523712
v -233.596207 584.197876 238.328400
v -252.967896 571.000000 257.552399
v -241.805603 561.825928 281.055206
v -233.596207 584.197876 238.328400
v -266.067688 701.749512 261.973602
v -240.465698 700.009827 282.607788
v -285.237213 669.737183 279.173096
v -240.465698 700.009827 282.607788
v -266.067688 701.749512 261.973602
v -247.995300 698.473083 232.130798
v -232.627106 660.564819 301.935394
v -245.458496 635.274719 293.738708
v -256.906708 666.113403 305.302612
v -270.598694 620.179016 310.855591
v -245.458496 635.274719 293.738708
v -222.923203 637.277710 299.085999
v -237.142593 622.657288 217.959000
v -241.947800 598.182983 207.797104
v -231.016907 618.518311 198.050797
v -241.947800 598.182983 207.797104
v -237.142593 622.657288 217.959000
v -290.343201 617.522827 222.878601
v -184.986298 655.270996 258.928986
v -203.815598 673.077698 267.106598
v -197.955704 667.285889 236.434204
v -203.815598 673.077698 267.106598
v -225.982193 700.237183 246.704605
v -206.789795 684.646423 230.682495
v -195.944107 602.670593 253.207794
v -212.317200 592.636230 264.904114
v -183.918304 621.950073 274.385101
v -216.558899 598.086914 212.443695
v -212.317200 592.636230 264.904114
v -195.944107 602.670593 253.207794
v -191.399994 643.571106 284.458801
v -183.918304 621.950073 274.385101
v -200.327896 623.096985 292.547699
v -200.327896 623.096985 292.547699
v -222.923203 637.277710 299.085999
v -191.399994 643.571106 284.458801
v -283.341614 687.882812 221.584900
v -297.701294 671.093079 237.075195
v -277.656097 663.638184 214.648300
v -266.067688 701.749512 261.973602
v -289.364502 685.416321 247.059799
v -283.341614 687.882812 221.584900
v -179.167999 640.677917 254.231903
v -188.921295 613.326416 216.484299
v -183.918304 621.950073 274.385101
v -183.918304 621.950073 274.385101
v -191.399994 643.571106 284.458801
v -184.986298 655.270996 258.928986
v -270.598694 620.179016 310.855591
v -287.246887 597.109192 288.240997
v -273.167511 642.684875 304.070099
v -245.458496 635.274719 293.738708
v -270.598694 620.179016 310.855591
v -273.167511 642.684875 304.070099
v -285.004486 578.847473 254.763000
v -241.805603 561.825928 281.055206
v -252.967896 571.000000 257.552399
v -289.995300 606.736084 235.697495
v -285.004486 578.847473 254.763000
v -252.967896 571.000000 257.552399
v -225.982193 700.237183 246.704605
v -228.964203 698.419373 224.972000
v -206.789795 684.646423 230.682495
v -225.982193 700.237183 246.704605
v -240.465698 700.009827 282.607788
v -247.995300 698.473083 232.130798
v -232.627106 660.564819 301.935394
v -191.399994 643.571106 284.458801
v -222.923203 637.277710 299.085999
v -222.923203 637.277710 299.085999
v -245.458496 635.274719 293.738708
v -232.627106 660.564819 301.935394
v -206.425797 652.104187 198.360596
v -194.643204 636.128113 203.051300
v -179.167999 640.677917 254.231903
v -206.425797 652.104187 198.360596
v -216.867905 634.889709 195.315796
v -194.643204 636.128113 203.051300
v -241.947800 598.182983 207.797104
v -290.343201 617.522827 222.878601
v -289.995300 606.736084 235.697495
v -290.343201 617.522827 222.878601
v -302.749695 626.476807 256.369904
v -289.995300 606.736084 235.697495
v -292.956909 648.291870 230.220398
v -277.656097 663.638184 214.648300
v -297.701294 671.093079 237.075195
v -292.956909 648.291870 230.220398
v -290.343201 617.522827 222.878601
v -277.656097 663.638184 214.648300
v -287.246887 597.109192 288.240997
v -243.307495 580.341675 296.797211
v -241.805603 561.825928 281.055206
v -222.347702 586.894775 299.747711
v -241.805603 561.825928 281.055206
v -243.307495 580.341675 296.797211
v -296.859711 603.293579 283.425995
v -273.167511 642.684875 304.070099
v -287.246887 597.109192 288.240997
v -296.859711 603.293579 283.425995
v -287.246887 597.109192 288.240997
v -285.004486 578.847473 254.763000
v -233.596207 584.197876 238.328400
v -220.509995 573.850098 278.523712
v -212.317200 592.636230 264.904114
v -212.317200 592.636230 264.904114
v -220.509995 573.850098 278.523712
v -221.060501 613.739075 300.771515
v -231.016907 618.518311 198.050797
v -216.867905 634.889709 195.315796
v -237.142593 622.657288 217.959000
v -216.867905 634.889709 195.315796
v -231.016907 618.518311 198.050797
v -194.643204 636.128113 203.051300
v -200.327896 623.096985 292.547699
v -221.060501 613.739075 300.771515
v -222.923203 637.277710 299.085999
v -200.327896 623.096985 292.547699
v -212.317200 592.636230 264.904114
v -221.060501 613.739075 300.771515
v -194.643204 636.128113 203.051300
v -216.558899 598.086914 212.443695
v -188.921295 613.326416 216.484299
v -188.921295 613.326416 216.484299
v -216.558899 598.086914 212.443695
v -195.944107 602.670593 253.207794
v -297.701294 671.093079 237.075195
v -283.341614 687.882812 221.584900
v -289.364502 685.416321 247.059799
v -289.364502 685.416321 247.059799
v -304.532715 638.201294 267.355011
v -297.701294 671.093079 237.075195
v -184.986298 655.270996 258.928986
v -179.167999 640.677917 254.231903
v -183.918304 621.950073 274.385101
v -197.955704 667.285889 236.434204
v -179.167999 640.677917 254.231903
v -184.986298 655.270996 258.928986
v -203.815598 673.077698 267.106598
v -206.789795 684.646423 230.682495
v -197.955704 667.285889 236.434204
v -197.955704 667.285889 236.434204
v -206.789795 684.646423 230.682495
v -206.425797 652.104187 198.360596
v -249.968994 682.015930 203.615799
v -237.165497 672.549988 208.316299
v -228.964203 698.419373 224.972000
v -237.165497 672.549988 208.316299
v -249.968994 682.015930 203.615799
v -277.656097 663.638184 214.648300
v -247.995300 698.473083 232.130798
v -228.964203 698.419373 224.972000
v -225.982193 700.237183 246.704605
v -247.995300 698.473083 232.130798
v -249.968994 682.015930 203.615799
v -228.964203 698.419373 224.972000
v -256.906708 666.113403 305.302612
v -245.458496 635.274719 293.738708
v -273.167511 642.684875 304.070099
v -285.237213 669.737183 279.173096
v -256.906708 666.113403 305.302612
v -273.167511 642.684875 304.070099
v -297.701294 671.093079 237.075195
v -304.532715 638.201294 267.355011
v -302.749695 626.476807 256.369904
v -304.532715 638.201294 267.355011
v -296.859711 603.293579 283.425995
v -302.749695 626.476807 256.369904
v -222.923203 637.277710 299.085999
v -221.060501 613.739075 300.771515
v -270.598694 620.179016 310.855591
v 92.122498 391.904602 -238.795898
v 117.038597 435.216492 -232.266495
v 67.209999 410.411407 -218.790497
v 136.200104 472.945312 -153.583496
v 100.113998 448.993011 -128.034103
v 92.070099 475.963501 -131.216705
v 32.104301 484.888000 -194.701797
v 10.318000 473.725006 -162.186798
v 21.322800 456.529114 -212.698700
v 29.670099 391.346710 -193.316101
v 54.711700 375.967010 -217.832397
v 41.354198 398.894592 -229.750900
v 23.355801 383.841797 -145.260101
v 33.455399 398.317505 -123.327904
v 60.467999 412.065491 -123.440399
v 117.038597 435.216492 -232.266495
v 114.489601 392.221985 -233.669296
v 143.660202 418.897614 -200.358505
v 143.660202 418.897614 -200.358505
v 145.587799 445.983612 -213.377899
v 117.038597 435.216492 -232.266495
v 82.325699 497.959106 -167.610397
v 136.200104 472.945312 -153.583496
v 92.070099 475.963501 -131.216705
v -0.272900 398.136810 -147.519699
v -4.930100 441.538910 -188.881195
v 9.081900 462.481689 -153.973694
v 60.467999 412.065491 -123.440399
v 33.455399 398.317505 -123.327904
v 38.995399 465.267090 -126.135002
v 136.200104 472.945312 -153.583496
v 130.943893 419.328796 -159.074203
v 100.113998 448.993011 -128.034103
v 47.397701 382.767303 -159.042007
v 81.631500 395.346313 -127.395897
v 90.919197 374.360687 -142.758698
v 84.422600 359.143097 -206.872406
v 113.559502 374.802002 -164.603897
v 104.817703 373.524414 -224.432297
v 41.354198 398.894592 -229.750900
v 54.711700 375.967010 -217.832397
v 68.095497 397.089294 -238.654007
v 32.104301 484.888000 -194.701797
v 32.781799 459.391388 -227.434601
v 61.014599 480.654785 -221.923599
v 134.691803 465.961395 -210.681198
v 105.882301 490.935303 -231.098495
v 119.753601 451.315308 -241.406204
v 85.704597 470.435791 -235.723404
v 32.781799 459.391388 -227.434601
v 67.209999 410.411407 -218.790497
v 29.670099 391.346710 -193.316101
v 41.354198 398.894592 -229.750900
v 4.578000 407.567902 -176.747604
v 136.200104 472.945312 -153.583496
v 147.232605 449.870300 -188.932800
v 130.943893 419.328796 -159.074203
v 134.691803 465.961395 -210.681198
v 125.642403 492.766388 -183.126801
v 105.882301 490.935303 -231.098495
v 82.325699 497.959106 -167.610397
v 98.104897 502.008392 -204.736206
v 125.642403 492.766388 -183.126801
v 80.292297 499.449005 -217.049896
v 32.104301 484.888000 -194.701797
v 61.014599 480.654785 -221.923599
v 67.133698 369.642090 -168.005600
v 90.919197 374.360687 -142.758698
v 84.422600 359.143097 -206.872406
v 29.670099 391.346710 -193.316101
v 47.397701 382.767303 -159.042007
v 54.711700 375.967010 -217.832397
v 33.455399 398.317505 -123.327904
v 9.081900 462.481689 -153.973694
v 38.995399 465.267090 -126.135002
v 60.276798 478.243286 -135.564194
v 10.318000 473.725006 -162.186798
v 41.768002 495.892914 -183.866302
v 124.356903 389.552612 -161.895004
v 107.283401 395.954407 -135.035095
v 130.943893 419.328796 -159.074203
v 113.559502 374.802002 -164.603897
v 130.935104 402.519806 -190.674606
v 114.489601 392.221985 -233.669296
v 41.354198 398.894592 -229.750900
v 21.322800 456.529114 -212.698700
v 4.578000 407.567902 -176.747604
v -4.930100 441.538910 -188.881195
v 21.322800 456.529114 -212.698700
v 10.318000 473.725006 -162.186798
v 130.943893 419.328796 -159.074203
v 107.283401 395.954407 -135.035095
v 100.113998 448.993011 -128.034103
v 15.834400 413.846405 -131.809402
v 9.081900 462.481689 -153.973694
v 33.455399 398.317505 -123.327904
v 23.355801 383.841797 -145.260101
v -0.272900 398.136810 -147.519699
v 33.455399 398.317505 -123.327904
v 105.882301 490.935303 -231.098495
v 85.704597 470.435791 -235.723404
v 119.753601 451.315308 -241.406204
v 67.209999 410.411407 -218.790497
v 117.038597 435.216492 -232.266495
v 85.704597 470.435791 -235.723404
v 114.489601 392.221985 -233.669296
v 117.038597 435.216492 -232.266495
v 92.122498 391.904602 -238.795898
v 68.095497 397.089294 -238.654007
v 54.711700 375.967010 -217.832397
v 104.817703 373.524414 -224.432297
v 82.325699 497.959106 -167.610397
v 41.768002 495.892914 -183.866302
v 98.104897 502.008392 -204.736206
v 41.768002 495.892914 -183.866302
v 82.325699 497.959106 -167.610397
v 60.276798 478.243286 -135.564194
v -0.272900 398.136810 -147.519699
v 23.355801 383.841797 -145.260101
v 29.670099 391.346710 -193.316101
v 4.578000 407.567902 -176.747604
v -0.272900 398.136810 -147.519699
v 29.670099 391.346710 -193.316101
v 125.642403 492.766388 -183.126801
v 136.200104 472.945312 -153.583496
v 82.325699 497.959106 -167.610397
v 136.200104 472.945312 -153.583496
v 125.642403 492.766388 -183.126801
v 134.691803 465.961395 -210.681198
v 100.113998 448.993011 -128.034103
v 68.924500 445.164886 -138.959396
v 92.070099 475.963501 -131.216705
v 38.995399 465.267090 -126.135002
v 68.924500 445.164886 -138.959396
v 82.734802 426.279785 -127.167099
v 67.209999 410.411407 -218.790497
v 41.354198 398.894592 -229.750900
v 68.095497 397.089294 -238.654007
v 41.354198 398.894592 -229.750900
v 67.209999 410.411407 -218.790497
v 32.781799 459.391388 -227.434601
v 124.356903 389.552612 -161.895004
v 130.943893 419.328796 -159.074203
v 130.935104 402.519806 -190.674606
v 130.943893 419.328796 -159.074203
v 147.232605 449.870300 -188.932800
v 143.660202 418.897614 -200.358505
v 67.133698 369.642090 -168.005600
v 47.397701 382.767303 -159.042007
v 90.919197 374.360687 -142.758698
v 54.711700 375.967010 -217.832397
v 47.397701 382.767303 -159.042007
v 67.133698 369.642090 -168.005600
v 107.283401 395.954407 -135.035095
v 90.919197 374.360687 -142.758698
v 81.631500 395.346313 -127.395897
v 81.631500 395.346313 -127.395897
v 82.734802 426.279785 -127.167099
v 107.283401 395.954407 -135.035095
v 105.882301 490.935303 -231.098495
v 80.292297 499.449005 -217.049896
v 85.704597 470.435791 -235.723404
v 125.642403 492.766388 -183.126801
v 98.104897 502.008392 -204.736206
v 105.882301 490.935303 -231.098495
v 113.559502 374.802002 -164.603897
v 84.422600 359.143097 -206.872406
v 90.919197 374.360687 -142.758698
v 90.919197 374.360687 -142.758698
v 107.283401 395.954407 -135.035095
v 124.356903 389.552612 -161.895004
v 38.995399 465.267090 -126.135002
v 9.081900 462.481689 -153.973694
v 60.276798 478.243286 -135.564194
v 68.924500 445.164886 -138.959396
v 38.995399 465.267090 -126.135002
v 60.276798 478.243286 -135.564194
v -4.930100 441.538910 -188.881195
v -0.272900 398.136810 -147.519699
v 4.578000 407.567902 -176.747604
v 21.322800 456.529114 -212.698700
v -4.930100 441.538910 -188.881195
v 4.578000 407.567902 -176.747604
v 147.232605 449.870300 -188.932800
v 145.587799 445.983612 -213.377899
v 143.660202 418.897614 -200.358505
v 147.232605 449.870300 -188.932800
v 136.200104 472.945312 -153.583496
v 134.691803 465.961395 -210.681198
v 100.113998 448.993011 -128.034103
v 107.283401 395.954407 -135.035095
v 82.734802 426.279785 -127.167099
v 82.734802 426.279785 -127.167099
v 68.924500 445.164886 -138.959396
v 100.113998 448.993011 -128.034103
v 114.489601 392.221985 -233.669296
v 104.817703 373.524414 -224.432297
v 113.559502 374.802002 -164.603897
v 114.489601 392.221985 -233.669296
v 92.122498 391.904602 -238.795898
v 104.817703 373.524414 -224.432297
v 41.354198 398.894592 -229.750900
v 32.781799 459.391388 -227.434601
v 21.322800 456.529114 -212.698700
v 32.781799 459.391388 -227.434601
v 32.104301 484.888000 -194.701797
v 21.322800 456.529114 -212.698700
v 61.014599 480.654785 -221.923599
v 85.704597 470.435791 -235.723404
v 80.292297 499.449005 -217.049896
v 61.014599 480.654785 -221.923599
v 32.781799 459.391388 -227.434601
v 85.704597 470.435791 -235.723404
v 9.081900 462.481689 -153.973694
v 15.834400 413.846405 -131.809402
v -0.272900 398.136810 -147.519699
v 33.455399 398.317505 -123.327904
v -0.272900 398.136810 -147.519699
v 15.834400 413.846405 -131.809402
v 10.318000 473.725006 -162.186798
v 60.276798 478.243286 -135.564194
v 9.081900 462.481689 -153.973694
v 10.318000 473.725006 -162.186798
v 9.081900 462.481689 -153.973694
v -4.930100 441.538910 -188.881195
v 29.670099 391.346710 -193.316101
v 23.355801 383.841797 -145.260101
v 47.397701 382.767303 -159.042007
v 47.397701 382.767303 -159.042007
v 23.355801 383.841797 -145.260101
v 60.467999 412.065491 -123.440399
v 68.095497 397.089294 -238.654007
v 92.122498 391.904602 -238.795898
v 67.209999 410.411407 -218.790497
v 92.122498 391.904602 -238.795898
v 68.095497 397.089294 -238.654007
v 104.817703 373.524414 -224.432297
v 81.631500 395.346313 -127.395897
v 60.467999 412.065491 -123.440399
v 82.734802 426.279785 -127.167099
v 81.631500 395.346313 -127.395897
v 47.397701 382.767303 -159.042007
v 60.467999 412.065491 -123.440399
v 104.817703 373.524414 -224.432297
v 54.711700 375.967010 -217.832397
v 84.422600 359.143097 -206.872406
v 84.422600 359.143097 -206.872406
v 54.711700 375.967010 -217.832397
v 67.133698 369.642090 -168.005600
v 80.292297 499.449005 -217.049896
v 105.882301 490.935303 -231.098495
v 98.104897 502.008392 -204.736206
v 98.104897 502.008392 -204.736206
v 41.768002 495.892914 -183.866302
v 80.292297 499.449005 -217.049896
v 124.356903 389.552612 -161.895004
v 113.559502 374.802002 -164.603897
v 90.919197 374.360687 -142.758698
v 130.935104 402.519806 -190.674606
v 113.559502 374.802002 -164.603897
v 124.356903 389.552612 -161.895004
v 130.943893 419.328796 -159.074203
v 143.660202 418.897614 -200.358505
v 130.935104 402.519806 -190.674606
v 130.935104 402.519806 -190.674606
v 143.660202 418.897614 -200.358505
v 114.489601 392.221985 -233.669296
v 119.753601 451.315308 -241.406204
v 117.038597 435.216492 -232.266495
v 145.587799 445.983612 -213.377899
v 117.038597 435.216492 -232.266495
v 119.753601 451.315308 -241.406204
v 85.704597 470.435791 -235.723404
v 134.691803 465.961395 -210.681198
v 145.587799 445.983612 -213.377899
v 147.232605 449.870300 -188.932800
v 134.691803 465.961395 -210.681198
v 119.753601 451.315308 -241.406204
v 145.587799 445.983612 -213.377899
v 92.070099 475.963501 -131.216705
v 68.924500 445.164886 -138.959396
v 60.276798 478.243286 -135.564194
v 82.325699 497.959106 -167.610397
v 92.070099 475.963501 -131.216705
v 60.276798 478.243286 -135.564194
v 80.292297 499.449005 -217.049896
v 41.768002 495.892914 -183.866302
v 32.104301 484.888000 -194.701797
v 41.768002 495.892914 -183.866302
v 10.318000 473.725006 -162.186798
v 32.104301 484.888000 -194.701797
v 82.734802 426.279785 -127.167099
v 60.467999 412.065491 -123.440399
v 38.995399 465.267090 -126.135002
v -489.251312 352.066498 559.135315
v -506.517395 353.166595 573.845093
v -481.013489 349.248413 573.315491
v -508.698914 377.698212 605.695129
v -486.350311 381.118286 607.238586
v -489.808502 373.436188 616.827576
v -480.542999 335.678802 609.512817
v -464.967285 342.852112 616.020386
v -473.474213 331.806396 595.810486
v -459.210999 351.443787 576.725586
v -468.909485 352.265808 562.487671
v -471.010101 341.028687 568.902893
v -447.452087 367.066010 587.031616
v -450.629089 374.434296 596.858826
v -463.343109 378.893707 599.104797
v -506.517395 353.166595 573.845093
v -496.531403 359.374207 558.389526
v -507.349213 373.267609 573.641418
v -507.349213 373.267609 573.641418
v -516.030823 364.825806 579.768372
v -506.517395 353.166595 573.845093
v -497.012909 355.152100 616.258484
v -508.698914 377.698212 605.695129
v -489.808502 373.436188 616.827576
v -442.408813 357.903015 593.852783
v -456.886414 335.615204 599.148926
v -460.747101 347.177612 614.242615
v -463.343109 378.893707 599.104797
v -450.629089 374.434296 596.858826
v -467.560913 363.509888 619.488220
v -508.698914 377.698212 605.695129
v -496.110291 383.672211 585.660217
v -486.350311 381.118286 607.238586
v -458.128113 368.761292 580.758972
v -467.991913 385.783295 590.058777
v -469.310211 386.609100 577.710999
v -474.171387 366.284790 556.410889
v -481.128693 385.016693 570.040527
v -487.495514 363.173096 555.036499
v -471.010101 341.028687 568.902893
v -468.909485 352.265808 562.487671
v -481.701385 345.150208 563.362305
v -480.542999 335.678802 609.512817
v -480.628815 329.330597 591.922913
v -494.487213 334.685211 598.179382
v -515.988403 359.562592 588.653076
v -514.360718 341.246887 595.116211
v -512.471680 348.081512 576.973328
v -503.421814 338.095001 588.575684
v -480.628815 329.330597 591.922913
v -481.013489 349.248413 573.315491
v -459.210999 351.443787 576.725586
v -471.010101 341.028687 568.902893
v -450.976593 347.829102 589.222900
v -508.698914 377.698212 605.695129
v -513.463501 372.690491 587.287170
v -496.110291 383.672211 585.660217
v -515.988403 359.562592 588.653076
v -514.019409 361.851196 606.192383
v -514.360718 341.246887 595.116211
v -497.012909 355.152100 616.258484
v -509.642487 346.139801 606.610718
v -514.019409 361.851196 606.192383
v -504.692688 337.982086 604.262878
v -480.542999 335.678802 609.512817
v -494.487213 334.685211 598.179382
v -463.859589 373.016510 571.845581
v -469.310211 386.609100 577.710999
v -474.171387 366.284790 556.410889
v -459.210999 351.443787 576.725586
v -458.128113 368.761292 580.758972
v -468.909485 352.265808 562.487671
v -450.629089 374.434296 596.858826
v -460.747101 347.177612 614.242615
v -467.560913 363.509888 619.488220
v -479.569611 363.559204 619.619019
v -464.967285 342.852112 616.020386
v -484.628204 339.846100 615.287598
v -487.761688 386.137390 574.949829
v -478.606110 389.637604 585.810913
v -496.110291 383.672211 585.660217
v -481.128693 385.016693 570.040527
v -497.642792 376.047302 571.528870
v -496.531403 359.374207 558.389526
v -471.010101 341.028687 568.902893
v -473.474213 331.806396 595.810486
v -450.976593 347.829102 589.222900
v -456.886414 335.615204 599.148926
v -473.474213 331.806396 595.810486
v -464.967285 342.852112 616.020386
v -496.110291 383.672211 585.660217
v -478.606110 389.637604 585.810913
v -486.350311 381.118286 607.238586
v -449.032806 364.517700 601.933777
v -460.747101 347.177612 614.242615
v -450.629089 374.434296 596.858826
v -447.452087 367.066010 587.031616
v -442.408813 357.903015 593.852783
v -450.629089 374.434296 596.858826
v -514.360718 341.246887 595.116211
v -503.421814 338.095001 588.575684
v -512.471680 348.081512 576.973328
v -481.013489 349.248413 573.315491
v -506.517395 353.166595 573.845093
v -503.421814 338.095001 588.575684
v -496.531403 359.374207 558.389526
v -506.517395 353.166595 573.845093
v -489.251312 352.066498 559.135315
v -481.701385 345.150208 563.362305
v -468.909485 352.265808 562.487671
v -487.495514 363.173096 555.036499
v -497.012909 355.152100 616.258484
v -484.628204 339.846100 615.287598
v -509.642487 346.139801 606.610718
v -484.628204 339.846100 615.287598
v -497.012909 355.152100 616.258484
v -479.569611 363.559204 619.619019
v -442.408813 357.903015 593.852783
v -447.452087 367.066010 587.031616
v -459.210999 351.443787 576.725586
v -450.976593 347.829102 589.222900
v -442.408813 357.903015 593.852783
v -459.210999 351.443787 576.725586
v -514.019409 361.851196 606.192383
v -508.698914 377.698212 605.695129
v -497.012909 355.152100 616.258484
v -508.698914 377.698212 605.695129
v -514.019409 361.851196 606.192383
v -515.988403 359.562592 588.653076
v -486.350311 381.118286 607.238586
v -476.084198 370.251587 606.098389
v -489.808502 373.436188 616.827576
v -467.560913 363.509888 619.488220
v -476.084198 370.251587 606.098389
v -475.041107 380.873199 601.049072
v -481.013489 349.248413 573.315491
v -471.010101 341.028687 568.902893
v -481.701385 345.150208 563.362305
v -471.010101 341.028687 568.902893
v -481.013489 349.248413 573.315491
v -480.628815 329.330597 591.922913
v -487.761688 386.137390 574.949829
v -496.110291 383.672211 585.660217
v -497.642792 376.047302 571.528870
v -496.110291 383.672211 585.660217
v -513.463501 372.690491 587.287170
v -507.349213 373.267609 573.641418
v -463.859589 373.016510 571.845581
v -458.128113 368.761292 580.758972
v -469.310211 386.609100 577.710999
v -468.909485 352.265808 562.487671
v -458.128113 368.761292 580.758972
v -463.859589 373.016510 571.845581
v -478.606110 389.637604 585.810913
v -469.310211 386.609100 577.710999
v -467.991913 385.783295 590.058777
v -467.991913 385.783295 590.058777
v -475.041107 380.873199 601.049072
v -478.606110 389.637604 585.810913
v -514.360718 341.246887 595.116211
v -504.692688 337.982086 604.262878
v -503.421814 338.095001 588.575684
v -514.019409 361.851196 606.192383
v -509.642487 346.139801 606.610718
v -514.360718 341.246887 595.116211
v -481.128693 385.016693 570.040527
v -474.171387 366.284790 556.410889
v -469.310211 386.609100 577.710999
v -469.310211 386.609100 577.710999
v -478.606110 389.637604 585.810913
v -487.761688 386.137390 574.949829
v -467.560913 363.509888 619.488220
v -460.747101 347.177612 614.242615
v -479.569611 363.559204 619.619019
v -476.084198 370.251587 606.098389
v -467.560913 363.509888 619.488220
v -479.569611 363.559204 619.619019
v -456.886414 335.615204 599.148926
v -442.408813 357.903015 593.852783
v -450.976593 347.829102 589.222900
v -473.474213 331.806396 595.810486
v -456.886414 335.615204 599.148926
v -450.976593 347.829102 589.222900
v -513.463501 372.690491 587.287170
v -516.030823 364.825806 579.768372
v -507.349213 373.267609 573.641418
v -513.463501 372.690491 587.287170
v -508.698914 377.698212 605.695129
v -515.988403 359.562592 588.653076
v -486.350311 381.118286 607.238586
v -478.606110 389.637604 585.810913
v -475.041107 380.873199 601.049072
v -475.041107 380.873199 601.049072
v -476.084198 370.251587 606.098389
v -486.350311 381.118286 607.238586
v -496.531403 359.374207 558.389526
v -487.495514 363.173096 555.036499
v -481.128693 385.016693 570.040527
v -496.531403 359.374207 558.389526
v -489.251312 352.066498 559.135315
v -487.495514 363.173096 555.036499
v -471.010101 341.028687 568.902893
v -480.628815 329.330597 591.922913
v -473.474213 331.806396 595.810486
v -480.628815 329.330597 591.922913
v -480.542999 335.678802 609.512817
v -473.474213 331.806396 595.810486
v -494.487213 334.685211 598.179382
v -503.421814 338.095001 588.575684
v -504.692688 337.982086 604.262878
v -494.487213 334.685211 598.179382
v -480.628815 329.330597 591.922913
v -503.421814 338.095001 588.575684
v -460.747101 347.177612 614.242615
v -449.032806 364.517700 601.933777
v -442.408813 357.903015 593.852783
v -450.629089 374.434296 596.858826
v -442.408813 357.903015 593.852783
v -449.032806 364.517700 601.933777
v -464.967285 342.852112 616.020386
v -479.569611 363.559204 619.619019
v -460.747101 347.177612 614.242615
v -464.967285 342.852112 616.020386
v -460.747101 347.177612 614.242615
v -456.886414 335.615204 599.148926
v -459.210999 351.443787 576.725586
v -447.452087 367.066010 587.031616
v -458.128113 368.761292 580.758972
v -458.128113 368.761292 580.758972
v -447.452087 367.066010 587.031616
v -463.343109 378.893707 599.104797
v -481.701385 345.150208 563.362305
v -489.251312 352.066498 559.135315
v -481.013489 349.248413 573.315491
v -489.251312 352.066498 559.135315
v -481.701385 345.150208 563.362305
v -487.495514 363.173096 555.036499
v -467.991913 385.783295 590.058777
v -463.343109 378.893707 599.104797
v -475.041107 380.873199 601.049072
v -467.991913 385.783295 590.058777
v -458.128113 368.761292 580.758972
v -463.343109 378.893707 599.104797
v -487.495514 363.173096 555.036499
v -468.909485 352.265808 562.487671
v -474.171387 366.284790 556.410889
v -474.171387 366.284790 556.410889
v -468.909485 352.265808 562.487671
v -463.859589 373.016510 571.845581
v -504.692688 337.982086 604.262878
v -514.360718 341.246887 595.116211
v -509.642487 346.139801 606.610718
v -509.642487 346.139801 606.610718
v -484.628204 339.846100 615.287598
v -504.692688 337.982086 604.262878
v -487.761688 386.137390 574.949829
v -481.128693 385.016693 570.040527
v -469.310211 386.609100 577.710999
v -497.642792 376.047302 571.528870
v -481.128693 385.016693 570.040527
v -487.761688 386.137390 574.949829
v -496.110291 383.672211 585.660217
v -507.349213 373.267609 573.641418
v -497.642792 376.047302 571.528870
v -497.642792 376.047302 571.528870
v -507.349213 373.267609 573.641418
v -496.531403 359.374207 558.389526
v -512.471680 348.081512 576.973328
v -506.517395 353.166595 573.845093
v -516.030823 364.825806 579.768372
v -506.517395 353.166595 573.845093
v -512.471680 348.081512 576.973328
v -503.421814 338.095001 588.575684
v -515.988403 359.562592 588.653076
v -516.030823 364.825806 579.768372
v -513.463501 372.690491 587.287170
v -515.988403 359.562592 588.653076
v -512.471680 348.081512 576.973328
v -516.030823 364.825806 579.768372
v -489.808502 373.436188 616.827576
v -476.084198 370.251587 606.098389
v -479.569611 363.559204 619.619019
v -497.012909 355.152100 616.258484
v -489.808502 373.436188 616.827576
v -479.569611 363.559204 619.619019
v -504.692688 337.982086 604.262878
v -484.628204 339.846100 615.287598
v -480.542999 335.678802 609.512817
v -484.628204 339.846100 615.287598
v -464.967285 342.852112 616.020386
v -480.542999 335.678802 609.512817
v -475.041107 380.873199 601.049072
v -463.343109 378.893707 599.104797
v -467.560913 363.509888 619.488220
v -624.599976 -191.096207 -701.927612
v -611.681580 -140.372498 -715.010071
v -591.986328 -186.712997 -680.019470
v -527.985413 -111.747002 -751.412292
v -500.094299 -154.309998 -733.827820
v -492.426392 -130.456497 -716.744385
v -534.820312 -132.429504 -632.885071
v -500.152893 -158.314697 -627.689087
v -558.343811 -160.746994 -624.447205
v -562.213806 -225.051605 -659.531372
v -598.311707 -225.428894 -678.916687
v -598.978210 -205.852295 -654.703491
v -515.555908 -244.436295 -673.843872
v -492.342194 -230.734802 -687.331970
v -495.857513 -206.754898 -708.913025
v -611.681580 -140.372498 -715.010071
v -625.866821 -183.094696 -725.124817
v -593.093018 -152.313599 -757.397278
v -593.093018 -152.313599 -757.397278
v -597.907471 -122.498703 -746.107117
v -611.681580 -140.372498 -715.010071
v -518.466614 -105.497704 -687.067200
v -527.985413 -111.747002 -751.412292
v -492.426392 -130.456497 -716.744385
v -506.510193 -239.224304 -646.074585
v -532.147705 -190.376007 -612.879211
v -495.269989 -171.421097 -633.015076
v -495.857513 -206.754898 -708.913025
v -492.342194 -230.734802 -687.331970
v -475.606506 -162.601105 -671.206421
v -527.985413 -111.747002 -751.412292
v -548.756226 -165.086899 -760.635010
v -500.094299 -154.309998 -733.827820
v -536.317383 -233.368195 -691.957581
v -511.066895 -214.055603 -732.728516
v -535.426575 -227.875107 -742.209595
v -601.347229 -232.478500 -716.535095
v -563.231384 -214.262802 -755.492798
v -619.910095 -206.975800 -725.044312
v -598.978210 -205.852295 -654.703491
v -598.311707 -225.428894 -678.916687
v -615.949524 -195.420197 -677.451904
v -534.820312 -132.429504 -632.885071
v -575.200684 -150.544495 -628.984680
v -571.174072 -119.868103 -651.558777
v -585.848816 -107.762299 -730.635620
v -589.796875 -90.510597 -687.844788
v -616.369507 -121.760498 -709.272217
v -595.018311 -117.478897 -673.066284
v -575.200684 -150.544495 -628.984680
v -591.986328 -186.712997 -680.019470
v -562.213806 -225.051605 -659.531372
v -598.978210 -205.852295 -654.703491
v -533.645020 -222.285706 -636.854919
v -527.985413 -111.747002 -751.412292
v -573.138428 -122.939301 -755.683716
v -548.756226 -165.086899 -760.635010
v -585.848816 -107.762299 -730.635620
v -547.747192 -90.597504 -724.194275
v -589.796875 -90.510597 -687.844788
v -518.466614 -105.497704 -687.067200
v -558.183777 -87.983398 -686.955627
v -547.747192 -90.597504 -724.194275
v -565.987671 -94.966400 -666.090027
v -534.820312 -132.429504 -632.885071
v -571.174072 -119.868103 -651.558777
v -554.906799 -236.713898 -711.434021
v -535.426575 -227.875107 -742.209595
v -601.347229 -232.478500 -716.535095
v -562.213806 -225.051605 -659.531372
v -536.317383 -233.368195 -691.957581
v -598.311707 -225.428894 -678.916687
v -492.342194 -230.734802 -687.331970
v -495.269989 -171.421097 -633.015076
v -475.606506 -162.601105 -671.206421
v -486.877502 -139.748596 -684.045288
v -500.152893 -158.314697 -627.689087
v -523.476624 -120.074203 -642.841919
v -559.017029 -196.184006 -762.338928
v -525.724426 -201.942093 -754.176880
v -548.756226 -165.086899 -760.635010
v -563.231384 -214.262802 -755.492798
v -585.092224 -175.206604 -753.862305
v -625.866821 -183.094696 -725.124817
v -598.978210 -205.852295 -654.703491
v -558.343811 -160.746994 -624.447205
v -533.645020 -222.285706 -636.854919
v -532.147705 -190.376007 -612.879211
v -558.343811 -160.746994 -624.447205
v -500.152893 -158.314697 -627.689087
v -548.756226 -165.086899 -760.635010
v -525.724426 -201.942093 -754.176880
v -500.094299 -154.309998 -733.827820
v -490.740814 -220.734604 -662.588318
v -495.269989 -171.421097 -633.015076
v -492.342194 -230.734802 -687.331970
v -515.555908 -244.436295 -673.843872
v -506.510193 -239.224304 -646.074585
v -492.342194 -230.734802 -687.331970
v -589.796875 -90.510597 -687.844788
v -595.018311 -117.478897 -673.066284
v -616.369507 -121.760498 -709.272217
v -591.986328 -186.712997 -680.019470
v -611.681580 -140.372498 -715.010071
v -595.018311 -117.478897 -673.066284
v -625.866821 -183.094696 -725.124817
v -611.681580 -140.372498 -715.010071
v -624.599976 -191.096207 -701.927612
v -615.949524 -195.420197 -677.451904
v -598.311707 -225.428894 -678.916687
v -619.910095 -206.975800 -725.044312
v -518.466614 -105.497704 -687.067200
v -523.476624 -120.074203 -642.841919
v -558.183777 -87.983398 -686.955627
v -523.476624 -120.074203 -642.841919
v -518.466614 -105.497704 -687.067200
v -486.877502 -139.748596 -684.045288
v -506.510193 -239.224304 -646.074585
v -515.555908 -244.436295 -673.843872
v -562.213806 -225.051605 -659.531372
v -533.645020 -222.285706 -636.854919
v -506.510193 -239.224304 -646.074585
v -562.213806 -225.051605 -659.531372
v -547.747192 -90.597504 -724.194275
v -527.985413 -111.747002 -751.412292
v -518.466614 -105.497704 -687.067200
v -527.985413 -111.747002 -751.412292
v -547.747192 -90.597504 -724.194275
v -585.848816 -107.762299 -730.635620
v -500.094299 -154.309998 -733.827820
v -503.104004 -168.021805 -701.091125
v -492.426392 -130.456497 -716.744385
v -475.606506 -162.601105 -671.206421
v -503.104004 -168.021805 -701.091125
v -501.418304 -183.446793 -724.459900
v -591.986328 -186.712997 -680.019470
v -598.978210 -205.852295 -654.703491
v -615.949524 -195.420197 -677.451904
v -598.978210 -205.852295 -654.703491
v -591.986328 -186.712997 -680.019470
v -575.200684 -150.544495 -628.984680
v -559.017029 -196.184006 -762.338928
v -548.756226 -165.086899 -760.635010
v -585.092224 -175.206604 -753.862305
v -548.756226 -165.086899 -760.635010
v -573.138428 -122.939301 -755.683716
v -593.093018 -152.313599 -757.397278
v -554.906799 -236.713898 -711.434021
v -536.317383 -233.368195 -691.957581
v -535.426575 -227.875107 -742.209595
v -598.311707 -225.428894 -678.916687
v -536.317383 -233.368195 -691.957581
v -554.906799 -236.713898 -711.434021
v -525.724426 -201.942093 -754.176880
v -535.426575 -227.875107 -742.209595
v -511.066895 -214.055603 -732.728516
v -511.066895 -214.055603 -732.728516
v -501.418304 -183.446793 -724.459900
v -525.724426 -201.942093 -754.176880
v -589.796875 -90.510597 -687.844788
v -565.987671 -94.966400 -666.090027
v -595.018311 -117.478897 -673.066284
v -547.747192 -90.597504 -724.194275
v -558.183777 -87.983398 -686.955627
v -589.796875 -90.510597 -687.844788
v -563.231384 -214.262802 -755.492798
v -601.347229 -232.478500 -716.535095
v -535.426575 -227.875107 -742.209595
v -535.426575 -227.875107 -742.209595
v -525.724426 -201.942093 -754.176880
v -559.017029 -196.184006 -762.338928
v -475.606506 -162.601105 -671.206421
v -495.269989 -171.421097 -633.015076
v -486.877502 -139.748596 -684.045288
v -503.104004 -168.021805 -701.091125
v -475.606506 -162.601105 -671.206421
v -486.877502 -139.748596 -684.045288
v -532.147705 -190.376007 -612.879211
v -506.510193 -239.224304 -646.074585
v -533.645020 -222.285706 -636.854919
v -558.343811 -160.746994 -624.447205
v -532.147705 -190.376007 -612.879211
v -533.645020 -222.285706 -636.854919
v -573.138428 -122.939301 -755.683716
v -597.907471 -122.498703 -746.107117
v -593.093018 -152.313599 -757.397278
v -573.138428 -122.939301 -755.683716
v -527.985413 -111.747002 -751.412292
v -585.848816 -107.762299 -730.635620
v -500.094299 -154.309998 -733.827820
v -525.724426 -201.942093 -754.176880
v -501.418304 -183.446793 -724.459900
v -501.418304 -183.446793 -724.459900
v -503.104004 -168.021805 -701.091125
v -500.094299 -154.309998 -733.827820
v -625.866821 -183.094696 -725.124817
v -619.910095 -206.975800 -725.044312
v -563.231384 -214.262802 -755.492798
v -625.866821 -183.094696 -725.124817
v -624.599976 -191.096207 -701.927612
v -619.910095 -206.975800 -725.044312
v -598.978210 -205.852295 -654.703491
v -575.200684 -150.544495 -628.984680
v -558.343811 -160.746994 -624.447205
v -575.200684 -150.544495 -628.984680
v -534.820312 -132.429504 -632.885071
v -558.343811 -160.746994 -624.447205
v -571.174072 -119.868103 -651.558777
v -595.018311 -117.478897 -673.066284
v -565.987671 -94.966400 -666.090027
v -571.174072 -119.868103 -651.558777
v -575.200684 -150.544495 -628.984680
v -595.018311 -117.478897 -673.066284
v -495.269989 -171.421097 -633.015076
v -490.740814 -220.734604 -662.588318
v -506.510193 -239.224304 -646.074585
v -492.342194 -230.734802 -687.331970
v -506.510193 -239.224304 -646.074585
v -490.740814 -220.734604 -662.588318
v -500.152893 -158.314697 -627.689087
v -486.877502 -139.748596 -684.045288
v -495.269989 -171.421097 -633.015076
v -500.152893 -158.314697 -627.689087
v -495.269989 -171.421097 -633.015076
v -532.147705 -190.376007 -612.879211
v -562.213806 -225.051605 -659.531372
v -515.555908 -244.436295 -673.843872
v -536.317383 -233.368195 -691.957581
v -536.317383 -233.368195 -691.957581
v -515.555908 -244.436295 -673.843872
v -495.857513 -206.754898 -708.913025
v -615.949524 -195.420197 -677.451904
v -624.599976 -191.096207 -701.927612
v -591.986328 -186.712997 -680.019470
v -624.599976 -191.096207 -701.927612
v -615.949524 -195.420197 -677.451904
v -619.910095 -206.975800 -725.044312
v -511.066895 -214.055603 -732.728516
v -495.857513 -206.754898 -708.913025
v -501.418304 -183.446793 -724.459900
v -511.066895 -214.055603 -732.728516
v -536.317383 -233.368195 -691.957581
v -495.857513 -206.754898 -708.913025
v -619.910095 -206.975800 -725.044312
v -598.311707 -225.428894 -678.916687
v -601.347229 -232.478500 -716.535095
v -601.347229 -232.478500 -716.535095
v -598.311707 -225.428894 -678.916687
v -554.906799 -236.713898 -711.434021
v -565.987671 -94.966400 -666.090027
v -589.796875 -90.510597 -687.844788
v -558.183777 -87.983398 -686.955627
v -558.183777 -87.983398 -686.955627
v -523.476624 -120.074203 -642.841919
v -565.987671 -94.966400 -666.090027
v -559.017029 -196.184006 -762.338928
v -563.231384 -214.262802 -755.492798
v -535.426575 -227.875107 -742.209595
v -585.092224 -175.206604 -753.862305
v -563.231384 -214.262802 -755.492798
v -559.017029 -196.184006 -762.338928
v -548.756226 -165.086899 -760.635010
v -593.093018 -152.313599 -757.397278
v -585.092224 -175.206604 -753.862305
v -585.092224 -175.206604 -753.862305
v -593.093018 -152.313599 -757.397278
v -625.866821 -183.094696 -725.124817
v -616.369507 -121.760498 -709.272217
v -611.681580 -140.372498 -715.010071
v -597.907471 -122.498703 -746.107117
v -611.681580 -140.372498 -715.010071
v -616.369507 -121.760498 -709.272217
v -595.018311 -117.478897 -673.066284
v -585.848816 -107.762299 -730.635620
v -597.907471 -122.498703 -746.107117
v -573.138428 -122.939301 -755.683716
v -585.848816 -107.762299 -730.635620
v -616.369507 -121.760498 -709.272217
v -597.907471 -122.498703 -746.107117
v -492.426392 -130.456497 -716.744385
v -503.104004 -168.021805 -701.091125
v -486.877502 -139.748596 -684.045288
v -518.466614 -105.497704 -687.067200
v -492.426392 -130.456497 -716.744385
v -486.877502 -139.748596 -684.045288
v -565.987671 -94.966400 -666.090027
v -523.476624 -120.074203 -642.841919
v -534.820312 -132.429504 -632.885071
v -523.476624 -120.074203 -642.841919
v -500.152893 -158.314697 -627.689087
v -534.820312 -132.429504 -632.885071
v -501.418304 -183.446793 -724.459900
v -495.857513 -206.754898 -708.913025
v -475.606506 -162.601105 -671.206421
v -549.964722 -307.845886 -83.718803
v -560.588013 -329.854187 -50.020802
v -569.986023 -327.109100 -96.304100
v -555.552917 -403.160706 -43.149300
v -555.451294 -410.844513 -83.971397
v -576.325806 -417.192413 -75.522903
v -627.528381 -368.043915 -90.387001
v -625.739319 -386.554688 -118.395500
v -620.533325 -343.877991 -105.089996
v -573.557617 -336.317291 -135.736404
v -556.272522 -314.794708 -120.326797
v -579.510315 -312.789612 -114.549698
v -562.241089 -368.958588 -156.901199
v -560.598877 -391.165985 -150.195999
v -554.137878 -398.114288 -127.025597
v -560.588013 -329.854187 -50.020802
v -536.989990 -313.634003 -71.167702
v -529.794006 -350.145508 -50.227299
v -529.794006 -350.145508 -50.227299
v -547.469727 -350.039612 -32.723701
v -560.588013 -329.854187 -50.020802
v -602.317993 -396.941193 -60.928001
v -555.552917 -403.160706 -43.149300
v -576.325806 -417.192413 -75.522903
v -583.870728 -370.285889 -164.269806
v -620.768982 -354.209503 -135.155304
v -618.034729 -388.653503 -126.735901
v -554.137878 -398.114288 -127.025597
v -560.598877 -391.165985 -150.195999
v -597.568604 -412.838013 -114.863098
v -555.552917 -403.160706 -43.149300
v -528.047791 -379.974915 -69.737602
v -555.451294 -410.844513 -83.971397
v -551.601624 -360.323914 -138.542297
v -533.745789 -391.110901 -120.532097
v -519.697327 -373.141815 -120.117897
v -528.010193 -319.571014 -112.852501
v -512.434387 -358.914703 -99.615097
v -529.232788 -313.199097 -88.495201
v -579.510315 -312.789612 -114.549698
v -556.272522 -314.794708 -120.326797
v -565.938721 -307.757294 -96.253197
v -627.528381 -368.043915 -90.387001
v -619.197876 -334.856110 -92.433403
v -615.290222 -348.708405 -66.626404
v -564.510315 -358.093903 -30.975401
v -599.106689 -349.187988 -31.397301
v -570.548096 -328.878387 -38.242599
v -598.929504 -336.931396 -52.107300
v -619.197876 -334.856110 -92.433403
v -569.986023 -327.109100 -96.304100
v -573.557617 -336.317291 -135.736404
v -579.510315 -312.789612 -114.549698
v -593.069275 -352.210999 -148.510300
v -555.552917 -403.160706 -43.149300
v -543.622925 -369.729095 -36.899502
v -528.047791 -379.974915 -69.737602
v -564.510315 -358.093903 -30.975401
v -579.235718 -387.184998 -32.030701
v -599.106689 -349.187988 -31.397301
v -602.317993 -396.941193 -60.928001
v -604.153992 -372.022095 -38.628300
v -579.235718 -387.184998 -32.030701
v -614.896912 -360.481812 -47.337601
v -627.528381 -368.043915 -90.387001
v -615.290222 -348.708405 -66.626404
v -535.166382 -350.723907 -129.830505
v -519.697327 -373.141815 -120.117897
v -528.010193 -319.571014 -112.852501
v -573.557617 -336.317291 -135.736404
v -551.601624 -360.323914 -138.542297
v -556.272522 -314.794708 -120.326797
v -560.598877 -391.165985 -150.195999
v -618.034729 -388.653503 -126.735901
v -597.568604 -412.838013 -114.863098
v -595.743286 -412.104187 -92.937302
v -625.739319 -386.554688 -118.395500
v -626.461914 -380.745209 -82.385803
v -514.701599 -366.963409 -86.843803
v -521.909424 -387.769012 -102.152199
v -528.047791 -379.974915 -69.737602
v -512.434387 -358.914703 -99.615097
v -524.951172 -350.596802 -68.499199
v -536.989990 -313.634003 -71.167702
v -579.510315 -312.789612 -114.549698
v -620.533325 -343.877991 -105.089996
v -593.069275 -352.210999 -148.510300
v -620.768982 -354.209503 -135.155304
v -620.533325 -343.877991 -105.089996
v -625.739319 -386.554688 -118.395500
v -528.047791 -379.974915 -69.737602
v -521.909424 -387.769012 -102.152199
v -555.451294 -410.844513 -83.971397
v -581.049072 -388.790192 -151.483505
v -618.034729 -388.653503 -126.735901
v -560.598877 -391.165985 -150.195999
v -562.241089 -368.958588 -156.901199
v -583.870728 -370.285889 -164.269806
v -560.598877 -391.165985 -150.195999
v -599.106689 -349.187988 -31.397301
v -598.929504 -336.931396 -52.107300
v -570.548096 -328.878387 -38.242599
v -569.986023 -327.109100 -96.304100
v -560.588013 -329.854187 -50.020802
v -598.929504 -336.931396 -52.107300
v -536.989990 -313.634003 -71.167702
v -560.588013 -329.854187 -50.020802
v -549.964722 -307.845886 -83.718803
v -565.938721 -307.757294 -96.253197
v -556.272522 -314.794708 -120.326797
v -529.232788 -313.199097 -88.495201
v -602.317993 -396.941193 -60.928001
v -626.461914 -380.745209 -82.385803
v -604.153992 -372.022095 -38.628300
v -626.461914 -380.745209 -82.385803
v -602.317993 -396.941193 -60.928001
v -595.743286 -412.104187 -92.937302
v -583.870728 -370.285889 -164.269806
v -562.241089 -368.958588 -156.901199
v -573.557617 -336.317291 -135.736404
v -593.069275 -352.210999 -148.510300
v -583.870728 -370.285889 -164.269806
v -573.557617 -336.317291 -135.736404
v -579.235718 -387.184998 -32.030701
v -555.552917 -403.160706 -43.149300
v -602.317993 -396.941193 -60.928001
v -555.552917 -403.160706 -43.149300
v -579.235718 -387.184998 -32.030701
v -564.510315 -358.093903 -30.975401
v -555.451294 -410.844513 -83.971397
v -572.363892 -398.783295 -101.963997
v -576.325806 -417.192413 -75.522903
v -597.568604 -412.838013 -114.863098
v -572.363892 -398.783295 -101.963997
v -551.285522 -402.139008 -105.546799
v -569.986023 -327.109100 -96.304100
v -579.510315 -312.789612 -114.549698
v -565.938721 -307.757294 -96.253197
v -579.510315 -312.789612 -114.549698
v -569.986023 -327.109100 -96.304100
v -619.197876 -334.856110 -92.433403
v -514.701599 -366.963409 -86.843803
v -528.047791 -379.974915 -69.737602
v -524.951172 -350.596802 -68.499199
v -528.047791 -379.974915 -69.737602
v -543.622925 -369.729095 -36.899502
v -529.794006 -350.145508 -50.227299
v -535.166382 -350.723907 -129.830505
v -551.601624 -360.323914 -138.542297
v -519.697327 -373.141815 -120.117897
v -556.272522 -314.794708 -120.326797
v -551.601624 -360.323914 -138.542297
v -535.166382 -350.723907 -129.830505
v -521.909424 -387.769012 -102.152199
v -519.697327 -373.141815 -120.117897
v -533.745789 -391.110901 -120.532097
v -533.745789 -391.110901 -120.532097
v -551.285522 -402.139008 -105.546799
v -521.909424 -387.769012 -102.152199
v -599.106689 -349.187988 -31.397301
v -614.896912 -360.481812 -47.337601
v -598.929504 -336.931396 -52.107300
v -579.235718 -387.184998 -32.030701
v -604.153992 -372.022095 -38.628300
v -599.106689 -349.187988 -31.397301
v -512.434387 -358.914703 -99.615097
v -528.010193 -319.571014 -112.852501
v -519.697327 -373.141815 -120.117897
v -519.697327 -373.141815 -120.117897
v -521.909424 -387.769012 -102.152199
v -514.701599 -366.963409 -86.843803
v -597.568604 -412.838013 -114.863098
v -618.034729 -388.653503 -126.735901
v -595.743286 -412.104187 -92.937302
v -572.363892 -398.783295 -101.963997
v -597.568604 -412.838013 -114.863098
v -595.743286 -412.104187 -92.937302
v -620.768982 -354.209503 -135.155304
v -583.870728 -370.285889 -164.269806
v -593.069275 -352.210999 -148.510300
v -620.533325 -343.877991 -105.089996
v -620.768982 -354.209503 -135.155304
v -593.069275 -352.210999 -148.510300
v -543.622925 -369.729095 -36.899502
v -547.469727 -350.039612 -32.723701
v -529.794006 -350.145508 -50.227299
v -543.622925 -369.729095 -36.899502
v -555.552917 -403.160706 -43.149300
v -564.510315 -358.093903 -30.975401
v -555.451294 -410.844513 -83.971397
v -521.909424 -387.769012 -102.152199
v -551.285522 -402.139008 -105.546799
v -551.285522 -402.139008 -105.546799
v -572.363892 -398.783295 -101.963997
v -555.451294 -410.844513 -83.971397
v -536.989990 -313.634003 -71.167702
v -529.232788 -313.199097 -88.495201
v -512.434387 -358.914703 -99.615097
v -536.989990 -313.634003 -71.167702
v -549.964722 -307.845886 -83.718803
v -529.232788 -313.199097 -88.495201
v -579.510315 -312.789612 -114.549698
v -619.197876 -334.856110 -92.433403
v -620.533325 -343.877991 -105.089996
v -619.197876 -334.856110 -92.433403
v -627.528381 -368.043915 -90.387001
v -620.533325 -343.877991 -105.089996
v -615.290222 -348.708405 -66.626404
v -598.929504 -336.931396 -52.107300
v -614.896912 -360.481812 -47.337601
v -615.290222 -348.708405 -66.626404
v -619.197876 -334.856110 -92.433403
v -598.929504 -336.931396 -52.107300
v -618.034729 -388.653503 -126.735901
v -581.049072 -388.790192 -151.483505
v -583.870728 -370.285889 -164.269806
v -560.598877 -391.165985 -150.195999
v -583.870728 -370.285889 -164.269806
v -581.049072 -388.790192 -151.483505
v -625.739319 -386.554688 -118.395500
v -595.743286 -412.104187 -92.937302
v -618.034729 -388.653503 -126.735901
v -625.739319 -386.554688 -118.395500
v -618.034729 -388.653503 -126.735901
v -620.768982 -354.209503 -135.155304
v -573.557617 -336.317291 -135.736404
v -562.241089 -368.958588 -156.901199
v -551.601624 -360.323914 -138.542297
v -551.601624 -360.323914 -138.542297
v -562.241089 -368.958588 -156.901199
v -554.137878 -398.114288 -127.025597
v -565.938721 -307.757294 -96.253197
v -549.964722 -307.845886 -83.718803
v -569.986023 -327.109100 -96.304100
v -549.964722 -307.845886 -83.718803
v -565.938721 -307.757294 -96.253197
v -529.232788 -313.199097 -88.495201
v -533.745789 -391.110901 -120.532097
v -554.137878 -398.114288 -127.025597
v -551.285522 -402.139008 -105.546799
v -533.745789 -391.110901 -120.532097
v -551.601624 -360.323914 -138.542297
v -554.137878 -398.114288 -127.025597
v -529.232788 -313.199097 -88.495201
v -556.272522 -314.794708 -120.326797
v -528.010193 -319.571014 -112.852501
v -528.010193 -319.571014 -112.852501
v -556.272522 -314.794708 -120.326797
v -535.166382 -350.723907 -129.830505
v -614.896912 -360.481812 -47.337601
v -599.106689 -349.187988 -31.397301
v -604.153992 -372.022095 -38.628300
v -604.153992 -372.022095 -38.628300
v -626.461914 -380.745209 -82.385803
v -614.896912 -360.481812 -47.337601
v -514.701599 -366.963409 -86.843803
v -512.434387 -358.914703 -99.615097
v -519.697327 -373.141815 -120.117897
v -524.951172 -350.596802 -68.499199
v -512.434387 -358.914703 -99.615097
v -514.701599 -366.963409 -86.843803
v -528.047791 -379.974915 -69.737602
v -529.794006 -350.145508 -50.227299
v -524.951172 -350.596802 -68.499199
v -524.951172 -350.596802 -68.499199
v -529.794006 -350.145508 -50.227299
v -536.989990 -313.634003 -71.167702
v -570.548096 -328.878387 -38.242599
v -560.588013 -329.854187 -50.020802
v -547.469727 -350.039612 -32.723701
v -560.588013 -329.854187 -50.020802
v -570.548096 -328.878387 -38.242599
v -598.929504 -336.931396 -52.107300
v -564.510315 -358.093903 -30.975401
v -547.469727 -350.039612 -32.723701
v -543.622925 -369.729095 -36.899502
v -564.510315 -358.093903 -30.975401
v -570.548096 -328.878387 -38.242599
v -547.469727 -350.039612 -32.723701
v -576.325806 -417.192413 -75.522903
v -572.363892 -398.783295 -101.963997
v -595.743286 -412.104187 -92.937302
v -602.317993 -396.941193 -60.928001
v -576.325806 -417.192413 -75.522903
v -595.743286 -412.104187 -92.937302
v -614.896912 -360.481812 -47.337601
v -626.461914 -380.745209 -82.385803
v -627.528381 -368.043915 -90.387001
v -626.461914 -380.745209 -82.385803
v -625.739319 -386.554688 -118.395500
v -627.528381 -368.043915 -90.387001
v -551.285522 -402.139008 -105.546799
v -554.137878 -398.114288 -127.025597
v -597.568604 -412.838013 -114.863098
v -629.863220 -26.910601 -296.452087
v -657.565308 -34.544102 -281.254395
v -628.530579 -11.939300 -277.975403
v -699.713806 2.339200 -267.676300
v -680.982971 28.802999 -268.696198
v -684.579712 25.152500 -251.158997
v -640.724121 0.264900 -225.395004
v -634.963379 25.856800 -224.327301
v -621.717407 -4.072100 -237.130707
v -610.586121 14.157300 -275.822205
v -611.770630 -3.916400 -292.597290
v -609.145813 -10.955300 -275.402496
v -617.785400 44.878899 -278.130493
v -633.144714 53.545502 -273.796906
v -650.879272 45.483700 -275.461395
v -657.565308 -34.544102 -281.254395
v -642.461426 -29.032900 -303.930695
v -674.149414 -19.649799 -299.488800
v -674.149414 -19.649799 -299.488800
v -680.151917 -31.376101 -285.212189
v -657.565308 -34.544102 -281.254395
v -676.997375 3.012800 -235.528595
v -699.713806 2.339200 -267.676300
v -684.579712 25.152500 -251.158997
v -609.891479 47.019901 -262.237793
v -610.234924 17.932100 -236.576202
v -632.996582 32.476501 -230.125198
v -650.879272 45.483700 -275.461395
v -633.144714 53.545502 -273.796906
v -656.127930 41.668900 -238.984802
v -699.713806 2.339200 -267.676300
v -678.854919 7.483800 -295.220612
v -680.982971 28.802999 -268.696198
v -625.787109 31.434601 -286.805298
v -655.143677 40.571800 -291.798187
v -649.141479 32.224499 -306.346313
v -624.201477 -1.985100 -312.008911
v -654.789185 14.151900 -313.655609
v -634.227783 -18.890699 -310.947601
v -609.145813 -10.955300 -275.402496
v -611.770630 -3.916400 -292.597290
v -619.552612 -22.046101 -285.432312
v -640.724121 0.264900 -225.395004
v -624.430176 -15.737700 -239.357895
v -646.611816 -21.774700 -237.361099
v -681.691223 -29.980900 -270.577087
v -669.762817 -38.773800 -246.939194
v -661.544678 -42.696098 -273.293213
v -652.068115 -34.153198 -251.266296
v -624.430176 -15.737700 -239.357895
v -628.530579 -11.939300 -277.975403
v -610.586121 14.157300 -275.822205
v -609.145813 -10.955300 -275.402496
v -607.540283 27.453100 -258.511810
v -699.713806 2.339200 -267.676300
v -688.646484 -17.886700 -283.819305
v -678.854919 7.483800 -295.220612
v -681.691223 -29.980900 -270.577087
v -692.855225 -15.293100 -253.009903
v -669.762817 -38.773800 -246.939194
v -676.997375 3.012800 -235.528595
v -676.319519 -22.971201 -238.414993
v -692.855225 -15.293100 -253.009903
v -663.389771 -25.815599 -233.663498
v -640.724121 0.264900 -225.395004
v -646.611816 -21.774700 -237.361099
v -629.142700 23.419901 -300.651093
v -649.141479 32.224499 -306.346313
v -624.201477 -1.985100 -312.008911
v -610.586121 14.157300 -275.822205
v -625.787109 31.434601 -286.805298
v -611.770630 -3.916400 -292.597290
v -633.144714 53.545502 -273.796906
v -632.996582 32.476501 -230.125198
v -656.127930 41.668900 -238.984802
v -668.303772 29.533899 -239.053696
v -634.963379 25.856800 -224.327301
v -651.847717 2.965600 -222.734406
v -665.503723 11.310900 -309.270386
v -666.097229 30.149900 -300.143707
v -678.854919 7.483800 -295.220612
v -654.789185 14.151900 -313.655609
v -665.238770 -8.859200 -304.198303
v -642.461426 -29.032900 -303.930695
v -609.145813 -10.955300 -275.402496
v -621.717407 -4.072100 -237.130707
v -607.540283 27.453100 -258.511810
v -610.234924 17.932100 -236.576202
v -621.717407 -4.072100 -237.130707
v -634.963379 25.856800 -224.327301
v -678.854919 7.483800 -295.220612
v -666.097229 30.149900 -300.143707
v -680.982971 28.802999 -268.696198
v -626.986816 50.491100 -259.228699
v -632.996582 32.476501 -230.125198
v -633.144714 53.545502 -273.796906
v -617.785400 44.878899 -278.130493
v -609.891479 47.019901 -262.237793
v -633.144714 53.545502 -273.796906
v -669.762817 -38.773800 -246.939194
v -652.068115 -34.153198 -251.266296
v -661.544678 -42.696098 -273.293213
v -628.530579 -11.939300 -277.975403
v -657.565308 -34.544102 -281.254395
v -652.068115 -34.153198 -251.266296
v -642.461426 -29.032900 -303.930695
v -657.565308 -34.544102 -281.254395
v -629.863220 -26.910601 -296.452087
v -619.552612 -22.046101 -285.432312
v -611.770630 -3.916400 -292.597290
v -634.227783 -18.890699 -310.947601
v -676.997375 3.012800 -235.528595
v -651.847717 2.965600 -222.734406
v -676.319519 -22.971201 -238.414993
v -651.847717 2.965600 -222.734406
v -676.997375 3.012800 -235.528595
v -668.303772 29.533899 -239.053696
v -609.891479 47.019901 -262.237793
v -617.785400 44.878899 -278.130493
v -610.586121 14.157300 -275.822205
v -607.540283 27.453100 -258.511810
v -609.891479 47.019901 -262.237793
v -610.586121 14.157300 -275.822205
v -692.855225 -15.293100 -253.009903
v -699.713806 2.339200 -267.676300
v -676.997375 3.012800 -235.528595
v -699.713806 2.339200 -267.676300
v -692.855225 -15.293100 -253.009903
v -681.691223 -29.980900 -270.577087
v -680.982971 28.802999 -268.696198
v -661.357483 29.993500 -260.095398
v -684.579712 25.152500 -251.158997
v -656.127930 41.668900 -238.984802
v -661.357483 29.993500 -260.095398
v -665.440430 36.313801 -275.228607
v -628.530579 -11.939300 -277.975403
v -609.145813 -10.955300 -275.402496
v -619.552612 -22.046101 -285.432312
v -609.145813 -10.955300 -275.402496
v -628.530579 -11.939300 -277.975403
v -624.430176 -15.737700 -239.357895
v -665.503723 11.310900 -309.270386
v -678.854919 7.483800 -295.220612
v -665.238770 -8.859200 -304.198303
v -678.854919 7.483800 -295.220612
v -688.646484 -17.886700 -283.819305
v -674.149414 -19.649799 -299.488800
v -629.142700 23.419901 -300.651093
v -625.787109 31.434601 -286.805298
v -649.141479 32.224499 -306.346313
v -611.770630 -3.916400 -292.597290
v -625.787109 31.434601 -286.805298
v -629.142700 23.419901 -300.651093
v -666.097229 30.149900 -300.143707
v -649.141479 32.224499 -306.346313
v -655.143677 40.571800 -291.798187
v -655.143677 40.571800 -291.798187
v -665.440430 36.313801 -275.228607
v -666.097229 30.149900 -300.143707
v -669.762817 -38.773800 -246.939194
v -663.389771 -25.815599 -233.663498
v -652.068115 -34.153198 -251.266296
v -692.855225 -15.293100 -253.009903
v -676.319519 -22.971201 -238.414993
v -669.762817 -38.773800 -246.939194
v -654.789185 14.151900 -313.655609
v -624.201477 -1.985100 -312.008911
v -649.141479 32.224499 -306.346313
v -649.141479 32.224499 -306.346313
v -666.097229 30.149900 -300.143707
v -665.503723 11.310900 -309.270386
v -656.127930 41.668900 -238.984802
v -632.996582 32.476501 -230.125198
v -668.303772 29.533899 -239.053696
v -661.357483 29.993500 -260.095398
v -656.127930 41.668900 -238.984802
v -668.303772 29.533899 -239.053696
v -610.234924 17.932100 -236.576202
v -609.891479 47.019901 -262.237793
v -607.540283 27.453100 -258.511810
v -621.717407 -4.072100 -237.130707
v -610.234924 17.932100 -236.576202
v -607.540283 27.453100 -258.511810
v -688.646484 -17.886700 -283.819305
v -680.151917 -31.376101 -285.212189
v -674.149414 -19.649799 -299.488800
v -688.646484 -17.886700 -283.819305
v -699.713806 2.339200 -267.676300
v -681.691223 -29.980900 -270.577087
v -680.982971 28.802999 -268.696198
v -666.097229 30.149900 -300.143707
v -665.440430 36.313801 -275.228607
v -665.440430 36.313801 -275.228607
v -661.357483 29.993500 -260.095398
v -680.982971 28.802999 -268.696198
v -642.461426 -29.032900 -303.930695
v -634.227783 -18.890699 -310.947601
v -654.789185 14.151900 -313.655609
v -642.461426 -29.032900 -303.930695
v -629.863220 -26.910601 -296.452087
v -634.227783 -18.890699 -310.947601
v -609.145813 -10.955300 -275.402496
v -624.430176 -15.737700 -239.357895
v -621.717407 -4.072100 -237.130707
v -624.430176 -15.737700 -239.357895
v -640.724121 0.264900 -225.395004
v -621.717407 -4.072100 -237.130707
v -646.611816 -21.774700 -237.361099
v -652.068115 -34.153198 -251.266296
v -663.389771 -25.815599 -233.663498
v -646.611816 -21.774700 -237.361099
v -624.430176 -15.737700 -239.357895
v -652.068115 -34.153198 -251.266296
v -632.996582 32.476501 -230.125198
v -626.986816 50.491100 -259.228699
v -609.891479 47.019901 -262.237793
v -633.144714 53.545502 -273.796906
v -609.891479 47.019901 -262.237793
v -626.986816 50.491100 -259.228699
v -634.963379 25.856800 -224.327301
v -668.303772 29.533899 -239.053696
v -632.996582 32.476501 -230.125198
v -634.963379 25.856800 -224.327301
v -632.996582 32.476501 -230.125198
v -610.234924 17.932100 -236.576202
v -610.586121 14.157300 -275.822205
v -617.785400 44.878899 -278.130493
v -625.787109 31.434601 -286.805298
v -625.787109 31.434601 -286.805298
v -617.785400 44.878899 -278.130493
v -650.879272 45.483700 -275.461395
v -619.552612 -22.046101 -285.432312
v -629.863220 -26.910601 -296.452087
v -628.530579 -11.939300 -277.975403
v -629.863220 -26.910601 -296.452087
v -619.552612 -22.046101 -285.432312
v -634.227783 -18.890699 -310.947601
v -655.143677 40.571800 -291.798187
v -650.879272 45.483700 -275.461395
v -665.440430 36.313801 -275.228607
v -655.143677 40.571800 -291.798187
v -625.787109 31.434601 -286.805298
v -650.879272 45.483700 -275.461395
v -634.227783 -18.890699 -310.947601
v -611.770630 -3.916400 -292.597290
v -624.201477 -1.985100 -312.008911
v -624.201477 -1.985100 -312.008911
v -611.770630 -3.916400 -292.597290
v -629.142700 23.419901 -300.651093
v -663.389771 -25.815599 -233.663498
v -669.762817 -38.773800 -246.939194
v -676.319519 -22.971201 -238.414993
v -676.319519 -22.971201 -238.414993
v -651.847717 2.965600 -222.734406
v -663.389771 -25.815599 -233.663498
v -665.503723 11.310900 -309.270386
v -654.789185 14.151900 -313.655609
v -649.141479 32.224499 -306.346313
v -665.238770 -8.859200 -304.198303
v -654.789185 14.151900 -313.655609
v -665.503723 11.310900 -309.270386
v -678.854919 7.483800 -295.220612
v -674.149414 -19.649799 -299.488800
v -665.238770 -8.859200 -304.198303
v -665.238770 -8.859200 -304.198303
v -674.149414 -19.649799 -299.488800
v -642.461426 -29.032900 -303.930695
v -661.544678 -42.696098 -273.293213
v -657.565308 -34.544102 -281.254395
v -680.151917 -31.376101 -285.212189
v -657.565308 -34.544102 -281.254395
v -661.544678 -42.696098 -273.293213
v -652.068115 -34.153198 -251.266296
v -681.691223 -29.980900 -270.577087
v -680.151917 -31.376101 -285.212189
v -688.646484 -17.886700 -283.819305
v -681.691223 -29.980900 -270.577087
v -661.544678 -42.696098 -273.293213
v -680.151917 -31.376101 -285.212189
v -684.579712 25.152500 -251.158997
v -661.357483 29.993500 -260.095398
v -668.303772 29.533899 -239.053696
v -676.997375 3.012800 -235.528595
v -684.579712 25.152500 -251.158997
v -668.303772 29.533899 -239.053696
v -663.389771 -25.815599 -233.663498
v -651.847717 2.965600 -222.734406
v -640.724121 0.264900 -225.395004
v -651.847717 2.965600 -222.734406
v -634.963379 25.856800 -224.327301
v -640.724121 0.264900 -225.395004
v -665.440430 36.313801 -275.228607
v -650.879272 45.483700 -275.461395
v -656.127930 41.668900 -238.984802
v -939.175720 -66.068100 -411.436493
v -921.935791 -88.562897 -390.137299
v -952.905518 -87.665199 -415.894409
v -895.566711 -142.822403 -407.778198
v -915.044617 -146.550201 -437.075012
v -921.629272 -159.710297 -423.639008
v -973.964417 -140.899094 -396.782288
v -982.727783 -152.885895 -421.265015
v -983.948914 -119.103500 -403.197906
v -973.484009 -94.013802 -443.002289
v -960.537903 -71.875900 -434.800903
v -972.219788 -79.433800 -419.793488
v -969.015015 -113.505096 -471.123108
v -958.508728 -130.134003 -473.444000
v -940.437012 -134.163300 -462.865997
v -921.935791 -88.562897 -390.137299
v -923.053223 -66.208000 -410.585785
v -897.785217 -92.353500 -409.857788
v -897.785217 -92.353500 -409.857788
v -899.353821 -99.852303 -390.105011
v -921.935791 -88.562897 -390.137299
v -935.221130 -154.868301 -396.549194
v -895.566711 -142.822403 -407.778198
v -921.629272 -159.710297 -423.639008
v -985.776489 -122.320999 -466.502808
v -997.231079 -125.523804 -425.902313
v -981.869690 -151.144104 -430.905609
v -940.437012 -134.163300 -462.865997
v -958.508728 -130.134003 -473.444000
v -956.595215 -162.421997 -438.926514
v -895.566711 -142.822403 -407.778198
v -899.043274 -113.408401 -431.740814
v -915.044617 -146.550201 -437.075012
v -955.113770 -103.843597 -461.423004
v -926.416626 -121.449303 -465.960785
v -922.430176 -102.475403 -467.223785
v -938.030212 -65.203499 -444.039307
v -910.957581 -89.942703 -453.035492
v -927.597778 -62.058102 -425.542297
v -972.219788 -79.433800 -419.793488
v -960.537903 -71.875900 -434.800903
v -955.593811 -71.403000 -412.453400
v -973.964417 -140.899094 -396.782288
v -978.854797 -112.375504 -392.935699
v -959.096924 -122.761398 -381.311798
v -906.683105 -112.519501 -383.342804
v -930.437317 -118.803497 -365.395386
v -922.052124 -92.188599 -377.483612
v -944.573730 -108.347504 -375.927795
v -978.854797 -112.375504 -392.935699
v -952.905518 -87.665199 -415.894409
v -973.484009 -94.013802 -443.002289
v -972.219788 -79.433800 -419.793488
v -987.905579 -112.843102 -446.903412
v -895.566711 -142.822403 -407.778198
v -893.933105 -113.175003 -399.989807
v -899.043274 -113.408401 -431.740814
v -906.683105 -112.519501 -383.342804
v -908.440308 -140.184692 -385.218292
v -930.437317 -118.803497 -365.395386
v -935.221130 -154.868301 -396.549194
v -931.225281 -137.728500 -374.103088
v -908.440308 -140.184692 -385.218292
v -945.493225 -132.561005 -371.854614
v -973.964417 -140.899094 -396.782288
v -959.096924 -122.761398 -381.311798
v -943.034180 -90.762604 -460.528687
v -922.430176 -102.475403 -467.223785
v -938.030212 -65.203499 -444.039307
v -973.484009 -94.013802 -443.002289
v -955.113770 -103.843597 -461.423004
v -960.537903 -71.875900 -434.800903
v -958.508728 -130.134003 -473.444000
v -981.869690 -151.144104 -430.905609
v -956.595215 -162.421997 -438.926514
v -944.074707 -162.292099 -424.971710
v -982.727783 -152.885895 -421.265015
v -965.672974 -150.574295 -395.395508
v -903.427429 -97.580299 -445.687592
v -910.353577 -115.365997 -458.231812
v -899.043274 -113.408401 -431.740814
v -910.957581 -89.942703 -453.035492
v -904.372925 -89.932701 -424.351593
v -923.053223 -66.208000 -410.585785
v -972.219788 -79.433800 -419.793488
v -983.948914 -119.103500 -403.197906
v -987.905579 -112.843102 -446.903412
v -997.231079 -125.523804 -425.902313
v -983.948914 -119.103500 -403.197906
v -982.727783 -152.885895 -421.265015
v -899.043274 -113.408401 -431.740814
v -910.353577 -115.365997 -458.231812
v -915.044617 -146.550201 -437.075012
v -972.324707 -135.994904 -464.310608
v -981.869690 -151.144104 -430.905609
v -958.508728 -130.134003 -473.444000
v -969.015015 -113.505096 -471.123108
v -985.776489 -122.320999 -466.502808
v -958.508728 -130.134003 -473.444000
v -930.437317 -118.803497 -365.395386
v -944.573730 -108.347504 -375.927795
v -922.052124 -92.188599 -377.483612
v -952.905518 -87.665199 -415.894409
v -921.935791 -88.562897 -390.137299
v -944.573730 -108.347504 -375.927795
v -923.053223 -66.208000 -410.585785
v -921.935791 -88.562897 -390.137299
v -939.175720 -66.068100 -411.436493
v -955.593811 -71.403000 -412.453400
v -960.537903 -71.875900 -434.800903
v -927.597778 -62.058102 -425.542297
v -935.221130 -154.868301 -396.549194
v -965.672974 -150.574295 -395.395508
v -931.225281 -137.728500 -374.103088
v -965.672974 -150.574295 -395.395508
v -935.221130 -154.868301 -396.549194
v -944.074707 -162.292099 -424.971710
v -985.776489 -122.320999 -466.502808
v -969.015015 -113.505096 -471.123108
v -973.484009 -94.013802 -443.002289
v -987.905579 -112.843102 -446.903412
v -985.776489 -122.320999 -466.502808
v -973.484009 -94.013802 -443.002289
v -908.440308 -140.184692 -385.218292
v -895.566711 -142.822403 -407.778198
v -935.221130 -154.868301 -396.549194
v -895.566711 -142.822403 -407.778198
v -908.440308 -140.184692 -385.218292
v -906.683105 -112.519501 -383.342804
v -915.044617 -146.550201 -437.075012
v -938.135071 -142.845993 -438.042999
v -921.629272 -159.710297 -423.639008
v -956.595215 -162.421997 -438.926514
v -938.135071 -142.845993 -438.042999
v -926.249512 -137.245102 -450.970490
v -952.905518 -87.665199 -415.894409
v -972.219788 -79.433800 -419.793488
v -955.593811 -71.403000 -412.453400
v -972.219788 -79.433800 -419.793488
v -952.905518 -87.665199 -415.894409
v -978.854797 -112.375504 -392.935699
v -903.427429 -97.580299 -445.687592
v -899.043274 -113.408401 -431.740814
v -904.372925 -89.932701 -424.351593
v -899.043274 -113.408401 -431.740814
v -893.933105 -113.175003 -399.989807
v -897.785217 -92.353500 -409.857788
v -943.034180 -90.762604 -460.528687
v -955.113770 -103.843597 -461.423004
v -922.430176 -102.475403 -467.223785
v -960.537903 -71.875900 -434.800903
v -955.113770 -103.843597 -461.423004
v -943.034180 -90.762604 -460.528687
v -910.353577 -115.365997 -458.231812
v -922.430176 -102.475403 -467.223785
v -926.416626 -121.449303 -465.960785
v -926.416626 -121.449303 -465.960785
v -926.249512 -137.245102 -450.970490
v -910.353577 -115.365997 -458.231812
v -930.437317 -118.803497 -365.395386
v -945.493225 -132.561005 -371.854614
v -944.573730 -108.347504 -375.927795
v -908.440308 -140.184692 -385.218292
v -931.225281 -137.728500 -374.103088
v -930.437317 -118.803497 -365.395386
v -910.957581 -89.942703 -453.035492
v -938.030212 -65.203499 -444.039307
v -922.430176 -102.475403 -467.223785
v -922.430176 -102.475403 -467.223785
v -910.353577 -115.365997 -458.231812
v -903.427429 -97.580299 -445.687592
v -956.595215 -162.421997 -438.926514
v -981.869690 -151.144104 -430.905609
v -944.074707 -162.292099 -424.971710
v -938.135071 -142.845993 -438.042999
v -956.595215 -162.421997 -438.926514
v -944.074707 -162.292099 -424.971710
v -997.231079 -125.523804 -425.902313
v -985.776489 -122.320999 -466.502808
v -987.905579 -112.843102 -446.903412
v -983.948914 -119.103500 -403.197906
v -997.231079 -125.523804 -425.902313
v -987.905579 -112.843102 -446.903412
v -893.933105 -113.175003 -399.989807
v -899.353821 -99.852303 -390.105011
v -897.785217 -92.353500 -409.857788
v -893.933105 -113.175003 -399.989807
v -895.566711 -142.822403 -407.778198
v -906.683105 -112.519501 -383.342804
v -915.044617 -146.550201 -437.075012
v -910.353577 -115.365997 -458.231812
v -926.249512 -137.245102 -450.970490
v -926.249512 -137.245102 -450.970490
v -938.135071 -142.845993 -438.042999
v -915.044617 -146.550201 -437.075012
v -923.053223 -66.208000 -410.585785
v -927.597778 -62.058102 -425.542297
v -910.957581 -89.942703 -453.035492
v -923.053223 -66.208000 -410.585785
v -939.175720 -66.068100 -411.436493
v -927.597778 -62.058102 -425.542297
v -972.219788 -79.433800 -419.793488
v -978.854797 -112.375504 -392.935699
v -983.948914 -119.103500 -403.197906
v -978.854797 -112.375504 -392.935699
v -973.964417 -140.899094 -396.782288
v -983.948914 -119.103500 -403.197906
v -959.096924 -122.761398 -381.311798
v -944.573730 -108.347504 -375.927795
v -945.493225 -132.561005 -371.854614
v -959.096924 -122.761398 -381.311798
v -978.854797 -112.375504 -392.935699
v -944.573730 -108.347504 -375.927795
v -981.869690 -151.144104 -430.905609
v -972.324707 -135.994904 -464.310608
v -985.776489 -122.320999 -466.502808
v -958.508728 -130.134003 -473.444000
v -985.776489 -122.320999 -466.502808
v -972.324707 -135.994904 -464.310608
v -982.727783 -152.885895 -421.265015
v -944.074707 -162.292099 -424.971710
v -981.869690 -151.144104 -430.905609
v -982.727783 -152.885895 -421.265015
v -981.869690 -151.144104 -430.905609
v -997.231079 -125.523804 -425.902313
v -973.484009 -94.013802 -443.002289
v -969.015015 -113.505096 -471.123108
v -955.113770 -103.843597 -461.423004
v -955.113770 -103.843597 -461.423004
v -969.015015 -113.505096 -471.123108
v -940.437012 -134.163300 -462.865997
v -955.593811 -71.403000 -412.453400
v -939.175720 -66.068100 -411.436493
v -952.905518 -87.665199 -415.894409
v -939.175720 -66.068100 -411.436493
v -955.593811 -71.403000 -412.453400
v -927.597778 -62.058102 -425.542297
v -926.416626 -121.449303 -465.960785
v -940.437012 -134.163300 -462.865997
v -926.249512 -137.245102 -450.970490
v -926.416626 -121.449303 -465.960785
v -955.113770 -103.843597 -461.423004
v -940.437012 -134.163300 -462.865997
v -927.597778 -62.058102 -425.542297
v -960.537903 -71.875900 -434.800903
v -938.030212 -65.203499 -444.039307
v -938.030212 -65.203499 -444.039307
v -960.537903 -71.875900 -434.800903
v -943.034180 -90.762604 -460.528687
v -945.493225 -132.561005 -371.854614
v -930.437317 -118.803497 -365.395386
v -931.225281 -137.728500 -374.103088
v -931.225281 -137.728500 -374.103088
v -965.672974 -150.574295 -395.395508
v -945.493225 -132.561005 -371.854614
v -903.427429 -97.580299 -445.687592
v -910.957581 -89.942703 -453.035492
v -922.430176 -102.475403 -467.223785
v -904.372925 -89.932701 -424.351593
v -910.957581 -89.942703 -453.035492
v -903.427429 -97.580299 -445.687592
v -899.043274 -113.408401 -431.740814
v -897.785217 -92.353500 -409.857788
v -904.372925 -89.932701 -424.351593
v -904.372925 -89.932701 -424.351593
v -897.785217 -92.353500 -409.857788
v -923.053223 -66.208000 -410.585785
v -922.052124 -92.188599 -377.483612
v -921.935791 -88.562897 -390.137299
v -899.353821 -99.852303 -390.105011
v -921.935791 -88.562897 -390.137299
v -922.052124 -92.188599 -377.483612
v -944.573730 -108.347504 -375.927795
v -906.683105 -112.519501 -383.342804
v -899.353821 -99.852303 -390.105011
v -893.933105 -113.175003 -399.989807
v -906.683105 -112.519501 -383.342804
v -922.052124 -92.188599 -377.483612
v -899.353821 -99.852303 -390.105011
v -921.629272 -159.710297 -423.639008
v -938.135071 -142.845993 -438.042999
v -944.074707 -162.292099 -424.971710
v -935.221130 -154.868301 -396.549194
v -921.629272 -159.710297 -423.639008
v -944.074707 -162.292099 -424.971710
v -945.493225 -132.561005 -371.854614
v -965.672974 -150.574295 -395.395508
v -973.964417 -140.899094 -396.782288
v -965.672974 -150.574295 -395.395508
v -982.727783 -152.885895 -421.265015
v -973.964417 -140.899094 -396.782288
v -926.249512 -137.245102 -450.970490
v -940.437012 -134.163300 -462.865997
v -956.595215 -162.421997 -438.926514
v -806.273376 -214.380295 209.167603
v -779.917480 -191.090195 204.716599
v -819.395996 -192.238907 212.684494
v -762.424011 -147.176498 246.143402
v -793.248413 -146.588196 263.496002
v -792.024475 -129.923996 252.638794
v -826.238892 -133.356995 201.338699
v -844.955627 -125.608299 221.575607
v -839.129272 -154.004395 196.498093
v -850.021973 -188.472000 228.384094
v -835.841370 -210.195602 221.176102
v -838.630188 -197.716202 205.197998
v -858.458923 -176.534195 259.640594
v -849.503601 -162.823700 270.781311
v -828.403809 -159.739899 270.878510
v -779.917480 -191.090195 204.716599
v -791.687988 -216.798798 215.655396
v -767.840881 -195.785004 233.328506
v -767.840881 -195.785004 233.328506
v -759.492310 -184.057907 217.783798
v -779.917480 -191.090195 204.716599
v -791.377197 -126.446800 222.150604
v -762.424011 -147.176498 246.143402
v -792.024475 -129.923996 252.638794
v -870.573792 -164.217407 250.610596
v -861.250122 -150.459595 211.704697
v -848.854675 -129.503006 229.720505
v -828.403809 -159.739899 270.878510
v -849.503601 -162.823700 270.781311
v -829.878418 -124.670898 250.860107
v -762.424011 -147.176498 246.143402
v -778.280884 -180.029602 257.130188
v -793.248413 -146.588196 263.496002
v -842.115112 -186.098495 254.940903
v -818.168030 -175.012405 276.335114
v -816.194214 -194.208298 274.073914
v -820.757080 -222.419296 237.285294
v -800.000183 -205.156204 263.686310
v -802.974670 -223.235901 225.285904
v -838.630188 -197.716202 205.197998
v -835.841370 -210.195602 221.176102
v -820.928772 -206.682205 204.166000
v -826.238892 -133.356995 201.338699
v -830.118713 -159.131805 188.188904
v -806.728271 -149.995804 189.856903
v -762.109680 -169.177002 212.161102
v -774.182373 -155.241898 187.955399
v -773.845886 -184.861496 194.836502
v -792.116272 -165.164398 187.838593
v -830.118713 -159.131805 188.188904
v -819.395996 -192.238907 212.684494
v -850.021973 -188.472000 228.384094
v -838.630188 -197.716202 205.197998
v -863.625000 -168.755295 230.371597
v -762.424011 -147.176498 246.143402
v -758.754883 -174.291107 232.228500
v -778.280884 -180.029602 257.130188
v -762.109680 -169.177002 212.161102
v -763.183228 -142.675797 220.437302
v -774.182373 -155.241898 187.955399
v -791.377197 -126.446800 222.150604
v -778.070923 -138.780396 200.141602
v -763.183228 -142.675797 220.437302
v -789.804688 -140.845200 190.477707
v -826.238892 -133.356995 201.338699
v -806.728271 -149.995804 189.856903
v -831.713501 -200.536301 256.028198
v -816.194214 -194.208298 274.073914
v -820.757080 -222.419296 237.285294
v -850.021973 -188.472000 228.384094
v -842.115112 -186.098495 254.940903
v -835.841370 -210.195602 221.176102
v -849.503601 -162.823700 270.781311
v -848.854675 -129.503006 229.720505
v -829.878418 -124.670898 250.860107
v -812.263977 -123.918701 244.481796
v -844.955627 -125.608299 221.575607
v -817.816284 -125.160797 206.453201
v -789.522217 -197.508102 262.822296
v -800.681580 -181.926102 275.245087
v -778.280884 -180.029602 257.130188
v -800.000183 -205.156204 263.686310
v -780.619812 -200.113098 242.120407
v -791.687988 -216.798798 215.655396
v -838.630188 -197.716202 205.197998
v -839.129272 -154.004395 196.498093
v -863.625000 -168.755295 230.371597
v -861.250122 -150.459595 211.704697
v -839.129272 -154.004395 196.498093
v -844.955627 -125.608299 221.575607
v -778.280884 -180.029602 257.130188
v -800.681580 -181.926102 275.245087
v -793.248413 -146.588196 263.496002
v -857.035522 -152.878006 258.411713
v -848.854675 -129.503006 229.720505
v -849.503601 -162.823700 270.781311
v -858.458923 -176.534195 259.640594
v -870.573792 -164.217407 250.610596
v -849.503601 -162.823700 270.781311
v -774.182373 -155.241898 187.955399
v -792.116272 -165.164398 187.838593
v -773.845886 -184.861496 194.836502
v -819.395996 -192.238907 212.684494
v -779.917480 -191.090195 204.716599
v -792.116272 -165.164398 187.838593
v -791.687988 -216.798798 215.655396
v -779.917480 -191.090195 204.716599
v -806.273376 -214.380295 209.167603
v -820.928772 -206.682205 204.166000
v -835.841370 -210.195602 221.176102
v -802.974670 -223.235901 225.285904
v -791.377197 -126.446800 222.150604
v -817.816284 -125.160797 206.453201
v -778.070923 -138.780396 200.141602
v -817.816284 -125.160797 206.453201
v -791.377197 -126.446800 222.150604
v -812.263977 -123.918701 244.481796
v -870.573792 -164.217407 250.610596
v -858.458923 -176.534195 259.640594
v -850.021973 -188.472000 228.384094
v -863.625000 -168.755295 230.371597
v -870.573792 -164.217407 250.610596
v -850.021973 -188.472000 228.384094
v -763.183228 -142.675797 220.437302
v -762.424011 -147.176498 246.143402
v -791.377197 -126.446800 222.150604
v -762.424011 -147.176498 246.143402
v -763.183228 -142.675797 220.437302
v -762.109680 -169.177002 212.161102
v -793.248413 -146.588196 263.496002
v -814.191284 -146.440506 253.046097
v -792.024475 -129.923996 252.638794
v -829.878418 -124.670898 250.860107
v -814.191284 -146.440506 253.046097
v -810.141602 -156.624802 267.866211
v -819.395996 -192.238907 212.684494
v -838.630188 -197.716202 205.197998
v -820.928772 -206.682205 204.166000
v -838.630188 -197.716202 205.197998
v -819.395996 -192.238907 212.684494
v -830.118713 -159.131805 188.188904
v -789.522217 -197.508102 262.822296
v -778.280884 -180.029602 257.130188
v -780.619812 -200.113098 242.120407
v -778.280884 -180.029602 257.130188
v -758.754883 -174.291107 232.228500
v -767.840881 -195.785004 233.328506
v -831.713501 -200.536301 256.028198
v -842.115112 -186.098495 254.940903
v -816.194214 -194.208298 274.073914
v -835.841370 -210.195602 221.176102
v -842.115112 -186.098495 254.940903
v -831.713501 -200.536301 256.028198
v -800.681580 -181.926102 275.245087
v -816.194214 -194.208298 274.073914
v -818.168030 -175.012405 276.335114
v -818.168030 -175.012405 276.335114
v -810.141602 -156.624802 267.866211
v -800.681580 -181.926102 275.245087
v -774.182373 -155.241898 187.955399
v -789.804688 -140.845200 190.477707
v -792.116272 -165.164398 187.838593
v -763.183228 -142.675797 220.437302
v -778.070923 -138.780396 200.141602
v -774.182373 -155.241898 187.955399
v -800.000183 -205.156204 263.686310
v -820.757080 -222.419296 237.285294
v -816.194214 -194.208298 274.073914
v -816.194214 -194.208298 274.073914
v -800.681580 -181.926102 275.245087
v -789.522217 -197.508102 262.822296
v -829.878418 -124.670898 250.860107
v -848.854675 -129.503006 229.720505
v -812.263977 -123.918701 244.481796
v -814.191284 -146.440506 253.046097
v -829.878418 -124.670898 250.860107
v -812.263977 -123.918701 244.481796
v -861.250122 -150.459595 211.704697
v -870.573792 -164.217407 250.610596
v -863.625000 -168.755295 230.371597
v -839.129272 -154.004395 196.498093
v -861.250122 -150.459595 211.704697
v -863.625000 -168.755295 230.371597
v -758.754883 -174.291107 232.228500
v -759.492310 -184.057907 217.783798
v -767.840881 -195.785004 233.328506
v -758.754883 -174.291107 232.228500
v -762.424011 -147.176498 246.143402
v -762.109680 -169.177002 212.161102
v -793.248413 -146.588196 263.496002
v -800.681580 -181.926102 275.245087
v -810.141602 -156.624802 267.866211
v -810.141602 -156.624802 267.866211
v -814.191284 -146.440506 253.046097
v -793.248413 -146.588196 263.496002
v -791.687988 -216.798798 215.655396
v -802.974670 -223.235901 225.285904
v -800.000183 -205.156204 263.686310
v -791.687988 -216.798798 215.655396
v -806.273376 -214.380295 209.167603
v -802.974670 -223.235901 225.285904
v -838.630188 -197.716202 205.197998
v -830.118713 -159.131805 188.188904
v -839.129272 -154.004395 196.498093
v -830.118713 -159.131805 188.188904
v -826.238892 -133.356995 201.338699
v -839.129272 -154.004395 196.498093
v -806.728271 -149.995804 189.856903
v -792.116272 -165.164398 187.838593
v -789.804688 -140.845200 190.477707
v -806.728271 -149.995804 189.856903
v -830.118713 -159.131805 188.188904
v -792.116272 -165.164398 187.838593
v -848.854675 -129.503006 229.720505
v -857.035522 -152.878006 258.411713
v -870.573792 -164.217407 250.610596
v -849.503601 -162.823700 270.781311
v -870.573792 -164.217407 250.610596
v -857.035522 -152.878006 258.411713
v -844.955627 -125.608299 221.575607
v -812.263977 -123.918701 244.481796
v -848.854675 -129.503006 229.720505
v -844.955627 -125.608299 221.575607
v -848.854675 -129.503006 229.720505
v -861.250122 -150.459595 211.704697
v -850.021973 -188.472000 228.384094
v -858.458923 -176.534195 259.640594
v -842.115112 -186.098495 254.940903
v -842.115112 -186.098495 254.940903
v -858.458923 -176.534195 259.640594
v -828.403809 -159.739899 270.878510
v -820.928772 -206.682205 204.166000
v -806.273376 -214.380295 209.167603
v -819.395996 -192.238907 212.684494
v -806.273376 -214.380295 209.167603
v -820.928772 -206.682205 204.166000
v -802.974670 -223.235901 225.285904
v -818.168030 -175.012405 276.335114
v -828.403809 -159.739899 270.878510
v -810.141602 -156.624802 267.866211
v -818.168030 -175.012405 276.335114
v -842.115112 -186.098495 254.940903
v -828.403809 -159.739899 270.878510
v -802.974670 -223.235901 225.285904
v -835.841370 -210.195602 221.176102
v -820.757080 -222.419296 237.285294
v -820.757080 -222.419296 237.285294
v -835.841370 -210.195602 221.176102
v -831.713501 -200.536301 256.028198
v -789.804688 -140.845200 190.477707
v -774.182373 -155.241898 187.955399
v -778.070923 -138.780396 200.141602
v -778.070923 -138.780396 200.141602
v -817.816284 -125.160797 206.453201
v -789.804688 -140.845200 190.477707
v -789.522217 -197.508102 262.822296
v -800.000183 -205.156204 263.686310
v -816.194214 -194.208298 274.073914
v -780.619812 -200.113098 242.120407
v -800.000183 -205.156204 263.686310
v -789.522217 -197.508102 262.822296
v -778.280884 -180.029602 257.130188
v -767.840881 -195.785004 233.328506
v -780.619812 -200.113098 242.120407
v -780.619812 -200.113098 242.120407
v -767.840881 -195.785004 233.328506
v -791.687988 -216.798798 215.655396
v -773.845886 -184.861496 194.836502
v -779.917480 -191.090195 204.716599
v -759.492310 -184.057907 217.783798
v -779.917480 -191.090195 204.716599
v -773.845886 -184.861496 194.836502
v -792.116272 -165.164398 187.838593
v -762.109680 -169.177002 212.161102
v -759.492310 -184.057907 217.783798
v -758.754883 -174.291107 232.228500
v -762.109680 -169.177002 212.161102
v -773.845886 -184.861496 194.836502
v -759.492310 -184.057907 217.783798
v -792.024475 -129.923996 252.638794
v -814.191284 -146.440506 253.046097
v -812.263977 -123.918701 244.481796
v -791.377197 -126.446800 222.150604
v -792.024475 -129.923996 252.638794
v -812.263977 -123.918701 244.481796
v -789.804688 -140.845200 190.477707
v -817.816284 -125.160797 206.453201
v -826.238892 -133.356995 201.338699
v -817.816284 -125.160797 206.453201
v -844.955627 -125.608299 221.575607
v -826.238892 -133.356995 201.338699
v -810.141602 -156.624802 267.866211
v -828.403809 -159.739899 270.878510
v -829.878418 -124.670898 250.860107
v -736.119873 -576.050903 399.063812
v -717.681396 -584.072388 409.617798
v -726.139404 -578.268372 385.935394
v -680.658020 -568.416382 407.352509
v -684.211914 -557.450317 387.842102
v -676.747314 -567.506775 385.379211
v -697.040527 -597.228394 368.954102
v -693.124512 -586.227173 354.810211
v -712.642700 -595.635681 366.357086
v -728.194580 -568.966614 365.908997
v -738.424377 -569.091370 379.793915
v -735.280518 -581.306824 376.224091
v -717.287781 -552.351929 356.237488
v -705.253906 -548.615784 357.715607
v -698.481812 -549.591675 369.537811
v -717.681396 -584.072388 409.617798
v -732.708618 -571.892395 407.897095
v -711.734924 -565.993103 416.141693
v -711.734924 -565.993103 416.141693
v -706.273621 -577.998474 419.338806
v -717.681396 -584.072388 409.617798
v -680.719788 -586.708374 386.812714
v -680.658020 -568.416382 407.352509
v -676.747314 -567.506775 385.379211
v -715.071777 -560.150330 346.740204
v -712.895020 -586.745728 351.467010
v -694.612183 -580.412598 352.897705
v -698.481812 -549.591675 369.537811
v -705.253906 -548.615784 357.715607
v -683.173828 -568.965271 361.775391
v -680.658020 -568.416382 407.352509
v -700.651672 -554.648682 404.850800
v -684.211914 -557.450317 387.842102
v -719.690430 -553.520508 368.446503
v -703.513428 -543.309570 378.818207
v -714.248718 -540.733887 384.563599
v -738.470886 -557.079773 390.604492
v -718.595276 -545.057983 397.348785
v -737.084412 -564.512085 402.091095
v -735.280518 -581.306824 376.224091
v -738.424377 -569.091370 379.793915
v -736.293823 -580.403198 388.878906
v -697.040527 -597.228394 368.954102
v -715.025024 -599.773987 373.402008
v -704.003723 -601.096924 385.091614
v -699.680115 -584.442505 414.686707
v -699.570679 -601.769775 405.762604
v -714.714417 -591.462891 412.387695
v -709.424377 -599.446228 397.403198
v -715.025024 -599.773987 373.402008
v -726.139404 -578.268372 385.935394
v -728.194580 -568.966614 365.908997
v -735.280518 -581.306824 376.224091
v -719.991699 -571.598389 353.148193
v -680.658020 -568.416382 407.352509
v -697.747925 -571.288574 416.643005
v -700.651672 -554.648682 404.850800
v -699.680115 -584.442505 414.686707
v -683.439087 -584.906982 407.423187
v -699.570679 -601.769775 405.762604
v -680.719788 -586.708374 386.812714
v -688.846130 -597.730408 398.907898
v -683.439087 -584.906982 407.423187
v -694.722778 -602.935913 392.998291
v -697.040527 -597.228394 368.954102
v -704.003723 -601.096924 385.091614
v -725.085388 -550.061401 377.898193
v -714.248718 -540.733887 384.563599
v -738.470886 -557.079773 390.604492
v -728.194580 -568.966614 365.908997
v -719.690430 -553.520508 368.446503
v -738.424377 -569.091370 379.793915
v -705.253906 -548.615784 357.715607
v -694.612183 -580.412598 352.897705
v -683.173828 -568.965271 361.775391
v -679.828308 -573.314880 372.458008
v -693.124512 -586.227173 354.810211
v -689.423523 -595.988586 371.755615
v -711.987122 -547.364075 401.861908
v -703.439819 -542.862976 390.874603
v -700.651672 -554.648682 404.850800
v -718.595276 -545.057983 397.348785
v -715.451172 -559.530396 409.012512
v -732.708618 -571.892395 407.897095
v -735.280518 -581.306824 376.224091
v -712.642700 -595.635681 366.357086
v -719.991699 -571.598389 353.148193
v -712.895020 -586.745728 351.467010
v -712.642700 -595.635681 366.357086
v -693.124512 -586.227173 354.810211
v -700.651672 -554.648682 404.850800
v -703.439819 -542.862976 390.874603
v -684.211914 -557.450317 387.842102
v -703.940125 -558.030823 351.692810
v -694.612183 -580.412598 352.897705
v -705.253906 -548.615784 357.715607
v -717.287781 -552.351929 356.237488
v -715.071777 -560.150330 346.740204
v -705.253906 -548.615784 357.715607
v -699.570679 -601.769775 405.762604
v -709.424377 -599.446228 397.403198
v -714.714417 -591.462891 412.387695
v -726.139404 -578.268372 385.935394
v -717.681396 -584.072388 409.617798
v -709.424377 -599.446228 397.403198
v -732.708618 -571.892395 407.897095
v -717.681396 -584.072388 409.617798
v -736.119873 -576.050903 399.063812
v -736.293823 -580.403198 388.878906
v -738.424377 -569.091370 379.793915
v -737.084412 -564.512085 402.091095
v -680.719788 -586.708374 386.812714
v -689.423523 -595.988586 371.755615
v -688.846130 -597.730408 398.907898
v -689.423523 -595.988586 371.755615
v -680.719788 -586.708374 386.812714
v -679.828308 -573.314880 372.458008
v -715.071777 -560.150330 346.740204
v -717.287781 -552.351929 356.237488
v -728.194580 -568.966614 365.908997
v -719.991699 -571.598389 353.148193
v -715.071777 -560.150330 346.740204
v -728.194580 -568.966614 365.908997
v -683.439087 -584.906982 407.423187
v -680.658020 -568.416382 407.352509
v -680.719788 -586.708374 386.812714
v -680.658020 -568.416382 407.352509
v -683.439087 -584.906982 407.423187
v -699.680115 -584.442505 414.686707
v -684.211914 -557.450317 387.842102
v -691.198914 -563.418579 375.995605
v -676.747314 -567.506775 385.379211
v -683.173828 -568.965271 361.775391
v -691.198914 -563.418579 375.995605
v -692.987488 -552.404602 379.854889
v -726.139404 -578.268372 385.935394
v -735.280518 -581.306824 376.224091
v -736.293823 -580.403198 388.878906
v -735.280518 -581.306824 376.224091
v -726.139404 -578.268372 385.935394
v -715.025024 -599.773987 373.402008
v -711.987122 -547.364075 401.861908
v -700.651672 -554.648682 404.850800
v -715.451172 -559.530396 409.012512
v -700.651672 -554.648682 404.850800
v -697.747925 -571.288574 416.643005
v -711.734924 -565.993103 416.141693
v -725.085388 -550.061401 377.898193
v -719.690430 -553.520508 368.446503
v -714.248718 -540.733887 384.563599
v -738.424377 -569.091370 379.793915
v -719.690430 -553.520508 368.446503
v -725.085388 -550.061401 377.898193
v -703.439819 -542.862976 390.874603
v -714.248718 -540.733887 384.563599
v -703.513428 -543.309570 378.818207
v -703.513428 -543.309570 378.818207
v -692.987488 -552.404602 379.854889
v -703.439819 -542.862976 390.874603
v -699.570679 -601.769775 405.762604
v -694.722778 -602.935913 392.998291
v -709.424377 -599.446228 397.403198
v -683.439087 -584.906982 407.423187
v -688.846130 -597.730408 398.907898
v -699.570679 -601.769775 405.762604
v -718.595276 -545.057983 397.348785
v -738.470886 -557.079773 390.604492
v -714.248718 -540.733887 384.563599
v -714.248718 -540.733887 384.563599
v -703.439819 -542.862976 390.874603
v -711.987122 -547.364075 401.861908
v -683.173828 -568.965271 361.775391
v -694.612183 -580.412598 352.897705
v -679.828308 -573.314880 372.458008
v -691.198914 -563.418579 375.995605
v -683.173828 -568.965271 361.775391
v -679.828308 -573.314880 372.458008
v -712.895020 -586.745728 351.467010
v -715.071777 -560.150330 346.740204
v -719.991699 -571.598389 353.148193
v -712.642700 -595.635681 366.357086
v -712.895020 -586.745728 351.467010
v -719.991699 -571.598389 353.148193
v -697.747925 -571.288574 416.643005
v -706.273621 -577.998474 419.338806
v -711.734924 -565.993103 416.141693
v -697.747925 -571.288574 416.643005
v -680.658020 -568.416382 407.352509
v -699.680115 -584.442505 414.686707
v -684.211914 -557.450317 387.842102
v -703.439819 -542.862976 390.874603
v -692.987488 -552.404602 379.854889
v -692.987488 -552.404602 379.854889
v -691.198914 -563.418579 375.995605
v -684.211914 -557.450317 387.842102
v -732.708618 -571.892395 407.897095
v -737.084412 -564.512085 402.091095
v -718.595276 -545.057983 397.348785
v -732.708618 -571.892395 407.897095
v -736.119873 -576.050903 399.063812
v -737.084412 -564.512085 402.091095
v -735.280518 -581.306824 376.224091
v -715.025024 -599.773987 373.402008
v -712.642700 -595.635681 366.357086
v -715.025024 -599.773987 373.402008
v -697.040527 -597.228394 368.954102
v -712.642700 -595.635681 366.357086
v -704.003723 -601.096924 385.091614
v -709.424377 -599.446228 397.403198
v -694.722778 -602.935913 392.998291
v -704.003723 -601.096924 385.091614
v -715.025024 -599.773987 373.402008
v -709.424377 -599.446228 397.403198
v -694.612183 -580.412598 352.897705
v -703.940125 -558.030823 351.692810
v -715.071777 -560.150330 346.740204
v -705.253906 -548.615784 357.715607
v -715.071777 -560.150330 346.740204
v -703.940125 -558.030823 351.692810
v -693.124512 -586.227173 354.810211
v -679.828308 -573.314880 372.458008
v -694.612183 -580.412598 352.897705
v -693.124512 -586.227173 354.810211
v -694.612183 -580.412598 352.897705
v -712.895020 -586.745728 351.467010
v -728.194580 -568.966614 365.908997
v -717.287781 -552.351929 356.237488
v -719.690430 -553.520508 368.446503
v -719.690430 -553.520508 368.446503
v -717.287781 -552.351929 356.237488
v -698.481812 -549.591675 369.537811
v -736.293823 -580.403198 388.878906
v -736.119873 -576.050903 399.063812
v -726.139404 -578.268372 385.935394
v -736.119873 -576.050903 399.063812
v -736.293823 -580.403198 388.878906
v -737.084412 -564.512085 402.091095
v -703.513428 -543.309570 378.818207
v -698.481812 -549.591675 369.537811
v -692.987488 -552.404602 379.854889
v -703.513428 -543.309570 378.818207
v -719.690430 -553.520508 368.446503
v -698.481812 -549.591675 369.537811
v -737.084412 -564.512085 402.091095
v -738.424377 -569.091370 379.793915
v -738.470886 -557.079773 390.604492
v -738.470886 -557.079773 390.604492
v -738.424377 -569.091370 379.793915
v -725.085388 -550.061401 377.898193
v -694.722778 -602.935913 392.998291
v -699.570679 -601.769775 405.762604
v -688.846130 -597.730408 398.907898
v -688.846130 -597.730408 398.907898
v -689.423523 -595.988586 371.755615
v -694.722778 -602.935913 392.998291
v -711.987122 -547.364075 401.861908
v -718.595276 -545.057983 397.348785
v -714.248718 -540.733887 384.563599
v -715.451172 -559.530396 409.012512
v -718.595276 -545.057983 397.348785
v -711.987122 -547.364075 401.861908
v -700.651672 -554.648682 404.850800
v -711.734924 -565.993103 416.141693
v -715.451172 -559.530396 409.012512
v -715.451172 -559.530396 409.012512
v -711.734924 -565.993103 416.141693
v -732.708618 -571.892395 407.897095
v -714.714417 -591.462891 412.387695
v -717.681396 -584.072388 409.617798
v -706.273621 -577.998474 419.338806
v -717.681396 -584.072388 409.617798
v -714.714417 -591.462891 412.387695
v -709.424377 -599.446228 397.403198
v -699.680115 -584.442505 414.686707
v -706.273621 -577.998474 419.338806
v -697.747925 -571.288574 416.643005
v -699.680115 -584.442505 414.686707
v -714.714417 -591.462891 412.387695
v -706.273621 -577.998474 419.338806
v -676.747314 -567.506775 385.379211
v -691.198914 -563.418579 375.995605
v -679.828308 -573.314880 372.458008
v -680.719788 -586.708374 386.812714
v -676.747314 -567.506775 385.379211
v -679.828308 -573.314880 372.458008
v -694.722778 -602.935913 392.998291
v -689.423523 -595.988586 371.755615
v -697.040527 -597.228394 368.954102
v -689.423523 -595.988586 371.755615
v -693.124512 -586.227173 354.810211
v -697.040527 -597.228394 368.954102
v -692.987488 -552.404602 379.854889
v -698.481812 -549.591675 369.537811
v -683.173828 -568.965271 361.775391
v -1154.776489 1061.525879 151.755997
v -1156.671997 1066.640869 173.800400
v -1155.866821 1046.178467 158.093094
v -1132.564819 1053.296875 203.156204
v -1125.097046 1035.235840 191.685394
v -1133.164062 1031.106079 200.673798
v -1168.677246 1022.276123 185.646194
v -1158.697388 1007.212219 182.500702
v -1171.359009 1024.200806 170.095596
v -1149.679810 1027.255005 148.324493
v -1150.819702 1043.483154 142.597305
v -1162.171997 1039.609741 147.885300
v -1132.045654 1014.265991 151.301697
v -1125.262817 1012.097900 161.801804
v -1123.176392 1021.512085 171.476105
v -1156.671997 1066.640869 173.800400
v -1148.932983 1068.854004 156.127304
v -1137.066284 1070.524902 176.103806
v -1137.066284 1070.524902 176.103806
v -1146.877441 1072.458984 185.278397
v -1156.671997 1066.640869 173.800400
v -1152.463013 1034.316162 202.619904
v -1132.564819 1053.296875 203.156204
v -1133.164062 1031.106079 200.673798
v -1140.047729 1004.822510 152.949097
v -1164.540527 1009.693298 163.473801
v -1153.695068 1005.595581 179.029999
v -1123.176392 1021.512085 171.476105
v -1125.262817 1012.097900 161.801804
v -1138.821045 1010.401489 188.846405
v -1132.564819 1053.296875 203.156204
v -1124.635376 1056.126953 180.250397
v -1125.097046 1035.235840 191.685394
v -1132.408081 1026.685669 152.649506
v -1117.364258 1031.609741 167.581497
v -1116.944702 1040.091797 158.483597
v -1138.074707 1053.408936 142.156296
v -1120.765381 1053.734863 159.048203
v -1143.587158 1064.279907 148.523300
v -1162.171997 1039.609741 147.885300
v -1150.819702 1043.483154 142.597305
v -1160.143188 1051.982910 150.070999
v -1168.677246 1022.276123 185.646194
v -1175.148926 1031.778687 170.897293
v -1172.342529 1039.861816 184.559799
v -1151.934937 1066.351196 191.893494
v -1169.563843 1058.406982 194.344604
v -1162.721802 1068.712036 179.296600
v -1170.742065 1053.141479 182.375504
v -1175.148926 1031.778687 170.897293
v -1155.866821 1046.178467 158.093094
v -1149.679810 1027.255005 148.324493
v -1162.171997 1039.609741 147.885300
v -1151.574219 1012.783875 153.229004
v -1132.564819 1053.296875 203.156204
v -1138.584473 1067.191528 190.612793
v -1124.635376 1056.126953 180.250397
v -1151.934937 1066.351196 191.893494
v -1149.110474 1054.761963 205.101593
v -1169.563843 1058.406982 194.344604
v -1152.463013 1034.316162 202.619904
v -1163.750366 1048.625244 201.333298
v -1149.110474 1054.761963 205.101593
v -1170.893311 1044.840210 195.746796
v -1168.677246 1022.276123 185.646194
v -1172.342529 1039.861816 184.559799
v -1129.382202 1037.154053 149.234497
v -1116.944702 1040.091797 158.483597
v -1138.074707 1053.408936 142.156296
v -1149.679810 1027.255005 148.324493
v -1132.408081 1026.685669 152.649506
v -1150.819702 1043.483154 142.597305
v -1125.262817 1012.097900 161.801804
v -1153.695068 1005.595581 179.029999
v -1138.821045 1010.401489 188.846405
v -1140.967163 1019.829285 195.969498
v -1158.697388 1007.212219 182.500702
v -1165.256592 1022.731323 193.095901
v -1120.816528 1056.246948 166.988007
v -1115.568359 1043.115356 170.737503
v -1124.635376 1056.126953 180.250397
v -1120.765381 1053.734863 159.048203
v -1132.584595 1064.528564 169.007401
v -1148.932983 1068.854004 156.127304
v -1162.171997 1039.609741 147.885300
v -1171.359009 1024.200806 170.095596
v -1151.574219 1012.783875 153.229004
v -1164.540527 1009.693298 163.473801
v -1171.359009 1024.200806 170.095596
v -1158.697388 1007.212219 182.500702
v -1124.635376 1056.126953 180.250397
v -1115.568359 1043.115356 170.737503
v -1125.097046 1035.235840 191.685394
v -1134.657227 1006.298279 163.980896
v -1153.695068 1005.595581 179.029999
v -1125.262817 1012.097900 161.801804
v -1132.045654 1014.265991 151.301697
v -1140.047729 1004.822510 152.949097
v -1125.262817 1012.097900 161.801804
v -1169.563843 1058.406982 194.344604
v -1170.742065 1053.141479 182.375504
v -1162.721802 1068.712036 179.296600
v -1155.866821 1046.178467 158.093094
v -1156.671997 1066.640869 173.800400
v -1170.742065 1053.141479 182.375504
v -1148.932983 1068.854004 156.127304
v -1156.671997 1066.640869 173.800400
v -1154.776489 1061.525879 151.755997
v -1160.143188 1051.982910 150.070999
v -1150.819702 1043.483154 142.597305
v -1143.587158 1064.279907 148.523300
v -1152.463013 1034.316162 202.619904
v -1165.256592 1022.731323 193.095901
v -1163.750366 1048.625244 201.333298
v -1165.256592 1022.731323 193.095901
v -1152.463013 1034.316162 202.619904
v -1140.967163 1019.829285 195.969498
v -1140.047729 1004.822510 152.949097
v -1132.045654 1014.265991 151.301697
v -1149.679810 1027.255005 148.324493
v -1151.574219 1012.783875 153.229004
v -1140.047729 1004.822510 152.949097
v -1149.679810 1027.255005 148.324493
v -1149.110474 1054.761963 205.101593
v -1132.564819 1053.296875 203.156204
v -1152.463013 1034.316162 202.619904
v -1132.564819 1053.296875 203.156204
v -1149.110474 1054.761963 205.101593
v -1151.934937 1066.351196 191.893494
v -1125.097046 1035.235840 191.685394
v -1133.916382 1026.112671 183.699799
v -1133.164062 1031.106079 200.673798
v -1138.821045 1010.401489 188.846405
v -1133.916382 1026.112671 183.699799
v -1123.345581 1029.918701 180.069595
v -1155.866821 1046.178467 158.093094
v -1162.171997 1039.609741 147.885300
v -1160.143188 1051.982910 150.070999
v -1162.171997 1039.609741 147.885300
v -1155.866821 1046.178467 158.093094
v -1175.148926 1031.778687 170.897293
v -1120.816528 1056.246948 166.988007
v -1124.635376 1056.126953 180.250397
v -1132.584595 1064.528564 169.007401
v -1124.635376 1056.126953 180.250397
v -1138.584473 1067.191528 190.612793
v -1137.066284 1070.524902 176.103806
v -1129.382202 1037.154053 149.234497
v -1132.408081 1026.685669 152.649506
v -1116.944702 1040.091797 158.483597
v -1150.819702 1043.483154 142.597305
v -1132.408081 1026.685669 152.649506
v -1129.382202 1037.154053 149.234497
v -1115.568359 1043.115356 170.737503
v -1116.944702 1040.091797 158.483597
v -1117.364258 1031.609741 167.581497
v -1117.364258 1031.609741 167.581497
v -1123.345581 1029.918701 180.069595
v -1115.568359 1043.115356 170.737503
v -1169.563843 1058.406982 194.344604
v -1170.893311 1044.840210 195.746796
v -1170.742065 1053.141479 182.375504
v -1149.110474 1054.761963 205.101593
v -1163.750366 1048.625244 201.333298
v -1169.563843 1058.406982 194.344604
v -1120.765381 1053.734863 159.048203
v -1138.074707 1053.408936 142.156296
v -1116.944702 1040.091797 158.483597
v -1116.944702 1040.091797 158.483597
v -1115.568359 1043.115356 170.737503
v -1120.816528 1056.246948 166.988007
v -1138.821045 1010.401489 188.846405
v -1153.695068 1005.595581 179.029999
v -1140.967163 1019.829285 195.969498
v -1133.916382 1026.112671 183.699799
v -1138.821045 1010.401489 188.846405
v -1140.967163 1019.829285 195.969498
v -1164.540527 1009.693298 163.473801
v -1140.047729 1004.822510 152.949097
v -1151.574219 1012.783875 153.229004
v -1171.359009 1024.200806 170.095596
v -1164.540527 1009.693298 163.473801
v -1151.574219 1012.783875 153.229004
v -1138.584473 1067.191528 190.612793
v -1146.877441 1072.458984 185.278397
v -1137.066284 1070.524902 176.103806
v -1138.584473 1067.191528 190.612793
v -1132.564819 1053.296875 203.156204
v -1151.934937 1066.351196 191.893494
v -1125.097046 1035.235840 191.685394
v -1115.568359 1043.115356 170.737503
v -1123.345581 1029.918701 180.069595
v -1123.345581 1029.918701 180.069595
v -1133.916382 1026.112671 183.699799
v -1125.097046 1035.235840 191.685394
v -1148.932983 1068.854004 156.127304
v -1143.587158 1064.279907 148.523300
v -1120.765381 1053.734863 159.048203
v -1148.932983 1068.854004 156.127304
v -1154.776489 1061.525879 151.755997
v -1143.587158 1064.279907 148.523300
v -1162.171997 1039.609741 147.885300
v -1175.148926 1031.778687 170.897293
v -1171.359009 1024.200806 170.095596
v -1175.148926 1031.778687 170.897293
v -1168.677246 1022.276123 185.646194
v -1171.359009 1024.200806 170.095596
v -1172.342529 1039.861816 184.559799
v -1170.742065 1053.141479 182.375504
v -1170.893311 1044.840210 195.746796
v -1172.342529 1039.861816 184.559799
v -1175.148926 1031.778687 170.897293
v -1170.742065 1053.141479 182.375504
v -1153.695068 1005.595581 179.029999
v -1134.657227 1006.298279 163.980896
v -1140.047729 1004.822510 152.949097
v -1125.262817 1012.097900 161.801804
v -1140.047729 1004.822510 152.949097
v -1134.657227 1006.298279 163.980896
v -1158.697388 1007.212219 182.500702
v -1140.967163 1019.829285 195.969498
v -1153.695068 1005.595581 179.029999
v -1158.697388 1007.212219 182.500702
v -1153.695068 1005.595581 179.029999
v -1164.540527 1009.693298 163.473801
v -1149.679810 1027.255005 148.324493
v -1132.045654 1014.265991 151.301697
v -1132.408081 1026.685669 152.649506
v -1132.408081 1026.685669 152.649506
v -1132.045654 1014.265991 151.301697
v -1123.176392 1021.512085 171.476105
v -1160.143188 1051.982910 150.070999
v -1154.776489 1061.525879 151.755997
v -1155.866821 1046.178467 158.093094
v -1154.776489 1061.525879 151.755997
v -1160.143188 1051.982910 150.070999
v -1143.587158 1064.279907 148.523300
v -1117.364258 1031.609741 167.581497
v -1123.176392 1021.512085 171.476105
v -1123.345581 1029.918701 180.069595
v -1117.364258 1031.609741 167.581497
v -1132.408081 1026.685669 152.649506
v -1123.176392 1021.512085 171.476105
v -1143.587158 1064.279907 148.523300
v -1150.819702 1043.483154 142.597305
v -1138.074707 1053.408936 142.156296
v -1138.074707 1053.408936 142.156296
v -1150.819702 1043.483154 142.597305
v -1129.382202 1037.154053 149.234497
v -1170.893311 1044.840210 195.746796
v -1169.563843 1058.406982 194.344604
v -1163.750366 1048.625244 201.333298
v -1163.750366 1048.625244 201.333298
v -1165.256592 1022.731323 193.095901
v -1170.893311 1044.840210 195.746796
v -1120.816528 1056.246948 166.988007
v -1120.765381 1053.734863 159.048203
v -1116.944702 1040.091797 158.483597
v -1132.584595 1064.528564 169.007401
v -1120.765381 1053.734863 159.048203
v -1120.816528 1056.246948 166.988007
v -1124.635376 1056.126953 180.250397
v -1137.066284 1070.524902 176.103806
v -1132.584595 1064.528564 169.007401
v -1132.584595 1064.528564 169.007401
v -1137.066284 1070.524902 176.103806
v -1148.932983 1068.854004 156.127304
v -1162.721802 1068.712036 179.296600
v -1156.671997 1066.640869 173.800400
v -1146.877441 1072.458984 185.278397
v -1156.671997 1066.640869 173.800400
v -1162.721802 1068.712036 179.296600
v -1170.742065 1053.141479 182.375504
v -1151.934937 1066.351196 191.893494
v -1146.877441 1072.458984 185.278397
v -1138.584473 1067.191528 190.612793
v -1151.934937 1066.351196 191.893494
v -1162.721802 1068.712036 179.296600
v -1146.877441 1072.458984 185.278397
v -1133.164062 1031.106079 200.673798
v -1133.916382 1026.112671 183.699799
v -1140.967163 1019.829285 195.969498
v -1152.463013 1034.316162 202.619904
v -1133.164062 1031.106079 200.673798
v -1140.967163 1019.829285 195.969498
v -1170.893311 1044.840210 195.746796
v -1165.256592 1022.731323 193.095901
v -1168.677246 1022.276123 185.646194
v -1165.256592 1022.731323 193.095901
v -1158.697388 1007.212219 182.500702
v -1168.677246 1022.276123 185.646194
v -1123.345581 1029.918701 180.069595
v -1123.176392 1021.512085 171.476105
v -1138.821045 1010.401489 188.846405
v -1194.097900 -66.068100 -242.231995
v -1176.857910 -88.562897 -220.932693
v -1207.827637 -87.665100 -246.689804
v -1150.488770 -142.822205 -238.573395
v -1169.966797 -146.550003 -267.870392
v -1176.551270 -159.710297 -254.434296
v -1228.886353 -140.899094 -227.577393
v -1237.649902 -152.885803 -252.060196
v -1238.871094 -119.103203 -233.993195
v -1228.406250 -94.013901 -273.797699
v -1215.460205 -71.875900 -265.596100
v -1227.142090 -79.433701 -250.589096
v -1223.937256 -113.504898 -301.918396
v -1213.430786 -130.133896 -304.239288
v -1195.359131 -134.163101 -293.661285
v -1176.857910 -88.562897 -220.932693
v -1177.975220 -66.208000 -241.381302
v -1152.707153 -92.353500 -240.653198
v -1152.707153 -92.353500 -240.653198
v -1154.275879 -99.852402 -220.900604
v -1176.857910 -88.562897 -220.932693
v -1190.143311 -154.868301 -227.344498
v -1150.488770 -142.822205 -238.573395
v -1176.551270 -159.710297 -254.434296
v -1240.698608 -122.320900 -297.298309
v -1252.153320 -125.523903 -256.697601
v -1236.791748 -151.143997 -261.700806
v -1195.359131 -134.163101 -293.661285
v -1213.430786 -130.133896 -304.239288
v -1211.517334 -162.421906 -269.721893
v -1150.488770 -142.822205 -238.573395
v -1153.965576 -113.408096 -262.536102
v -1169.966797 -146.550003 -267.870392
v -1210.036133 -103.843597 -292.218597
v -1181.338745 -121.449203 -296.756287
v -1177.352539 -102.475502 -298.019287
v -1192.952393 -65.203598 -274.834900
v -1165.879883 -89.942596 -283.830811
v -1182.520020 -62.058102 -256.337585
v -1227.142090 -79.433701 -250.589096
v -1215.460205 -71.875900 -265.596100
v -1210.515991 -71.403000 -243.248703
v -1228.886353 -140.899094 -227.577393
v -1233.777100 -112.375504 -223.731293
v -1214.019287 -122.761398 -212.107407
v -1161.605469 -112.519501 -214.138306
v -1185.359375 -118.803497 -196.190903
v -1176.974121 -92.188599 -208.279007
v -1199.495972 -108.347298 -206.723007
v -1233.777100 -112.375504 -223.731293
v -1207.827637 -87.665100 -246.689804
v -1228.406250 -94.013901 -273.797699
v -1227.142090 -79.433701 -250.589096
v -1242.827881 -112.843002 -277.699005
v -1150.488770 -142.822205 -238.573395
v -1148.855469 -113.174896 -230.785202
v -1153.965576 -113.408096 -262.536102
v -1161.605469 -112.519501 -214.138306
v -1163.362549 -140.184494 -216.013596
v -1185.359375 -118.803497 -196.190903
v -1190.143311 -154.868301 -227.344498
v -1186.147705 -137.728500 -204.898499
v -1163.362549 -140.184494 -216.013596
v -1200.415527 -132.561005 -202.649994
v -1228.886353 -140.899094 -227.577393
v -1214.019287 -122.761398 -212.107407
v -1197.956299 -90.762703 -291.324188
v -1177.352539 -102.475502 -298.019287
v -1192.952393 -65.203598 -274.834900
v -1228.406250 -94.013901 -273.797699
v -1210.036133 -103.843597 -292.218597
v -1215.460205 -71.875900 -265.596100
v -1213.430786 -130.133896 -304.239288
v -1236.791748 -151.143997 -261.700806
v -1211.517334 -162.421906 -269.721893
v -1198.996826 -162.292099 -255.766998
v -1237.649902 -152.885803 -252.060196
v -1220.595215 -150.574493 -226.190994
v -1158.349609 -97.580200 -276.483002
v -1165.275879 -115.365898 -289.027191
v -1153.965576 -113.408096 -262.536102
v -1165.879883 -89.942596 -283.830811
v -1159.295044 -89.932602 -255.147095
v -1177.975220 -66.208000 -241.381302
v -1227.142090 -79.433701 -250.589096
v -1238.871094 -119.103203 -233.993195
v -1242.827881 -112.843002 -277.699005
v -1252.153320 -125.523903 -256.697601
v -1238.871094 -119.103203 -233.993195
v -1237.649902 -152.885803 -252.060196
v -1153.965576 -113.408096 -262.536102
v -1165.275879 -115.365898 -289.027191
v -1169.966797 -146.550003 -267.870392
v -1227.246948 -135.994797 -295.105804
v -1236.791748 -151.143997 -261.700806
v -1213.430786 -130.133896 -304.239288
v -1223.937256 -113.504898 -301.918396
v -1240.698608 -122.320900 -297.298309
v -1213.430786 -130.133896 -304.239288
v -1185.359375 -118.803497 -196.190903
v -1199.495972 -108.347298 -206.723007
v -1176.974121 -92.188599 -208.279007
v -1207.827637 -87.665100 -246.689804
v -1176.857910 -88.562897 -220.932693
v -1199.495972 -108.347298 -206.723007
v -1177.975220 -66.208000 -241.381302
v -1176.857910 -88.562897 -220.932693
v -1194.097900 -66.068100 -242.231995
v -1210.515991 -71.403000 -243.248703
v -1215.460205 -71.875900 -265.596100
v -1182.520020 -62.058102 -256.337585
v -1190.143311 -154.868301 -227.344498
v -1220.595215 -150.574493 -226.190994
v -1186.147705 -137.728500 -204.898499
v -1220.595215 -150.574493 -226.190994
v -1190.143311 -154.868301 -227.344498
v -1198.996826 -162.292099 -255.766998
v -1240.698608 -122.320900 -297.298309
v -1223.937256 -113.504898 -301.918396
v -1228.406250 -94.013901 -273.797699
v -1242.827881 -112.843002 -277.699005
v -1240.698608 -122.320900 -297.298309
v -1228.406250 -94.013901 -273.797699
v -1163.362549 -140.184494 -216.013596
v -1150.488770 -142.822205 -238.573395
v -1190.143311 -154.868301 -227.344498
v -1150.488770 -142.822205 -238.573395
v -1163.362549 -140.184494 -216.013596
v -1161.605469 -112.519501 -214.138306
v -1169.966797 -146.550003 -267.870392
v -1193.057129 -142.845901 -268.838409
v -1176.551270 -159.710297 -254.434296
v -1211.517334 -162.421906 -269.721893
v -1193.057129 -142.845901 -268.838409
v -1181.171631 -137.245102 -281.765900
v -1207.827637 -87.665100 -246.689804
v -1227.142090 -79.433701 -250.589096
v -1210.515991 -71.403000 -243.248703
v -1227.142090 -79.433701 -250.589096
v -1207.827637 -87.665100 -246.689804
v -1233.777100 -112.375504 -223.731293
v -1158.349609 -97.580200 -276.483002
v -1153.965576 -113.408096 -262.536102
v -1159.295044 -89.932602 -255.147095
v -1153.965576 -113.408096 -262.536102
v -1148.855469 -113.174896 -230.785202
v -1152.707153 -92.353500 -240.653198
v -1197.956299 -90.762703 -291.324188
v -1210.036133 -103.843597 -292.218597
v -1177.352539 -102.475502 -298.019287
v -1215.460205 -71.875900 -265.596100
v -1210.036133 -103.843597 -292.218597
v -1197.956299 -90.762703 -291.324188
v -1165.275879 -115.365898 -289.027191
v -1177.352539 -102.475502 -298.019287
v -1181.338745 -121.449203 -296.756287
v -1181.338745 -121.449203 -296.756287
v -1181.171631 -137.245102 -281.765900
v -1165.275879 -115.365898 -289.027191
v -1185.359375 -118.803497 -196.190903
v -1200.415527 -132.561005 -202.649994
v -1199.495972 -108.347298 -206.723007
v -1163.362549 -140.184494 -216.013596
v -1186.147705 -137.728500 -204.898499
v -1185.359375 -118.803497 -196.190903
v -1165.879883 -89.942596 -283.830811
v -1192.952393 -65.203598 -274.834900
v -1177.352539 -102.475502 -298.019287
v -1177.352539 -102.475502 -298.019287
v -1165.275879 -115.365898 -289.027191
v -1158.349609 -97.580200 -276.483002
v -1211.517334 -162.421906 -269.721893
v -1236.791748 -151.143997 -261.700806
v -1198.996826 -162.292099 -255.766998
v -1193.057129 -142.845901 -268.838409
v -1211.517334 -162.421906 -269.721893
v -1198.996826 -162.292099 -255.766998
v -1252.153320 -125.523903 -256.697601
v -1240.698608 -122.320900 -297.298309
v -1242.827881 -112.843002 -277.699005
v -1238.871094 -119.103203 -233.993195
v -1252.153320 -125.523903 -256.697601
v -1242.827881 -112.843002 -277.699005
v -1148.855469 -113.174896 -230.785202
v -1154.275879 -99.852402 -220.900604
v -1152.707153 -92.353500 -240.653198
v -1148.855469 -113.174896 -230.785202
v -1150.488770 -142.822205 -238.573395
v -1161.605469 -112.519501 -214.138306
v -1169.966797 -146.550003 -267.870392
v -1165.275879 -115.365898 -289.027191
v -1181.171631 -137.245102 -281.765900
v -1181.171631 -137.245102 -281.765900
v -1193.057129 -142.845901 -268.838409
v -1169.966797 -146.550003 -267.870392
v -1177.975220 -66.208000 -241.381302
v -1182.520020 -62.058102 -256.337585
v -1165.879883 -89.942596 -283.830811
v -1177.975220 -66.208000 -241.381302
v -1194.097900 -66.068100 -242.231995
v -1182.520020 -62.058102 -256.337585
v -1227.142090 -79.433701 -250.589096
v -1233.777100 -112.375504 -223.731293
v -1238.871094 -119.103203 -233.993195
v -1233.777100 -112.375504 -223.731293
v -1228.886353 -140.899094 -227.577393
v -1238.871094 -119.103203 -233.993195
v -1214.019287 -122.761398 -212.107407
v -1199.495972 -108.347298 -206.723007
v -1200.415527 -132.561005 -202.649994
v -1214.019287 -122.761398 -212.107407
v -1233.777100 -112.375504 -223.731293
v -1199.495972 -108.347298 -206.723007
v -1236.791748 -151.143997 -261.700806
v -1227.246948 -135.994797 -295.105804
v -1240.698608 -122.320900 -297.298309
v -1213.430786 -130.133896 -304.239288
v -1240.698608 -122.320900 -297.298309
v -1227.246948 -135.994797 -295.105804
v -1237.649902 -152.885803 -252.060196
v -1198.996826 -162.292099 -255.766998
v -1236.791748 -151.143997 -261.700806
v -1237.649902 -152.885803 -252.060196
v -1236.791748 -151.143997 -261.700806
v -1252.153320 -125.523903 -256.697601
v -1228.406250 -94.013901 -273.797699
v -1223.937256 -113.504898 -301.918396
v -1210.036133 -103.843597 -292.218597
v -1210.036133 -103.843597 -292.218597
v -1223.937256 -113.504898 -301.918396
v -1195.359131 -134.163101 -293.661285
v -1210.515991 -71.403000 -243.248703
v -1194.097900 -66.068100 -242.231995
v -1207.827637 -87.665100 -246.689804
v -1194.097900 -66.068100 -242.231995
v -1210.515991 -71.403000 -243.248703
v -1182.520020 -62.058102 -256.337585
v -1181.338745 -121.449203 -296.756287
v -1195.359131 -134.163101 -293.661285
v -1181.171631 -137.245102 -281.765900
v -1181.338745 -121.449203 -296.756287
v -1210.036133 -103.843597 -292.218597
v -1195.359131 -134.163101 -293.661285
v -1182.520020 -62.058102 -256.337585
v -1215.460205 -71.875900 -265.596100
v -1192.952393 -65.203598 -274.834900
v -1192.952393 -65.203598 -274.834900
v -1215.460205 -71.875900 -265.596100
v -1197.956299 -90.762703 -291.324188
v -1200.415527 -132.561005 -202.649994
v -1185.359375 -118.803497 -196.190903
v -1186.147705 -137.728500 -204.898499
v -1186.147705 -137.728500 -204.898499
v -1220.595215 -150.574493 -226.190994
v -1200.415527 -132.561005 -202.649994
v -1158.349609 -97.580200 -276.483002
v -1165.879883 -89.942596 -283.830811
v -1177.352539 -102.475502 -298.019287
v -1159.295044 -89.932602 -255.147095
v -1165.879883 -89.942596 -283.830811
v -1158.349609 -97.580200 -276.483002
v -1153.965576 -113.408096 -262.536102
v -1152.707153 -92.353500 -240.653198
v -1159.295044 -89.932602 -255.147095
v -1159.295044 -89.932602 -255.147095
v -1152.707153 -92.353500 -240.653198
v -1177.975220 -66.208000 -241.381302
v -1176.974121 -92.188599 -208.279007
v -1176.857910 -88.562897 -220.932693
v -1154.275879 -99.852402 -220.900604
v -1176.857910 -88.562897 -220.932693
v -1176.974121 -92.188599 -208.279007
v -1199.495972 -108.347298 -206.723007
v -1161.605469 -112.519501 -214.138306
v -1154.275879 -99.852402 -220.900604
v -1148.855469 -113.174896 -230.785202
v -1161.605469 -112.519501 -214.138306
v -1176.974121 -92.188599 -208.279007
v -1154.275879 -99.852402 -220.900604
v -1176.551270 -159.710297 -254.434296
v -1193.057129 -142.845901 -268.838409
v -1198.996826 -162.292099 -255.766998
v -1190.143311 -154.868301 -227.344498
v -1176.551270 -159.710297 -254.434296
v -1198.996826 -162.292099 -255.766998
v -1200.415527 -132.561005 -202.649994
v -1220.595215 -150.574493 -226.190994
v -1228.886353 -140.899094 -227.577393
v -1220.595215 -150.574493 -226.190994
v -1237.649902 -152.885803 -252.060196
v -1228.886353 -140.899094 -227.577393
v -1181.171631 -137.245102 -281.765900
v -1195.359131 -134.163101 -293.661285
v -1211.517334 -162.421906 -269.721893
v -1209.621094 87.270401 -490.984985
v -1210.707031 103.548203 -452.688385
v -1219.882446 63.107300 -475.455902
v -1176.242432 76.344398 -393.371002
v -1172.549072 37.802601 -408.417206
v -1189.103271 37.500301 -391.885590
v -1255.744873 36.456001 -420.452209
v -1246.233398 4.213700 -420.981995
v -1259.066162 36.665401 -449.400787
v -1218.934326 24.239300 -487.323395
v -1212.125366 51.276199 -502.226196
v -1234.218506 52.063202 -492.809906
v -1195.032227 -6.640200 -476.524689
v -1184.537109 -10.893600 -456.212585
v -1176.063843 7.137000 -441.047211
v -1210.707031 103.548203 -452.688385
v -1195.556641 98.171997 -484.448608
v -1174.310303 100.662399 -447.492493
v -1174.310303 100.662399 -447.492493
v -1190.683838 111.831703 -432.460205
v -1210.707031 103.548203 -452.688385
v -1221.263672 53.750301 -391.290100
v -1176.242432 76.344398 -393.371002
v -1189.103271 37.500301 -391.885590
v -1214.147705 -18.319099 -471.823700
v -1254.720703 6.031700 -456.709412
v -1238.249512 -2.221800 -426.290100
v -1176.063843 7.137000 -441.047211
v -1184.537109 -10.893600 -456.212585
v -1209.824951 1.160800 -408.253387
v -1176.242432 76.344398 -393.371002
v -1160.310059 70.412300 -434.747711
v -1172.549072 37.802601 -408.417206
v -1189.056763 15.453700 -477.505188
v -1160.386963 20.442499 -450.225494
v -1154.910645 32.262299 -468.952789
v -1184.464111 61.654099 -504.370789
v -1154.325928 58.061199 -472.051910
v -1188.458740 85.229401 -496.394806
v -1234.218506 52.063202 -492.809906
v -1212.125366 51.276199 -502.226196
v -1224.094482 73.066299 -492.007111
v -1255.744873 36.456001 -420.452209
v -1261.676025 52.012100 -450.416199
v -1252.742676 68.521103 -427.595001
v -1202.966064 105.833504 -419.365112
v -1238.174805 102.035500 -414.641815
v -1220.329346 111.910400 -443.949799
v -1242.785889 90.045799 -434.992188
v -1261.676025 52.012100 -450.416199
v -1219.882446 63.107300 -475.455902
v -1218.934326 24.239300 -487.323395
v -1234.218506 52.063202 -492.809906
v -1230.104980 1.598100 -474.710602
v -1176.242432 76.344398 -393.371002
v -1179.082275 99.912804 -420.491486
v -1160.310059 70.412300 -434.747711
v -1202.966064 105.833504 -419.365112
v -1204.509277 88.127701 -392.008789
v -1238.174805 102.035500 -414.641815
v -1221.263672 53.750301 -391.290100
v -1233.371582 84.080101 -398.713989
v -1204.509277 88.127701 -392.008789
v -1247.792236 79.643501 -408.552704
v -1255.744873 36.456001 -420.452209
v -1252.742676 68.521103 -427.595001
v -1178.077026 31.003099 -486.213196
v -1154.910645 32.262299 -468.952789
v -1184.464111 61.654099 -504.370789
v -1218.934326 24.239300 -487.323395
v -1189.056763 15.453700 -477.505188
v -1212.125366 51.276199 -502.226196
v -1184.537109 -10.893600 -456.212585
v -1238.249512 -2.221800 -426.290100
v -1209.824951 1.160800 -408.253387
v -1208.706909 20.691299 -398.158112
v -1246.233398 4.213700 -420.981995
v -1249.673096 37.621101 -406.731415
v -1153.251343 64.752403 -458.373505
v -1151.157104 40.347900 -447.455597
v -1160.310059 70.412300 -434.747711
v -1154.325928 58.061199 -472.051910
v -1169.499512 85.857498 -458.225189
v -1195.556641 98.171997 -484.448608
v -1234.218506 52.063202 -492.809906
v -1259.066162 36.665401 -449.400787
v -1230.104980 1.598100 -474.710602
v -1254.720703 6.031700 -456.709412
v -1259.066162 36.665401 -449.400787
v -1246.233398 4.213700 -420.981995
v -1160.310059 70.412300 -434.747711
v -1151.157104 40.347900 -447.455597
v -1172.549072 37.802601 -408.417206
v -1204.157715 -15.375700 -451.689087
v -1238.249512 -2.221800 -426.290100
v -1184.537109 -10.893600 -456.212585
v -1195.032227 -6.640200 -476.524689
v -1214.147705 -18.319099 -471.823700
v -1184.537109 -10.893600 -456.212585
v -1238.174805 102.035500 -414.641815
v -1242.785889 90.045799 -434.992188
v -1220.329346 111.910400 -443.949799
v -1219.882446 63.107300 -475.455902
v -1210.707031 103.548203 -452.688385
v -1242.785889 90.045799 -434.992188
v -1195.556641 98.171997 -484.448608
v -1210.707031 103.548203 -452.688385
v -1209.621094 87.270401 -490.984985
v -1224.094482 73.066299 -492.007111
v -1212.125366 51.276199 -502.226196
v -1188.458740 85.229401 -496.394806
v -1221.263672 53.750301 -391.290100
v -1249.673096 37.621101 -406.731415
v -1233.371582 84.080101 -398.713989
v -1249.673096 37.621101 -406.731415
v -1221.263672 53.750301 -391.290100
v -1208.706909 20.691299 -398.158112
v -1214.147705 -18.319099 -471.823700
v -1195.032227 -6.640200 -476.524689
v -1218.934326 24.239300 -487.323395
v -1230.104980 1.598100 -474.710602
v -1214.147705 -18.319099 -471.823700
v -1218.934326 24.239300 -487.323395
v -1204.509277 88.127701 -392.008789
v -1176.242432 76.344398 -393.371002
v -1221.263672 53.750301 -391.290100
v -1176.242432 76.344398 -393.371002
v -1204.509277 88.127701 -392.008789
v -1202.966064 105.833504 -419.365112
v -1172.549072 37.802601 -408.417206
v -1192.708740 24.300400 -421.321899
v -1189.103271 37.500301 -391.885590
v -1209.824951 1.160800 -408.253387
v -1192.708740 24.300400 -421.321899
v -1172.059326 24.290100 -427.802887
v -1219.882446 63.107300 -475.455902
v -1234.218506 52.063202 -492.809906
v -1224.094482 73.066299 -492.007111
v -1234.218506 52.063202 -492.809906
v -1219.882446 63.107300 -475.455902
v -1261.676025 52.012100 -450.416199
v -1153.251343 64.752403 -458.373505
v -1160.310059 70.412300 -434.747711
v -1169.499512 85.857498 -458.225189
v -1160.310059 70.412300 -434.747711
v -1179.082275 99.912804 -420.491486
v -1174.310303 100.662399 -447.492493
v -1178.077026 31.003099 -486.213196
v -1189.056763 15.453700 -477.505188
v -1154.910645 32.262299 -468.952789
v -1212.125366 51.276199 -502.226196
v -1189.056763 15.453700 -477.505188
v -1178.077026 31.003099 -486.213196
v -1151.157104 40.347900 -447.455597
v -1154.910645 32.262299 -468.952789
v -1160.386963 20.442499 -450.225494
v -1160.386963 20.442499 -450.225494
v -1172.059326 24.290100 -427.802887
v -1151.157104 40.347900 -447.455597
v -1238.174805 102.035500 -414.641815
v -1247.792236 79.643501 -408.552704
v -1242.785889 90.045799 -434.992188
v -1204.509277 88.127701 -392.008789
v -1233.371582 84.080101 -398.713989
v -1238.174805 102.035500 -414.641815
v -1154.325928 58.061199 -472.051910
v -1184.464111 61.654099 -504.370789
v -1154.910645 32.262299 -468.952789
v -1154.910645 32.262299 -468.952789
v -1151.157104 40.347900 -447.455597
v -1153.251343 64.752403 -458.373505
v -1209.824951 1.160800 -408.253387
v -1238.249512 -2.221800 -426.290100
v -1208.706909 20.691299 -398.158112
v -1192.708740 24.300400 -421.321899
v -1209.824951 1.160800 -408.253387
v -1208.706909 20.691299 -398.158112
v -1254.720703 6.031700 -456.709412
v -1214.147705 -18.319099 -471.823700
v -1230.104980 1.598100 -474.710602
v -1259.066162 36.665401 -449.400787
v -1254.720703 6.031700 -456.709412
v -1230.104980 1.598100 -474.710602
v -1179.082275 99.912804 -420.491486
v -1190.683838 111.831703 -432.460205
v -1174.310303 100.662399 -447.492493
v -1179.082275 99.912804 -420.491486
v -1176.242432 76.344398 -393.371002
v -1202.966064 105.833504 -419.365112
v -1172.549072 37.802601 -408.417206
v -1151.157104 40.347900 -447.455597
v -1172.059326 24.290100 -427.802887
v -1172.059326 24.290100 -427.802887
v -1192.708740 24.300400 -421.321899
v -1172.549072 37.802601 -408.417206
v -1195.556641 98.171997 -484.448608
v -1188.458740 85.229401 -496.394806
v -1154.325928 58.061199 -472.051910
v -1195.556641 98.171997 -484.448608
v -1209.621094 87.270401 -490.984985
v -1188.458740 85.229401 -496.394806
v -1234.218506 52.063202 -492.809906
v -1261.676025 52.012100 -450.416199
v -1259.066162 36.665401 -449.400787
v -1261.676025 52.012100 -450.416199
v -1255.744873 36.456001 -420.452209
v -1259.066162 36.665401 -449.400787
v -1252.742676 68.521103 -427.595001
v -1242.785889 90.045799 -434.992188
v -1247.792236 79.643501 -408.552704
v -1252.742676 68.521103 -427.595001
v -1261.676025 52.012100 -450.416199
v -1242.785889 90.045799 -434.992188
v -1238.249512 -2.221800 -426.290100
v -1204.157715 -15.375700 -451.689087
v -1214.147705 -18.319099 -471.823700
v -1184.537109 -10.893600 -456.212585
v -1214.147705 -18.319099 -471.823700
v -1204.157715 -15.375700 -451.689087
v -1246.233398 4.213700 -420.981995
v -1208.706909 20.691299 -398.158112
v -1238.249512 -2.221800 -426.290100
v -1246.233398 4.213700 -420.981995
v -1238.249512 -2.221800 -426.290100
v -1254.720703 6.031700 -456.709412
v -1218.934326 24.239300 -487.323395
v -1195.032227 -6.640200 -476.524689
v -1189.056763 15.453700 -477.505188
v -1189.056763 15.453700 -477.505188
v -1195.032227 -6.640200 -476.524689
v -1176.063843 7.137000 -441.047211
v -1224.094482 73.066299 -492.007111
v -1209.621094 87.270401 -490.984985
v -1219.882446 63.107300 -475.455902
v -1209.621094 87.270401 -490.984985
v -1224.094482 73.066299 -492.007111
v -1188.458740 85.229401 -496.394806
v -1160.386963 20.442499 -450.225494
v -1176.063843 7.137000 -441.047211
v -1172.059326 24.290100 -427.802887
v -1160.386963 20.442499 -450.225494
v -1189.056763 15.453700 -477.505188
v -1176.063843 7.137000 -441.047211
v -1188.458740 85.229401 -496.394806
v -1212.125366 51.276199 -502.226196
v -1184.464111 61.654099 -504.370789
v -1184.464111 61.654099 -504.370789
v -1212.125366 51.276199 -502.226196
v -1178.077026 31.003099 -486.213196
v -1247.792236 79.643501 -408.552704
v -1238.174805 102.035500 -414.641815
v -1233.371582 84.080101 -398.713989
v -1233.371582 84.080101 -398.713989
v -1249.673096 37.621101 -406.731415
v -1247.792236 79.643501 -408.552704
v -1153.251343 64.752403 -458.373505
v -1154.325928 58.061199 -472.051910
v -1154.910645 32.262299 -468.952789
v -1169.499512 85.857498 -458.225189
v -1154.325928 58.061199 -472.051910
v -1153.251343 64.752403 -458.373505
v -1160.310059 70.412300 -434.747711
v -1174.310303 100.662399 -447.492493
v -1169.499512 85.857498 -458.225189
v -1169.499512 85.857498 -458.225189
v -1174.310303 100.662399 -447.492493
v -1195.556641 98.171997 -484.448608
v -1220.329346 111.910400 -443.949799
v -1210.707031 103.548203 -452.688385
v -1190.683838 111.831703 -432.460205
v -1210.707031 103.548203 -452.688385
v -1220.329346 111.910400 -443.949799
v -1242.785889 90.045799 -434.992188
v -1202.966064 105.833504 -419.365112
v -1190.683838 111.831703 -432.460205
v -1179.082275 99.912804 -420.491486
v -1202.966064 105.833504 -419.365112
v -1220.329346 111.910400 -443.949799
v -1190.683838 111.831703 -432.460205
v -1189.103271 37.500301 -391.885590
v -1192.708740 24.300400 -421.321899
v -1208.706909 20.691299 -398.158112
v -1221.263672 53.750301 -391.290100
v -1189.103271 37.500301 -391.885590
v -1208.706909 20.691299 -398.158112
v -1247.792236 79.643501 -408.552704
v -1249.673096 37.621101 -406.731415
v -1255.744873 36.456001 -420.452209
v -1249.673096 37.621101 -406.731415
v -1246.233398 4.213700 -420.981995
v -1255.744873 36.456001 -420.452209
v -1172.059326 24.290100 -427.802887
v -1176.063843 7.137000 -441.047211
v -1209.824951 1.160800 -408.253387
v -218.367203 -5.127900 -876.095520
v -211.086304 36.534100 -844.432922
v -183.112503 -19.364700 -860.991821
v -126.774300 94.056999 -835.136780
v -91.276199 56.936600 -856.366272
v -85.115799 55.538502 -830.824219
v -126.361198 -26.111700 -796.717224
v -86.133003 -41.922001 -811.057678
v -147.774200 -52.025200 -814.862427
v -145.970505 -56.569901 -877.721680
v -185.295898 -42.727798 -888.981079
v -187.208496 -53.844601 -863.807922
v -94.581100 -49.782902 -895.482117
v -72.019997 -27.507200 -890.261475
v -79.529404 5.245100 -882.867981
v -211.086304 36.534100 -844.432922
v -221.687500 20.350500 -880.901306
v -191.758804 70.260399 -871.237427
v -191.758804 70.260399 -871.237427
v -199.866699 76.239700 -844.752502
v -211.086304 36.534100 -844.432922
v -114.477097 39.945999 -800.792725
v -126.774300 94.056999 -835.136780
v -85.115799 55.538502 -830.824219
v -84.300499 -71.232697 -878.536194
v -115.860603 -76.578903 -829.537476
v -79.634003 -43.945301 -822.698120
v -79.529404 5.245100 -882.867981
v -72.019997 -27.507200 -890.261475
v -61.393600 -2.278100 -832.458618
v -126.774300 94.056999 -835.136780
v -143.121994 70.447403 -879.306519
v -91.276199 56.936600 -856.366272
v -118.825798 -29.148800 -896.928406
v -95.964401 21.310699 -899.905701
v -120.759697 19.761101 -915.716614
v -189.391296 -12.747300 -911.372925
v -152.598297 36.726002 -913.546387
v -212.545303 7.465500 -897.843384
v -187.208496 -53.844601 -863.807922
v -185.295898 -42.727798 -888.981079
v -207.542999 -28.972099 -867.593079
v -126.361198 -26.111700 -796.717224
v -167.146805 -43.845402 -810.533875
v -167.436905 -5.680500 -798.275024
v -188.031799 71.628403 -826.297119
v -192.343994 41.971699 -794.569824
v -218.000702 41.291698 -828.596313
v -194.108994 12.864600 -807.750427
v -167.146805 -43.845402 -810.533875
v -183.112503 -19.364700 -860.991821
v -145.970505 -56.569901 -877.721680
v -187.208496 -53.844601 -863.807922
v -114.807297 -72.815598 -863.687378
v -126.774300 94.056999 -835.136780
v -173.822906 87.172401 -847.928284
v -143.121994 70.447403 -879.306519
v -188.031799 71.628403 -826.297119
v -149.104507 79.189201 -808.609009
v -192.343994 41.971699 -794.569824
v -114.477097 39.945999 -800.792725
v -158.878906 45.724800 -790.422913
v -149.104507 79.189201 -808.609009
v -165.457108 22.038000 -786.484375
v -126.361198 -26.111700 -796.717224
v -167.436905 -5.680500 -798.275024
v -139.133698 -15.148400 -909.327820
v -120.759697 19.761101 -915.716614
v -189.391296 -12.747300 -911.372925
v -145.970505 -56.569901 -877.721680
v -118.825798 -29.148800 -896.928406
v -185.295898 -42.727798 -888.981079
v -72.019997 -27.507200 -890.261475
v -79.634003 -43.945301 -822.698120
v -61.393600 -2.278100 -832.458618
v -76.653702 21.113199 -822.380188
v -86.133003 -41.922001 -811.057678
v -116.146698 -8.986300 -791.585876
v -150.516800 53.523499 -903.276917
v -113.969101 46.174198 -901.740112
v -143.121994 70.447403 -879.306519
v -152.598297 36.726002 -913.546387
v -180.397598 54.989201 -885.769470
v -221.687500 20.350500 -880.901306
v -187.208496 -53.844601 -863.807922
v -147.774200 -52.025200 -814.862427
v -114.807297 -72.815598 -863.687378
v -115.860603 -76.578903 -829.537476
v -147.774200 -52.025200 -814.862427
v -86.133003 -41.922001 -811.057678
v -143.121994 70.447403 -879.306519
v -113.969101 46.174198 -901.740112
v -91.276199 56.936600 -856.366272
v -70.373299 -44.256199 -871.662903
v -79.634003 -43.945301 -822.698120
v -72.019997 -27.507200 -890.261475
v -94.581100 -49.782902 -895.482117
v -84.300499 -71.232697 -878.536194
v -72.019997 -27.507200 -890.261475
v -192.343994 41.971699 -794.569824
v -194.108994 12.864600 -807.750427
v -218.000702 41.291698 -828.596313
v -183.112503 -19.364700 -860.991821
v -211.086304 36.534100 -844.432922
v -194.108994 12.864600 -807.750427
v -221.687500 20.350500 -880.901306
v -211.086304 36.534100 -844.432922
v -218.367203 -5.127900 -876.095520
v -207.542999 -28.972099 -867.593079
v -185.295898 -42.727798 -888.981079
v -212.545303 7.465500 -897.843384
v -114.477097 39.945999 -800.792725
v -116.146698 -8.986300 -791.585876
v -158.878906 45.724800 -790.422913
v -116.146698 -8.986300 -791.585876
v -114.477097 39.945999 -800.792725
v -76.653702 21.113199 -822.380188
v -84.300499 -71.232697 -878.536194
v -94.581100 -49.782902 -895.482117
v -145.970505 -56.569901 -877.721680
v -114.807297 -72.815598 -863.687378
v -84.300499 -71.232697 -878.536194
v -145.970505 -56.569901 -877.721680
v -149.104507 79.189201 -808.609009
v -126.774300 94.056999 -835.136780
v -114.477097 39.945999 -800.792725
v -126.774300 94.056999 -835.136780
v -149.104507 79.189201 -808.609009
v -188.031799 71.628403 -826.297119
v -91.276199 56.936600 -856.366272
v -91.425797 19.145000 -851.630676
v -85.115799 55.538502 -830.824219
v -61.393600 -2.278100 -832.458618
v -91.425797 19.145000 -851.630676
v -88.872803 31.924700 -873.344482
v -183.112503 -19.364700 -860.991821
v -187.208496 -53.844601 -863.807922
v -207.542999 -28.972099 -867.593079
v -187.208496 -53.844601 -863.807922
v -183.112503 -19.364700 -860.991821
v -167.146805 -43.845402 -810.533875
v -150.516800 53.523499 -903.276917
v -143.121994 70.447403 -879.306519
v -180.397598 54.989201 -885.769470
v -143.121994 70.447403 -879.306519
v -173.822906 87.172401 -847.928284
v -191.758804 70.260399 -871.237427
v -139.133698 -15.148400 -909.327820
v -118.825798 -29.148800 -896.928406
v -120.759697 19.761101 -915.716614
v -185.295898 -42.727798 -888.981079
v -118.825798 -29.148800 -896.928406
v -139.133698 -15.148400 -909.327820
v -113.969101 46.174198 -901.740112
v -120.759697 19.761101 -915.716614
v -95.964401 21.310699 -899.905701
v -95.964401 21.310699 -899.905701
v -88.872803 31.924700 -873.344482
v -113.969101 46.174198 -901.740112
v -192.343994 41.971699 -794.569824
v -165.457108 22.038000 -786.484375
v -194.108994 12.864600 -807.750427
v -149.104507 79.189201 -808.609009
v -158.878906 45.724800 -790.422913
v -192.343994 41.971699 -794.569824
v -152.598297 36.726002 -913.546387
v -189.391296 -12.747300 -911.372925
v -120.759697 19.761101 -915.716614
v -120.759697 19.761101 -915.716614
v -113.969101 46.174198 -901.740112
v -150.516800 53.523499 -903.276917
v -61.393600 -2.278100 -832.458618
v -79.634003 -43.945301 -822.698120
v -76.653702 21.113199 -822.380188
v -91.425797 19.145000 -851.630676
v -61.393600 -2.278100 -832.458618
v -76.653702 21.113199 -822.380188
v -115.860603 -76.578903 -829.537476
v -84.300499 -71.232697 -878.536194
v -114.807297 -72.815598 -863.687378
v -147.774200 -52.025200 -814.862427
v -115.860603 -76.578903 -829.537476
v -114.807297 -72.815598 -863.687378
v -173.822906 87.172401 -847.928284
v -199.866699 76.239700 -844.752502
v -191.758804 70.260399 -871.237427
v -173.822906 87.172401 -847.928284
v -126.774300 94.056999 -835.136780
v -188.031799 71.628403 -826.297119
v -91.276199 56.936600 -856.366272
v -113.969101 46.174198 -901.740112
v -88.872803 31.924700 -873.344482
v -88.872803 31.924700 -873.344482
v -91.425797 19.145000 -851.630676
v -91.276199 56.936600 -856.366272
v -221.687500 20.350500 -880.901306
v -212.545303 7.465500 -897.843384
v -152.598297 36.726002 -913.546387
v -221.687500 20.350500 -880.901306
v -218.367203 -5.127900 -876.095520
v -212.545303 7.465500 -897.843384
v -187.208496 -53.844601 -863.807922
v -167.146805 -43.845402 -810.533875
v -147.774200 -52.025200 -814.862427
v -167.146805 -43.845402 -810.533875
v -126.361198 -26.111700 -796.717224
v -147.774200 -52.025200 -814.862427
v -167.436905 -5.680500 -798.275024
v -194.108994 12.864600 -807.750427
v -165.457108 22.038000 -786.484375
v -167.436905 -5.680500 -798.275024
v -167.146805 -43.845402 -810.533875
v -194.108994 12.864600 -807.750427
v -79.634003 -43.945301 -822.698120
v -70.373299 -44.256199 -871.662903
v -84.300499 -71.232697 -878.536194
v -72.019997 -27.507200 -890.261475
v -84.300499 -71.232697 -878.536194
v -70.373299 -44.256199 -871.662903
v -86.133003 -41.922001 -811.057678
v -76.653702 21.113199 -822.380188
v -79.634003 -43.945301 -822.698120
v -86.133003 -41.922001 -811.057678
v -79.634003 -43.945301 -822.698120
v -115.860603 -76.578903 -829.537476
v -145.970505 -56.569901 -877.721680
v -94.581100 -49.782902 -895.482117
v -118.825798 -29.148800 -896.928406
v -118.825798 -29.148800 -896.928406
v -94.581100 -49.782902 -895.482117
v -79.529404 5.245100 -882.867981
v -207.542999 -28.972099 -867.593079
v -218.367203 -5.127900 -876.095520
v -183.112503 -19.364700 -860.991821
v -218.367203 -5.127900 -876.095520
v -207.542999 -28.972099 -867.593079
v -212.545303 7.465500 -897.843384
v -95.964401 21.310699 -899.905701
v -79.529404 5.245100 -882.867981
v -88.872803 31.924700 -873.344482
v -95.964401 21.310699 -899.905701
v -118.825798 -29.148800 -896.928406
v -79.529404 5.245100 -882.867981
v -212.545303 7.465500 -897.843384
v -185.295898 -42.727798 -888.981079
v -189.391296 -12.747300 -911.372925
v -189.391296 -12.747300 -911.372925
v -185.295898 -42.727798 -888.981079
v -139.133698 -15.148400 -909.327820
v -165.457108 22.038000 -786.484375
v -192.343994 41.971699 -794.569824
v -158.878906 45.724800 -790.422913
v -158.878906 45.724800 -790.422913
v -116.146698 -8.986300 -791.585876
v -165.457108 22.038000 -786.484375
v -150.516800 53.523499 -903.276917
v -152.598297 36.726002 -913.546387
v -120.759697 19.761101 -915.716614
v -180.397598 54.989201 -885.769470
v -152.598297 36.726002 -913.546387
v -150.516800 53.523499 -903.276917
v -143.121994 70.447403 -879.306519
v -191.758804 70.260399 -871.237427
v -180.397598 54.989201 -885.769470
v -180.397598 54.989201 -885.769470
v -191.758804 70.260399 -871.237427
v -221.687500 20.350500 -880.901306
v -218.000702 41.291698 -828.596313
v -211.086304 36.534100 -844.432922
v -199.866699 76.239700 -844.752502
v -211.086304 36.534100 -844.432922
v -218.000702 41.291698 -828.596313
v -194.108994 12.864600 -807.750427
v -188.031799 71.628403 -826.297119
v -199.866699 76.239700 -844.752502
v -173.822906 87.172401 -847.928284
v -188.031799 71.628403 -826.297119
v -218.000702 41.291698 -828.596313
v -199.866699 76.239700 -844.752502
v -85.115799 55.538502 -830.824219
v -91.425797 19.145000 -851.630676
v -76.653702 21.113199 -822.380188
v -114.477097 39.945999 -800.792725
v -85.115799 55.538502 -830.824219
v -76.653702 21.113199 -822.380188
v -165.457108 22.038000 -786.484375
v -116.146698 -8.986300 -791.585876
v -126.361198 -26.111700 -796.717224
v -116.146698 -8.986300 -791.585876
v -86.133003 -41.922001 -811.057678
v -126.361198 -26.111700 -796.717224
v -88.872803 31.924700 -873.344482
v -79.529404 5.245100 -882.867981
v -61.393600 -2.278100 -832.458618
v -339.715515 802.399902 -88.625900
v -347.260986 756.589111 -90.329498
v -360.159302 800.998779 -115.809898
v -332.477203 707.849121 -155.062302
v -333.327789 741.991699 -186.414795
v -355.306396 728.139771 -189.054001
v -418.711792 765.576294 -155.463394
v -415.784912 781.457275 -189.334702
v -414.568115 794.303284 -140.790405
v -364.832306 832.557678 -148.068298
v -347.564209 832.322571 -117.298897
v -373.299011 825.625671 -113.817802
v -349.314087 834.707520 -190.486893
v -344.491302 815.580688 -207.356995
v -335.412201 790.278381 -199.723999
v -347.260986 756.589111 -90.329498
v -324.048615 788.492615 -85.658600
v -310.675507 748.131104 -107.186203
v -310.675507 748.131104 -107.186203
v -329.470215 729.809082 -98.135597
v -347.260986 756.589111 -90.329498
v -385.896515 723.460388 -163.360794
v -332.477203 707.849121 -155.062302
v -355.306396 728.139771 -189.054001
v -373.472412 838.667480 -197.788101
v -414.972504 816.691528 -168.315598
v -407.376892 788.918823 -195.636795
v -335.412201 790.278381 -199.723999
v -344.491302 815.580688 -207.356995
v -381.207886 765.696289 -209.844299
v -332.477203 707.849121 -155.062302
v -306.030396 749.366821 -146.724503
v -333.327789 741.991699 -186.414795
v -337.714508 823.477783 -170.660202
v -313.354187 790.328979 -187.679504
v -299.939301 801.870911 -169.373596
v -315.308990 825.387817 -115.175499
v -292.661011 791.526611 -143.268005
v -316.306396 805.938416 -94.872803
v -373.299011 825.625671 -113.817802
v -347.564209 832.322571 -117.298897
v -358.015289 812.656982 -97.198097
v -418.711792 765.576294 -155.463394
v -413.593811 787.732117 -124.696198
v -406.385895 755.644714 -122.222099
v -347.303314 721.695801 -106.041702
v -386.753204 723.714172 -100.599503
v -357.873810 744.987793 -83.233803
v -389.002808 750.471619 -101.248901
v -413.593811 787.732117 -124.696198
v -360.159302 800.998779 -115.809898
v -364.832306 832.557678 -148.068298
v -373.299011 825.625671 -113.817802
v -385.128296 833.353027 -172.143402
v -332.477203 707.849121 -155.062302
v -323.013885 722.671387 -118.882797
v -306.030396 749.366821 -146.724503
v -347.303314 721.695801 -106.041702
v -360.150299 704.202881 -135.276093
v -386.753204 723.714172 -100.599503
v -385.896515 723.460388 -163.360794
v -389.916687 716.712891 -126.816704
v -360.150299 704.202881 -135.276093
v -403.628204 730.572327 -121.911301
v -418.711792 765.576294 -155.463394
v -406.385895 755.644714 -122.222099
v -320.254486 822.535706 -155.165604
v -299.939301 801.870911 -169.373596
v -315.308990 825.387817 -115.175499
v -364.832306 832.557678 -148.068298
v -337.714508 823.477783 -170.660202
v -347.564209 832.322571 -117.298897
v -344.491302 815.580688 -207.356995
v -407.376892 788.918823 -195.636795
v -381.207886 765.696289 -209.844299
v -378.256012 745.573120 -196.059601
v -415.784912 781.457275 -189.334702
v -415.618896 750.709473 -162.641907
v -293.606293 774.517029 -143.499695
v -299.785309 776.116272 -172.742096
v -306.030396 749.366821 -146.724503
v -292.661011 791.526611 -143.268005
v -306.100403 765.651978 -118.023003
v -324.048615 788.492615 -85.658600
v -373.299011 825.625671 -113.817802
v -414.568115 794.303284 -140.790405
v -385.128296 833.353027 -172.143402
v -414.972504 816.691528 -168.315598
v -414.568115 794.303284 -140.790405
v -415.784912 781.457275 -189.334702
v -306.030396 749.366821 -146.724503
v -299.785309 776.116272 -172.742096
v -333.327789 741.991699 -186.414795
v -367.508911 816.070801 -207.479401
v -407.376892 788.918823 -195.636795
v -344.491302 815.580688 -207.356995
v -349.314087 834.707520 -190.486893
v -373.472412 838.667480 -197.788101
v -344.491302 815.580688 -207.356995
v -386.753204 723.714172 -100.599503
v -389.002808 750.471619 -101.248901
v -357.873810 744.987793 -83.233803
v -360.159302 800.998779 -115.809898
v -347.260986 756.589111 -90.329498
v -389.002808 750.471619 -101.248901
v -324.048615 788.492615 -85.658600
v -347.260986 756.589111 -90.329498
v -339.715515 802.399902 -88.625900
v -358.015289 812.656982 -97.198097
v -347.564209 832.322571 -117.298897
v -316.306396 805.938416 -94.872803
v -385.896515 723.460388 -163.360794
v -415.618896 750.709473 -162.641907
v -389.916687 716.712891 -126.816704
v -415.618896 750.709473 -162.641907
v -385.896515 723.460388 -163.360794
v -378.256012 745.573120 -196.059601
v -373.472412 838.667480 -197.788101
v -349.314087 834.707520 -190.486893
v -364.832306 832.557678 -148.068298
v -385.128296 833.353027 -172.143402
v -373.472412 838.667480 -197.788101
v -364.832306 832.557678 -148.068298
v -360.150299 704.202881 -135.276093
v -332.477203 707.849121 -155.062302
v -385.896515 723.460388 -163.360794
v -332.477203 707.849121 -155.062302
v -360.150299 704.202881 -135.276093
v -347.303314 721.695801 -106.041702
v -333.327789 741.991699 -186.414795
v -354.372314 764.298279 -186.984604
v -355.306396 728.139771 -189.054001
v -381.207886 765.696289 -209.844299
v -354.372314 764.298279 -186.984604
v -330.765900 767.908508 -190.613602
v -360.159302 800.998779 -115.809898
v -373.299011 825.625671 -113.817802
v -358.015289 812.656982 -97.198097
v -373.299011 825.625671 -113.817802
v -360.159302 800.998779 -115.809898
v -413.593811 787.732117 -124.696198
v -293.606293 774.517029 -143.499695
v -306.030396 749.366821 -146.724503
v -306.100403 765.651978 -118.023003
v -306.030396 749.366821 -146.724503
v -323.013885 722.671387 -118.882797
v -310.675507 748.131104 -107.186203
v -320.254486 822.535706 -155.165604
v -337.714508 823.477783 -170.660202
v -299.939301 801.870911 -169.373596
v -347.564209 832.322571 -117.298897
v -337.714508 823.477783 -170.660202
v -320.254486 822.535706 -155.165604
v -299.785309 776.116272 -172.742096
v -299.939301 801.870911 -169.373596
v -313.354187 790.328979 -187.679504
v -313.354187 790.328979 -187.679504
v -330.765900 767.908508 -190.613602
v -299.785309 776.116272 -172.742096
v -386.753204 723.714172 -100.599503
v -403.628204 730.572327 -121.911301
v -389.002808 750.471619 -101.248901
v -360.150299 704.202881 -135.276093
v -389.916687 716.712891 -126.816704
v -386.753204 723.714172 -100.599503
v -292.661011 791.526611 -143.268005
v -315.308990 825.387817 -115.175499
v -299.939301 801.870911 -169.373596
v -299.939301 801.870911 -169.373596
v -299.785309 776.116272 -172.742096
v -293.606293 774.517029 -143.499695
v -381.207886 765.696289 -209.844299
v -407.376892 788.918823 -195.636795
v -378.256012 745.573120 -196.059601
v -354.372314 764.298279 -186.984604
v -381.207886 765.696289 -209.844299
v -378.256012 745.573120 -196.059601
v -414.972504 816.691528 -168.315598
v -373.472412 838.667480 -197.788101
v -385.128296 833.353027 -172.143402
v -414.568115 794.303284 -140.790405
v -414.972504 816.691528 -168.315598
v -385.128296 833.353027 -172.143402
v -323.013885 722.671387 -118.882797
v -329.470215 729.809082 -98.135597
v -310.675507 748.131104 -107.186203
v -323.013885 722.671387 -118.882797
v -332.477203 707.849121 -155.062302
v -347.303314 721.695801 -106.041702
v -333.327789 741.991699 -186.414795
v -299.785309 776.116272 -172.742096
v -330.765900 767.908508 -190.613602
v -330.765900 767.908508 -190.613602
v -354.372314 764.298279 -186.984604
v -333.327789 741.991699 -186.414795
v -324.048615 788.492615 -85.658600
v -316.306396 805.938416 -94.872803
v -292.661011 791.526611 -143.268005
v -324.048615 788.492615 -85.658600
v -339.715515 802.399902 -88.625900
v -316.306396 805.938416 -94.872803
v -373.299011 825.625671 -113.817802
v -413.593811 787.732117 -124.696198
v -414.568115 794.303284 -140.790405
v -413.593811 787.732117 -124.696198
v -418.711792 765.576294 -155.463394
v -414.568115 794.303284 -140.790405
v -406.385895 755.644714 -122.222099
v -389.002808 750.471619 -101.248901
v -403.628204 730.572327 -121.911301
v -406.385895 755.644714 -122.222099
v -413.593811 787.732117 -124.696198
v -389.002808 750.471619 -101.248901
v -407.376892 788.918823 -195.636795
v -367.508911 816.070801 -207.479401
v -373.472412 838.667480 -197.788101
v -344.491302 815.580688 -207.356995
v -373.472412 838.667480 -197.788101
v -367.508911 816.070801 -207.479401
v -415.784912 781.457275 -189.334702
v -378.256012 745.573120 -196.059601
v -407.376892 788.918823 -195.636795
v -415.784912 781.457275 -189.334702
v -407.376892 788.918823 -195.636795
v -414.972504 816.691528 -168.315598
v -364.832306 832.557678 -148.068298
v -349.314087 834.707520 -190.486893
v -337.714508 823.477783 -170.660202
v -337.714508 823.477783 -170.660202
v -349.314087 834.707520 -190.486893
v -335.412201 790.278381 -199.723999
v -358.015289 812.656982 -97.198097
v -339.715515 802.399902 -88.625900
v -360.159302 800.998779 -115.809898
v -339.715515 802.399902 -88.625900
v -358.015289 812.656982 -97.198097
v -316.306396 805.938416 -94.872803
v -313.354187 790.328979 -187.679504
v -335.412201 790.278381 -199.723999
v -330.765900 767.908508 -190.613602
v -313.354187 790.328979 -187.679504
v -337.714508 823.477783 -170.660202
v -335.412201 790.278381 -199.723999
v -316.306396 805.938416 -94.872803
v -347.564209 832.322571 -117.298897
v -315.308990 825.387817 -115.175499
v -315.308990 825.387817 -115.175499
v -347.564209 832.322571 -117.298897
v -320.254486 822.535706 -155.165604
v -403.628204 730.572327 -121.911301
v -386.753204 723.714172 -100.599503
v -389.916687 716.712891 -126.816704
v -389.916687 716.712891 -126.816704
v -415.618896 750.709473 -162.641907
v -403.628204 730.572327 -121.911301
v -293.606293 774.517029 -143.499695
v -292.661011 791.526611 -143.268005
v -299.939301 801.870911 -169.373596
v -306.100403 765.651978 -118.023003
v -292.661011 791.526611 -143.268005
v -293.606293 774.517029 -143.499695
v -306.030396 749.366821 -146.724503
v -310.675507 748.131104 -107.186203
v -306.100403 765.651978 -118.023003
v -306.100403 765.651978 -118.023003
v -310.675507 748.131104 -107.186203
v -324.048615 788.492615 -85.658600
v -357.873810 744.987793 -83.233803
v -347.260986 756.589111 -90.329498
v -329.470215 729.809082 -98.135597
v -347.260986 756.589111 -90.329498
v -357.873810 744.987793 -83.233803
v -389.002808 750.471619 -101.248901
v -347.303314 721.695801 -106.041702
v -329.470215 729.809082 -98.135597
v -323.013885 722.671387 -118.882797
v -347.303314 721.695801 -106.041702
v -357.873810 744.987793 -83.233803
v -329.470215 729.809082 -98.135597
v -355.306396 728.139771 -189.054001
v -354.372314 764.298279 -186.984604
v -378.256012 745.573120 -196.059601
v -385.896515 723.460388 -163.360794
v -355.306396 728.139771 -189.054001
v -378.256012 745.573120 -196.059601
v -403.628204 730.572327 -121.911301
v -415.618896 750.709473 -162.641907
v -418.711792 765.576294 -155.463394
v -415.618896 750.709473 -162.641907
v -415.784912 781.457275 -189.334702
v -418.711792 765.576294 -155.463394
v -330.765900 767.908508 -190.613602
v -335.412201 790.278381 -199.723999
v -381.207886 765.696289 -209.844299
v -410.801514 -55.113800 -369.037903
v -439.880005 -76.805496 -369.440399
v -410.281311 -63.720299 -343.891907
v -490.442505 -72.491096 -329.918091
v -472.932892 -54.153702 -304.074585
v -475.664093 -73.243500 -297.444885
v -422.837189 -107.598099 -302.277405
v -419.503113 -93.084702 -277.041504
v -401.786713 -97.062599 -311.810211
v -393.451813 -48.680000 -316.582794
v -393.352814 -43.477402 -343.640289
v -388.792389 -63.576698 -339.922913
v -405.262299 -29.320400 -289.516113
v -423.137604 -29.951799 -279.982086
v -441.897308 -34.912899 -289.965088
v -439.880005 -76.805496 -369.440399
v -424.856812 -50.579899 -376.446198
v -460.914886 -52.583401 -367.453094
v -460.914886 -52.583401 -367.453094
v -465.485199 -73.548401 -370.559906
v -439.880005 -76.805496 -369.440399
v -463.850586 -100.158997 -308.514313
v -490.442505 -72.491096 -329.918091
v -475.664093 -73.243500 -297.444885
v -396.033508 -42.288601 -277.489990
v -391.698700 -83.564903 -289.814697
v -418.394012 -83.535698 -274.063690
v -441.897308 -34.912899 -289.965088
v -423.137604 -29.951799 -279.982086
v -445.560913 -72.184196 -272.434814
v -490.442505 -72.491096 -329.918091
v -469.221191 -41.279900 -339.693298
v -472.932892 -54.153702 -304.074585
v -412.905609 -29.784000 -307.955505
v -446.787506 -22.765699 -304.583496
v -439.797302 -13.253200 -320.582489
v -408.267792 -25.274000 -354.256989
v -444.207214 -17.465099 -342.399200
v -417.284302 -37.175499 -370.372101
v -388.792389 -63.576698 -339.922913
v -393.352814 -43.477402 -343.640289
v -399.450012 -61.634399 -357.130188
v -422.837189 -107.598099 -302.277405
v -403.483612 -102.040901 -324.348389
v -427.248413 -109.744003 -330.606995
v -466.681885 -86.737099 -360.720795
v -451.296387 -112.992500 -354.123505
v -442.934113 -89.502602 -372.744598
v -432.441986 -104.375298 -350.929901
v -403.483612 -102.040901 -324.348389
v -410.281311 -63.720299 -343.891907
v -393.451813 -48.680000 -316.582794
v -388.792389 -63.576698 -339.922913
v -390.883301 -56.983601 -293.572113
v -490.442505 -72.491096 -329.918091
v -476.471893 -67.875504 -357.672394
v -469.221191 -41.279900 -339.693298
v -466.681885 -86.737099 -360.720795
v -480.022095 -95.940399 -337.359192
v -451.296387 -112.992500 -354.123505
v -463.850586 -100.158997 -308.514313
v -460.084198 -112.515297 -334.689209
v -480.022095 -95.940399 -337.359192
v -445.186005 -117.332802 -333.553192
v -422.837189 -107.598099 -302.277405
v -427.248413 -109.744003 -330.606995
v -416.296814 -21.709200 -323.959900
v -439.797302 -13.253200 -320.582489
v -408.267792 -25.274000 -354.256989
v -393.451813 -48.680000 -316.582794
v -412.905609 -29.784000 -307.955505
v -393.352814 -43.477402 -343.640289
v -423.137604 -29.951799 -279.982086
v -418.394012 -83.535698 -274.063690
v -445.560913 -72.184196 -272.434814
v -457.590790 -80.455902 -284.883698
v -419.503113 -93.084702 -277.041504
v -435.372009 -109.689400 -299.029999
v -455.536713 -24.377600 -343.331207
v -458.053986 -22.083000 -320.207794
v -469.221191 -41.279900 -339.693298
v -444.207214 -17.465099 -342.399200
v -452.563507 -40.913502 -359.351410
v -424.856812 -50.579899 -376.446198
v -388.792389 -63.576698 -339.922913
v -401.786713 -97.062599 -311.810211
v -390.883301 -56.983601 -293.572113
v -391.698700 -83.564903 -289.814697
v -401.786713 -97.062599 -311.810211
v -419.503113 -93.084702 -277.041504
v -469.221191 -41.279900 -339.693298
v -458.053986 -22.083000 -320.207794
v -472.932892 -54.153702 -304.074585
v -415.265411 -44.877201 -273.777893
v -418.394012 -83.535698 -274.063690
v -423.137604 -29.951799 -279.982086
v -405.262299 -29.320400 -289.516113
v -396.033508 -42.288601 -277.489990
v -423.137604 -29.951799 -279.982086
v -451.296387 -112.992500 -354.123505
v -432.441986 -104.375298 -350.929901
v -442.934113 -89.502602 -372.744598
v -410.281311 -63.720299 -343.891907
v -439.880005 -76.805496 -369.440399
v -432.441986 -104.375298 -350.929901
v -424.856812 -50.579899 -376.446198
v -439.880005 -76.805496 -369.440399
v -410.801514 -55.113800 -369.037903
v -399.450012 -61.634399 -357.130188
v -393.352814 -43.477402 -343.640289
v -417.284302 -37.175499 -370.372101
v -463.850586 -100.158997 -308.514313
v -435.372009 -109.689400 -299.029999
v -460.084198 -112.515297 -334.689209
v -435.372009 -109.689400 -299.029999
v -463.850586 -100.158997 -308.514313
v -457.590790 -80.455902 -284.883698
v -396.033508 -42.288601 -277.489990
v -405.262299 -29.320400 -289.516113
v -393.451813 -48.680000 -316.582794
v -390.883301 -56.983601 -293.572113
v -396.033508 -42.288601 -277.489990
v -393.451813 -48.680000 -316.582794
v -480.022095 -95.940399 -337.359192
v -490.442505 -72.491096 -329.918091
v -463.850586 -100.158997 -308.514313
v -490.442505 -72.491096 -329.918091
v -480.022095 -95.940399 -337.359192
v -466.681885 -86.737099 -360.720795
v -472.932892 -54.153702 -304.074585
v -450.922699 -59.566299 -296.331787
v -475.664093 -73.243500 -297.444885
v -445.560913 -72.184196 -272.434814
v -450.922699 -59.566299 -296.331787
v -456.916687 -41.987099 -299.624603
v -410.281311 -63.720299 -343.891907
v -388.792389 -63.576698 -339.922913
v -399.450012 -61.634399 -357.130188
v -388.792389 -63.576698 -339.922913
v -410.281311 -63.720299 -343.891907
v -403.483612 -102.040901 -324.348389
v -455.536713 -24.377600 -343.331207
v -469.221191 -41.279900 -339.693298
v -452.563507 -40.913502 -359.351410
v -469.221191 -41.279900 -339.693298
v -476.471893 -67.875504 -357.672394
v -460.914886 -52.583401 -367.453094
v -416.296814 -21.709200 -323.959900
v -412.905609 -29.784000 -307.955505
v -439.797302 -13.253200 -320.582489
v -393.352814 -43.477402 -343.640289
v -412.905609 -29.784000 -307.955505
v -416.296814 -21.709200 -323.959900
v -458.053986 -22.083000 -320.207794
v -439.797302 -13.253200 -320.582489
v -446.787506 -22.765699 -304.583496
v -446.787506 -22.765699 -304.583496
v -456.916687 -41.987099 -299.624603
v -458.053986 -22.083000 -320.207794
v -451.296387 -112.992500 -354.123505
v -445.186005 -117.332802 -333.553192
v -432.441986 -104.375298 -350.929901
v -480.022095 -95.940399 -337.359192
v -460.084198 -112.515297 -334.689209
v -451.296387 -112.992500 -354.123505
v -444.207214 -17.465099 -342.399200
v -408.267792 -25.274000 -354.256989
v -439.797302 -13.253200 -320.582489
v -439.797302 -13.253200 -320.582489
v -458.053986 -22.083000 -320.207794
v -455.536713 -24.377600 -343.331207
v -445.560913 -72.184196 -272.434814
v -418.394012 -83.535698 -274.063690
v -457.590790 -80.455902 -284.883698
v -450.922699 -59.566299 -296.331787
v -445.560913 -72.184196 -272.434814
v -457.590790 -80.455902 -284.883698
v -391.698700 -83.564903 -289.814697
v -396.033508 -42.288601 -277.489990
v -390.883301 -56.983601 -293.572113
v -401.786713 -97.062599 -311.810211
v -391.698700 -83.564903 -289.814697
v -390.883301 -56.983601 -293.572113
v -476.471893 -67.875504 -357.672394
v -465.485199 -73.548401 -370.559906
v -460.914886 -52.583401 -367.453094
v -476.471893 -67.875504 -357.672394
v -490.442505 -72.491096 -329.918091
v -466.681885 -86.737099 -360.720795
v -472.932892 -54.153702 -304.074585
v -458.053986 -22.083000 -320.207794
v -456.916687 -41.987099 -299.624603
v -456.916687 -41.987099 -299.624603
v -450.922699 -59.566299 -296.331787
v -472.932892 -54.153702 -304.074585
v -424.856812 -50.579899 -376.446198
v -417.284302 -37.175499 -370.372101
v -444.207214 -17.465099 -342.399200
v -424.856812 -50.579899 -376.446198
v -410.801514 -55.113800 -369.037903
v -417.284302 -37.175499 -370.372101
v -388.792389 -63.576698 -339.922913
v -403.483612 -102.040901 -324.348389
v -401.786713 -97.062599 -311.810211
v -403.483612 -102.040901 -324.348389
v -422.837189 -107.598099 -302.277405
v -401.786713 -97.062599 -311.810211
v -427.248413 -109.744003 -330.606995
v -432.441986 -104.375298 -350.929901
v -445.186005 -117.332802 -333.553192
v -427.248413 -109.744003 -330.606995
v -403.483612 -102.040901 -324.348389
v -432.441986 -104.375298 -350.929901
v -418.394012 -83.535698 -274.063690
v -415.265411 -44.877201 -273.777893
v -396.033508 -42.288601 -277.489990
v -423.137604 -29.951799 -279.982086
v -396.033508 -42.288601 -277.489990
v -415.265411 -44.877201 -273.777893
v -419.503113 -93.084702 -277.041504
v -457.590790 -80.455902 -284.883698
v -418.394012 -83.535698 -274.063690
v -419.503113 -93.084702 -277.041504
v -418.394012 -83.535698 -274.063690
v -391.698700 -83.564903 -289.814697
v -393.451813 -48.680000 -316.582794
v -405.262299 -29.320400 -289.516113
v -412.905609 -29.784000 -307.955505
v -412.905609 -29.784000 -307.955505
v -405.262299 -29.320400 -289.516113
v -441.897308 -34.912899 -289.965088
v -399.450012 -61.634399 -357.130188
v -410.801514 -55.113800 -369.037903
v -410.281311 -63.720299 -343.891907
v -410.801514 -55.113800 -369.037903
v -399.450012 -61.634399 -357.130188
v -417.284302 -37.175499 -370.372101
v -446.787506 -22.765699 -304.583496
v -441.897308 -34.912899 -289.965088
v -456.916687 -41.987099 -299.624603
v -446.787506 -22.765699 -304.583496
v -412.905609 -29.784000 -307.955505
v -441.897308 -34.912899 -289.965088
v -417.284302 -37.175499 -370.372101
v -393.352814 -43.477402 -343.640289
v -408.267792 -25.274000 -354.256989
v -408.267792 -25.274000 -354.256989
v -393.352814 -43.477402 -343.640289
v -416.296814 -21.709200 -323.959900
v -445.186005 -117.332802 -333.553192
v -451.296387 -112.992500 -354.123505
v -460.084198 -112.515297 -334.689209
v -460.084198 -112.515297 -334.689209
v -435.372009 -109.689400 -299.029999
v -445.186005 -117.332802 -333.553192
v -455.536713 -24.377600 -343.331207
v -444.207214 -17.465099 -342.399200
v -439.797302 -13.253200 -320.582489
v -452.563507 -40.913502 -359.351410
v -444.207214 -17.465099 -342.399200
v -455.536713 -24.377600 -343.331207
v -469.221191 -41.279900 -339.693298
v -460.914886 -52.583401 -367.453094
v -452.563507 -40.913502 -359.351410
v -452.563507 -40.913502 -359.351410
v -460.914886 -52.583401 -367.453094
v -424.856812 -50.579899 -376.446198
v -442.934113 -89.502602 -372.744598
v -439.880005 -76.805496 -369.440399
v -465.485199 -73.548401 -370.559906
v -439.880005 -76.805496 -369.440399
v -442.934113 -89.502602 -372.744598
v -432.441986 -104.375298 -350.929901
v -466.681885 -86.737099 -360.720795
v -465.485199 -73.548401 -370.559906
v -476.471893 -67.875504 -357.672394
v -466.681885 -86.737099 -360.720795
v -442.934113 -89.502602 -372.744598
v -465.485199 -73.548401 -370.559906
v -475.664093 -73.243500 -297.444885
v -450.922699 -59.566299 -296.331787
v -457.590790 -80.455902 -284.883698
v -463.850586 -100.158997 -308.514313
v -475.664093 -73.243500 -297.444885
v -457.590790 -80.455902 -284.883698
v -445.186005 -117.332802 -333.553192
v -435.372009 -109.689400 -299.029999
v -422.837189 -107.598099 -302.277405
v -435.372009 -109.689400 -299.029999
v -419.503113 -93.084702 -277.041504
v -422.837189 -107.598099 -302.277405
v -456.916687 -41.987099 -299.624603
v -441.897308 -34.912899 -289.965088
v -445.560913 -72.184196 -272.434814
v -1568.583374 -96.869003 -826.193726
v -1545.758179 -128.355606 -833.492493
v -1581.393066 -106.669197 -850.286682
v -1510.770508 -140.593704 -893.051880
v -1533.270264 -117.069298 -915.400330
v -1538.351196 -138.135605 -920.402527
v -1597.399658 -157.976105 -890.893372
v -1606.797485 -142.715500 -917.352478
v -1611.406738 -140.225906 -874.894897
v -1604.693604 -86.857697 -873.902222
v -1592.644531 -80.364197 -847.149597
v -1603.981934 -100.175797 -846.336121
v -1598.682373 -71.165604 -908.554993
v -1585.128418 -77.584297 -924.795288
v -1564.115967 -88.072403 -920.933411
v -1545.758179 -128.355606 -833.492493
v -1550.654663 -96.088799 -824.558411
v -1519.442383 -109.417000 -846.822205
v -1519.442383 -109.417000 -846.822205
v -1519.355957 -132.637405 -842.356995
v -1545.758179 -128.355606 -833.492493
v -1552.748047 -162.340500 -900.900208
v -1510.770508 -140.593704 -893.051880
v -1538.351196 -138.135605 -920.402527
v -1615.980347 -82.410797 -915.461609
v -1626.406128 -123.867500 -895.405212
v -1606.505127 -132.491699 -921.335327
v -1564.115967 -88.072403 -920.933411
v -1585.128418 -77.584297 -924.795288
v -1577.492798 -128.870895 -934.733215
v -1510.770508 -140.593704 -893.051880
v -1519.300781 -101.129204 -879.715698
v -1533.270264 -117.069298 -915.400330
v -1583.993042 -73.268600 -892.617188
v -1550.258667 -76.279701 -909.661926
v -1548.197510 -63.605301 -892.187622
v -1568.931274 -65.406998 -844.542175
v -1536.339966 -68.529800 -871.079895
v -1556.889526 -79.990303 -829.831299
v -1603.981934 -100.175797 -846.336121
v -1592.644531 -80.364197 -847.149597
v -1586.184204 -100.715897 -833.117188
v -1597.399658 -157.976105 -890.893372
v -1606.098999 -145.481796 -862.085022
v -1582.398926 -160.493195 -863.472107
v -1525.631958 -147.180298 -850.893311
v -1550.369751 -170.277695 -848.088379
v -1544.860596 -142.451797 -829.450989
v -1567.796387 -155.677094 -845.549500
v -1606.098999 -145.481796 -862.085022
v -1581.393066 -106.669197 -850.286682
v -1604.693604 -86.857697 -873.902222
v -1603.981934 -100.175797 -846.336121
v -1618.579712 -95.641502 -895.108582
v -1510.770508 -140.593704 -893.051880
v -1512.191040 -130.498093 -860.343323
v -1519.300781 -101.129204 -879.715698
v -1525.631958 -147.180298 -850.893311
v -1524.314331 -161.725204 -878.249023
v -1550.369751 -170.277695 -848.088379
v -1552.748047 -162.340500 -900.900208
v -1549.354248 -173.161697 -871.154175
v -1524.314331 -161.725204 -878.249023
v -1565.692505 -173.748993 -866.068726
v -1597.399658 -157.976105 -890.893372
v -1582.398926 -160.493195 -863.472107
v -1572.146118 -65.235703 -878.795715
v -1548.197510 -63.605301 -892.187622
v -1568.931274 -65.406998 -844.542175
v -1604.693604 -86.857697 -873.902222
v -1583.993042 -73.268600 -892.617188
v -1592.644531 -80.364197 -847.149597
v -1585.128418 -77.584297 -924.795288
v -1606.505127 -132.491699 -921.335327
v -1577.492798 -128.870895 -934.733215
v -1562.981567 -140.700897 -925.387085
v -1606.797485 -142.715500 -917.352478
v -1586.971802 -164.074600 -898.555420
v -1526.726074 -79.157402 -873.357788
v -1532.830811 -78.381699 -898.095581
v -1519.300781 -101.129204 -879.715698
v -1536.339966 -68.529800 -871.079895
v -1527.710938 -94.975899 -853.614014
v -1550.654663 -96.088799 -824.558411
v -1603.981934 -100.175797 -846.336121
v -1611.406738 -140.225906 -874.894897
v -1618.579712 -95.641502 -895.108582
v -1626.406128 -123.867500 -895.405212
v -1611.406738 -140.225906 -874.894897
v -1606.797485 -142.715500 -917.352478
v -1519.300781 -101.129204 -879.715698
v -1532.830811 -78.381699 -898.095581
v -1533.270264 -117.069298 -915.400330
v -1599.310181 -91.070297 -926.016785
v -1606.505127 -132.491699 -921.335327
v -1585.128418 -77.584297 -924.795288
v -1598.682373 -71.165604 -908.554993
v -1615.980347 -82.410797 -915.461609
v -1585.128418 -77.584297 -924.795288
v -1550.369751 -170.277695 -848.088379
v -1567.796387 -155.677094 -845.549500
v -1544.860596 -142.451797 -829.450989
v -1581.393066 -106.669197 -850.286682
v -1545.758179 -128.355606 -833.492493
v -1567.796387 -155.677094 -845.549500
v -1550.654663 -96.088799 -824.558411
v -1545.758179 -128.355606 -833.492493
v -1568.583374 -96.869003 -826.193726
v -1586.184204 -100.715897 -833.117188
v -1592.644531 -80.364197 -847.149597
v -1556.889526 -79.990303 -829.831299
v -1552.748047 -162.340500 -900.900208
v -1586.971802 -164.074600 -898.555420
v -1549.354248 -173.161697 -871.154175
v -1586.971802 -164.074600 -898.555420
v -1552.748047 -162.340500 -900.900208
v -1562.981567 -140.700897 -925.387085
v -1615.980347 -82.410797 -915.461609
v -1598.682373 -71.165604 -908.554993
v -1604.693604 -86.857697 -873.902222
v -1618.579712 -95.641502 -895.108582
v -1615.980347 -82.410797 -915.461609
v -1604.693604 -86.857697 -873.902222
v -1524.314331 -161.725204 -878.249023
v -1510.770508 -140.593704 -893.051880
v -1552.748047 -162.340500 -900.900208
v -1510.770508 -140.593704 -893.051880
v -1524.314331 -161.725204 -878.249023
v -1525.631958 -147.180298 -850.893311
v -1533.270264 -117.069298 -915.400330
v -1559.360474 -116.379700 -914.287598
v -1538.351196 -138.135605 -920.402527
v -1577.492798 -128.870895 -934.733215
v -1559.360474 -116.379700 -914.287598
v -1547.463623 -99.655899 -915.703674
v -1581.393066 -106.669197 -850.286682
v -1603.981934 -100.175797 -846.336121
v -1586.184204 -100.715897 -833.117188
v -1603.981934 -100.175797 -846.336121
v -1581.393066 -106.669197 -850.286682
v -1606.098999 -145.481796 -862.085022
v -1526.726074 -79.157402 -873.357788
v -1519.300781 -101.129204 -879.715698
v -1527.710938 -94.975899 -853.614014
v -1519.300781 -101.129204 -879.715698
v -1512.191040 -130.498093 -860.343323
v -1519.442383 -109.417000 -846.822205
v -1572.146118 -65.235703 -878.795715
v -1583.993042 -73.268600 -892.617188
v -1548.197510 -63.605301 -892.187622
v -1592.644531 -80.364197 -847.149597
v -1583.993042 -73.268600 -892.617188
v -1572.146118 -65.235703 -878.795715
v -1532.830811 -78.381699 -898.095581
v -1548.197510 -63.605301 -892.187622
v -1550.258667 -76.279701 -909.661926
v -1550.258667 -76.279701 -909.661926
v -1547.463623 -99.655899 -915.703674
v -1532.830811 -78.381699 -898.095581
v -1550.369751 -170.277695 -848.088379
v -1565.692505 -173.748993 -866.068726
v -1567.796387 -155.677094 -845.549500
v -1524.314331 -161.725204 -878.249023
v -1549.354248 -173.161697 -871.154175
v -1550.369751 -170.277695 -848.088379
v -1536.339966 -68.529800 -871.079895
v -1568.931274 -65.406998 -844.542175
v -1548.197510 -63.605301 -892.187622
v -1548.197510 -63.605301 -892.187622
v -1532.830811 -78.381699 -898.095581
v -1526.726074 -79.157402 -873.357788
v -1577.492798 -128.870895 -934.733215
v -1606.505127 -132.491699 -921.335327
v -1562.981567 -140.700897 -925.387085
v -1559.360474 -116.379700 -914.287598
v -1577.492798 -128.870895 -934.733215
v -1562.981567 -140.700897 -925.387085
v -1626.406128 -123.867500 -895.405212
v -1615.980347 -82.410797 -915.461609
v -1618.579712 -95.641502 -895.108582
v -1611.406738 -140.225906 -874.894897
v -1626.406128 -123.867500 -895.405212
v -1618.579712 -95.641502 -895.108582
v -1512.191040 -130.498093 -860.343323
v -1519.355957 -132.637405 -842.356995
v -1519.442383 -109.417000 -846.822205
v -1512.191040 -130.498093 -860.343323
v -1510.770508 -140.593704 -893.051880
v -1525.631958 -147.180298 -850.893311
v -1533.270264 -117.069298 -915.400330
v -1532.830811 -78.381699 -898.095581
v -1547.463623 -99.655899 -915.703674
v -1547.463623 -99.655899 -915.703674
v -1559.360474 -116.379700 -914.287598
v -1533.270264 -117.069298 -915.400330
v -1550.654663 -96.088799 -824.558411
v -1556.889526 -79.990303 -829.831299
v -1536.339966 -68.529800 -871.079895
v -1550.654663 -96.088799 -824.558411
v -1568.583374 -96.869003 -826.193726
v -1556.889526 -79.990303 -829.831299
v -1603.981934 -100.175797 -846.336121
v -1606.098999 -145.481796 -862.085022
v -1611.406738 -140.225906 -874.894897
v -1606.098999 -145.481796 -862.085022
v -1597.399658 -157.976105 -890.893372
v -1611.406738 -140.225906 -874.894897
v -1582.398926 -160.493195 -863.472107
v -1567.796387 -155.677094 -845.549500
v -1565.692505 -173.748993 -866.068726
v -1582.398926 -160.493195 -863.472107
v -1606.098999 -145.481796 -862.085022
v -1567.796387 -155.677094 -845.549500
v -1606.505127 -132.491699 -921.335327
v -1599.310181 -91.070297 -926.016785
v -1615.980347 -82.410797 -915.461609
v -1585.128418 -77.584297 -924.795288
v -1615.980347 -82.410797 -915.461609
v -1599.310181 -91.070297 -926.016785
v -1606.797485 -142.715500 -917.352478
v -1562.981567 -140.700897 -925.387085
v -1606.505127 -132.491699 -921.335327
v -1606.797485 -142.715500 -917.352478
v -1606.505127 -132.491699 -921.335327
v -1626.406128 -123.867500 -895.405212
v -1604.693604 -86.857697 -873.902222
v -1598.682373 -71.165604 -908.554993
v -1583.993042 -73.268600 -892.617188
v -1583.993042 -73.268600 -892.617188
v -1598.682373 -71.165604 -908.554993
v -1564.115967 -88.072403 -920.933411
v -1586.184204 -100.715897 -833.117188
v -1568.583374 -96.869003 -826.193726
v -1581.393066 -106.669197 -850.286682
v -1568.583374 -96.869003 -826.193726
v -1586.184204 -100.715897 -833.117188
v -1556.889526 -79.990303 -829.831299
v -1550.258667 -76.279701 -909.661926
v -1564.115967 -88.072403 -920.933411
v -1547.463623 -99.655899 -915.703674
v -1550.258667 -76.279701 -909.661926
v -1583.993042 -73.268600 -892.617188
v -1564.115967 -88.072403 -920.933411
v -1556.889526 -79.990303 -829.831299
v -1592.644531 -80.364197 -847.149597
v -1568.931274 -65.406998 -844.542175
v -1568.931274 -65.406998 -844.542175
v -1592.644531 -80.364197 -847.149597
v -1572.146118 -65.235703 -878.795715
v -1565.692505 -173.748993 -866.068726
v -1550.369751 -170.277695 -848.088379
v -1549.354248 -173.161697 -871.154175
v -1549.354248 -173.161697 -871.154175
v -1586.971802 -164.074600 -898.555420
v -1565.692505 -173.748993 -866.068726
v -1526.726074 -79.157402 -873.357788
v -1536.339966 -68.529800 -871.079895
v -1548.197510 -63.605301 -892.187622
v -1527.710938 -94.975899 -853.614014
v -1536.339966 -68.529800 -871.079895
v -1526.726074 -79.157402 -873.357788
v -1519.300781 -101.129204 -879.715698
v -1519.442383 -109.417000 -846.822205
v -1527.710938 -94.975899 -853.614014
v -1527.710938 -94.975899 -853.614014
v -1519.442383 -109.417000 -846.822205
v -1550.654663 -96.088799 -824.558411
v -1544.860596 -142.451797 -829.450989
v -1545.758179 -128.355606 -833.492493
v -1519.355957 -132.637405 -842.356995
v -1545.758179 -128.355606 -833.492493
v -1544.860596 -142.451797 -829.450989
v -1567.796387 -155.677094 -845.549500
v -1525.631958 -147.180298 -850.893311
v -1519.355957 -132.637405 -842.356995
v -1512.191040 -130.498093 -860.343323
v -1525.631958 -147.180298 -850.893311
v -1544.860596 -142.451797 -829.450989
v -1519.355957 -132.637405 -842.356995
v -1538.351196 -138.135605 -920.402527
v -1559.360474 -116.379700 -914.287598
v -1562.981567 -140.700897 -925.387085
v -1552.748047 -162.340500 -900.900208
v -1538.351196 -138.135605 -920.402527
v -1562.981567 -140.700897 -925.387085
v -1565.692505 -173.748993 -866.068726
v -1586.971802 -164.074600 -898.555420
v -1597.399658 -157.976105 -890.893372
v -1586.971802 -164.074600 -898.555420
v -1606.797485 -142.715500 -917.352478
v -1597.399658 -157.976105 -890.893372
v -1547.463623 -99.655899 -915.703674
v -1564.115967 -88.072403 -920.933411
v -1577.492798 -128.870895 -934.733215
v 155.057098 -174.426804 -841.955627
v 181.244598 -153.906799 -820.535706
v 137.990295 -166.194305 -820.011292
v 197.237503 -165.669403 -753.252075
v 163.801407 -184.926193 -744.867126
v 162.634995 -164.809296 -735.455505
v 122.742996 -121.822899 -771.676392
v 101.994797 -138.380005 -753.880127
v 110.730797 -130.620407 -795.033386
v 104.312401 -182.013000 -809.586975
v 122.330002 -186.400696 -833.233887
v 116.984802 -164.295807 -831.111084
v 94.963501 -205.487396 -780.522583
v 103.746101 -207.102295 -760.300781
v 126.766602 -203.214600 -755.677490
v 181.244598 -153.906799 -820.535706
v 171.819504 -180.466705 -839.262390
v 196.528107 -182.461502 -807.121582
v 196.528107 -182.461502 -807.121582
v 203.640594 -160.054199 -804.578979
v 181.244598 -153.906799 -820.535706
v 161.516495 -133.875107 -750.128723
v 197.237503 -165.669403 -753.252075
v 162.634995 -164.809296 -735.455505
v 79.622299 -191.013397 -775.181519
v 86.485298 -145.223297 -784.442627
v 98.522598 -148.759094 -753.051575
v 126.766602 -203.214600 -755.677490
v 103.746101 -207.102295 -760.300781
v 119.953598 -163.975204 -734.517883
v 197.237503 -165.669403 -753.252075
v 184.150299 -196.864594 -779.014099
v 163.801407 -184.926193 -744.867126
v 114.022202 -204.931595 -791.042480
v 140.217606 -216.226898 -766.065979
v 144.626602 -225.080902 -785.363586
v 141.279999 -207.209793 -834.073303
v 163.422897 -219.967407 -800.560181
v 160.534607 -194.497696 -840.535583
v 116.984802 -164.295807 -831.111084
v 122.330002 -186.400696 -833.233887
v 137.645996 -166.720001 -838.793884
v 122.742996 -121.822899 -771.676392
v 120.955101 -124.820198 -804.072876
v 145.854507 -118.651398 -792.630310
v 198.674805 -146.326004 -794.060730
v 182.480301 -116.548798 -796.151428
v 186.761902 -140.300400 -820.015686
v 163.796906 -124.079803 -806.992004
v 120.955101 -124.820198 -804.072876
v 137.990295 -166.194305 -820.011292
v 104.312401 -182.013000 -809.586975
v 116.984802 -164.295807 -831.111084
v 86.935898 -173.797897 -790.871826
v 197.237503 -165.669403 -753.252075
v 203.944595 -167.944199 -786.772827
v 184.150299 -196.864594 -779.014099
v 198.674805 -146.326004 -794.060730
v 194.657501 -138.807098 -764.245728
v 182.480301 -116.548798 -796.151428
v 161.516495 -133.875107 -750.128723
v 176.740295 -118.875603 -773.723083
v 194.657501 -138.807098 -764.245728
v 163.534805 -112.151604 -782.299805
v 122.742996 -121.822899 -771.676392
v 145.854507 -118.651398 -792.630310
v 127.352699 -213.306702 -803.210815
v 144.626602 -225.080902 -785.363586
v 141.279999 -207.209793 -834.073303
v 104.312401 -182.013000 -809.586975
v 114.022202 -204.931595 -791.042480
v 122.330002 -186.400696 -833.233887
v 103.746101 -207.102295 -760.300781
v 98.522598 -148.759094 -753.051575
v 119.953598 -163.975204 -734.517883
v 139.092407 -155.682495 -736.192871
v 101.994797 -138.380005 -753.880127
v 131.323593 -121.009300 -760.259705
v 174.071198 -213.606003 -793.030579
v 160.389008 -217.421097 -771.863098
v 184.150299 -196.864594 -779.014099
v 163.422897 -219.967407 -800.560181
v 183.294998 -194.623306 -807.016479
v 171.819504 -180.466705 -839.262390
v 116.984802 -164.295807 -831.111084
v 110.730797 -130.620407 -795.033386
v 86.935898 -173.797897 -790.871826
v 86.485298 -145.223297 -784.442627
v 110.730797 -130.620407 -795.033386
v 101.994797 -138.380005 -753.880127
v 184.150299 -196.864594 -779.014099
v 160.389008 -217.421097 -771.863098
v 163.801407 -184.926193 -744.867126
v 93.617699 -190.378906 -758.810120
v 98.522598 -148.759094 -753.051575
v 103.746101 -207.102295 -760.300781
v 94.963501 -205.487396 -780.522583
v 79.622299 -191.013397 -775.181519
v 103.746101 -207.102295 -760.300781
v 182.480301 -116.548798 -796.151428
v 163.796906 -124.079803 -806.992004
v 186.761902 -140.300400 -820.015686
v 137.990295 -166.194305 -820.011292
v 181.244598 -153.906799 -820.535706
v 163.796906 -124.079803 -806.992004
v 171.819504 -180.466705 -839.262390
v 181.244598 -153.906799 -820.535706
v 155.057098 -174.426804 -841.955627
v 137.645996 -166.720001 -838.793884
v 122.330002 -186.400696 -833.233887
v 160.534607 -194.497696 -840.535583
v 161.516495 -133.875107 -750.128723
v 131.323593 -121.009300 -760.259705
v 176.740295 -118.875603 -773.723083
v 131.323593 -121.009300 -760.259705
v 161.516495 -133.875107 -750.128723
v 139.092407 -155.682495 -736.192871
v 79.622299 -191.013397 -775.181519
v 94.963501 -205.487396 -780.522583
v 104.312401 -182.013000 -809.586975
v 86.935898 -173.797897 -790.871826
v 79.622299 -191.013397 -775.181519
v 104.312401 -182.013000 -809.586975
v 194.657501 -138.807098 -764.245728
v 197.237503 -165.669403 -753.252075
v 161.516495 -133.875107 -750.128723
v 197.237503 -165.669403 -753.252075
v 194.657501 -138.807098 -764.245728
v 198.674805 -146.326004 -794.060730
v 163.801407 -184.926193 -744.867126
v 140.082596 -177.120102 -752.542175
v 162.634995 -164.809296 -735.455505
v 119.953598 -163.975204 -734.517883
v 140.082596 -177.120102 -752.542175
v 146.493805 -196.660706 -753.083923
v 137.990295 -166.194305 -820.011292
v 116.984802 -164.295807 -831.111084
v 137.645996 -166.720001 -838.793884
v 116.984802 -164.295807 -831.111084
v 137.990295 -166.194305 -820.011292
v 120.955101 -124.820198 -804.072876
v 174.071198 -213.606003 -793.030579
v 184.150299 -196.864594 -779.014099
v 183.294998 -194.623306 -807.016479
v 184.150299 -196.864594 -779.014099
v 203.944595 -167.944199 -786.772827
v 196.528107 -182.461502 -807.121582
v 127.352699 -213.306702 -803.210815
v 114.022202 -204.931595 -791.042480
v 144.626602 -225.080902 -785.363586
v 122.330002 -186.400696 -833.233887
v 114.022202 -204.931595 -791.042480
v 127.352699 -213.306702 -803.210815
v 160.389008 -217.421097 -771.863098
v 144.626602 -225.080902 -785.363586
v 140.217606 -216.226898 -766.065979
v 140.217606 -216.226898 -766.065979
v 146.493805 -196.660706 -753.083923
v 160.389008 -217.421097 -771.863098
v 182.480301 -116.548798 -796.151428
v 163.534805 -112.151604 -782.299805
v 163.796906 -124.079803 -806.992004
v 194.657501 -138.807098 -764.245728
v 176.740295 -118.875603 -773.723083
v 182.480301 -116.548798 -796.151428
v 163.422897 -219.967407 -800.560181
v 141.279999 -207.209793 -834.073303
v 144.626602 -225.080902 -785.363586
v 144.626602 -225.080902 -785.363586
v 160.389008 -217.421097 -771.863098
v 174.071198 -213.606003 -793.030579
v 119.953598 -163.975204 -734.517883
v 98.522598 -148.759094 -753.051575
v 139.092407 -155.682495 -736.192871
v 140.082596 -177.120102 -752.542175
v 119.953598 -163.975204 -734.517883
v 139.092407 -155.682495 -736.192871
v 86.485298 -145.223297 -784.442627
v 79.622299 -191.013397 -775.181519
v 86.935898 -173.797897 -790.871826
v 110.730797 -130.620407 -795.033386
v 86.485298 -145.223297 -784.442627
v 86.935898 -173.797897 -790.871826
v 203.944595 -167.944199 -786.772827
v 203.640594 -160.054199 -804.578979
v 196.528107 -182.461502 -807.121582
v 203.944595 -167.944199 -786.772827
v 197.237503 -165.669403 -753.252075
v 198.674805 -146.326004 -794.060730
v 163.801407 -184.926193 -744.867126
v 160.389008 -217.421097 -771.863098
v 146.493805 -196.660706 -753.083923
v 146.493805 -196.660706 -753.083923
v 140.082596 -177.120102 -752.542175
v 163.801407 -184.926193 -744.867126
v 171.819504 -180.466705 -839.262390
v 160.534607 -194.497696 -840.535583
v 163.422897 -219.967407 -800.560181
v 171.819504 -180.466705 -839.262390
v 155.057098 -174.426804 -841.955627
v 160.534607 -194.497696 -840.535583
v 116.984802 -164.295807 -831.111084
v 120.955101 -124.820198 -804.072876
v 110.730797 -130.620407 -795.033386
v 120.955101 -124.820198 -804.072876
v 122.742996 -121.822899 -771.676392
v 110.730797 -130.620407 -795.033386
v 145.854507 -118.651398 -792.630310
v 163.796906 -124.079803 -806.992004
v 163.534805 -112.151604 -782.299805
v 145.854507 -118.651398 -792.630310
v 120.955101 -124.820198 -804.072876
v 163.796906 -124.079803 -806.992004
v 98.522598 -148.759094 -753.051575
v 93.617699 -190.378906 -758.810120
v 79.622299 -191.013397 -775.181519
v 103.746101 -207.102295 -760.300781
v 79.622299 -191.013397 -775.181519
v 93.617699 -190.378906 -758.810120
v 101.994797 -138.380005 -753.880127
v 139.092407 -155.682495 -736.192871
v 98.522598 -148.759094 -753.051575
v 101.994797 -138.380005 -753.880127
v 98.522598 -148.759094 -753.051575
v 86.485298 -145.223297 -784.442627
v 104.312401 -182.013000 -809.586975
v 94.963501 -205.487396 -780.522583
v 114.022202 -204.931595 -791.042480
v 114.022202 -204.931595 -791.042480
v 94.963501 -205.487396 -780.522583
v 126.766602 -203.214600 -755.677490
v 137.645996 -166.720001 -838.793884
v 155.057098 -174.426804 -841.955627
v 137.990295 -166.194305 -820.011292
v 155.057098 -174.426804 -841.955627
v 137.645996 -166.720001 -838.793884
v 160.534607 -194.497696 -840.535583
v 140.217606 -216.226898 -766.065979
v 126.766602 -203.214600 -755.677490
v 146.493805 -196.660706 -753.083923
v 140.217606 -216.226898 -766.065979
v 114.022202 -204.931595 -791.042480
v 126.766602 -203.214600 -755.677490
v 160.534607 -194.497696 -840.535583
v 122.330002 -186.400696 -833.233887
v 141.279999 -207.209793 -834.073303
v 141.279999 -207.209793 -834.073303
v 122.330002 -186.400696 -833.233887
v 127.352699 -213.306702 -803.210815
v 163.534805 -112.151604 -782.299805
v 182.480301 -116.548798 -796.151428
v 176.740295 -118.875603 -773.723083
v 176.740295 -118.875603 -773.723083
v 131.323593 -121.009300 -760.259705
v 163.534805 -112.151604 -782.299805
v 174.071198 -213.606003 -793.030579
v 163.422897 -219.967407 -800.560181
v 144.626602 -225.080902 -785.363586
v 183.294998 -194.623306 -807.016479
v 163.422897 -219.967407 -800.560181
v 174.071198 -213.606003 -793.030579
v 184.150299 -196.864594 -779.014099
v 196.528107 -182.461502 -807.121582
v 183.294998 -194.623306 -807.016479
v 183.294998 -194.623306 -807.016479
v 196.528107 -182.461502 -807.121582
v 171.819504 -180.466705 -839.262390
v 186.761902 -140.300400 -820.015686
v 181.244598 -153.906799 -820.535706
v 203.640594 -160.054199 -804.578979
v 181.244598 -153.906799 -820.535706
v 186.761902 -140.300400 -820.015686
v 163.796906 -124.079803 -806.992004
v 198.674805 -146.326004 -794.060730
v 203.640594 -160.054199 -804.578979
v 203.944595 -167.944199 -786.772827
v 198.674805 -146.326004 -794.060730
v 186.761902 -140.300400 -820.015686
v 203.640594 -160.054199 -804.578979
v 162.634995 -164.809296 -735.455505
v 140.082596 -177.120102 -752.542175
v 139.092407 -155.682495 -736.192871
v 161.516495 -133.875107 -750.128723
v 162.634995 -164.809296 -735.455505
v 139.092407 -155.682495 -736.192871
v 163.534805 -112.151604 -782.299805
v 131.323593 -121.009300 -760.259705
v 122.742996 -121.822899 -771.676392
v 131.323593 -121.009300 -760.259705
v 101.994797 -138.380005 -753.880127
v 122.742996 -121.822899 -771.676392
v 146.493805 -196.660706 -753.083923
v 126.766602 -203.214600 -755.677490
v 119.953598 -163.975204 -734.517883
v -866.125916 -590.947021 -495.642303
v -844.224487 -603.703186 -495.533295
v -855.402588 -578.790588 -504.705597
v -805.185181 -588.601379 -479.190613
v -811.358887 -564.117188 -480.642090
v -801.979675 -566.882019 -491.002502
v -821.635986 -570.779785 -530.345825
v -819.284302 -550.579224 -528.008789
v -839.244995 -569.006775 -531.600220
v -859.737305 -554.633972 -507.915009
v -870.418030 -568.898071 -500.635315
v -865.618286 -572.321716 -514.025513
v -850.108887 -534.666870 -497.090210
v -837.153076 -532.641785 -491.747101
v -828.979187 -543.693726 -485.154785
v -844.224487 -603.703186 -495.533295
v -862.438477 -596.524170 -486.233093
v -839.520691 -598.713928 -474.150909
v -839.520691 -598.713928 -474.150909
v -831.863525 -608.176270 -483.165009
v -844.224487 -603.703186 -495.533295
v -803.990173 -579.849121 -508.589691
v -805.185181 -588.601379 -479.190613
v -801.979675 -566.882019 -491.002502
v -847.148071 -530.003113 -509.885315
v -841.293030 -549.762573 -532.023621
v -821.726929 -545.532104 -523.767090
v -828.979187 -543.693726 -485.154785
v -837.153076 -532.641785 -491.747101
v -810.022278 -546.069885 -506.822906
v -805.185181 -588.601379 -479.190613
v -829.133301 -580.270630 -469.242798
v -811.358887 -564.117188 -480.642090
v -852.064209 -547.145386 -491.171295
v -834.887512 -549.327820 -474.139801
v -846.833496 -554.369629 -469.158295
v -871.423401 -572.122192 -482.917908
v -850.534790 -569.434814 -466.029510
v -868.452820 -587.179321 -483.039886
v -865.618286 -572.321716 -514.025513
v -870.418030 -568.898071 -500.635315
v -866.263916 -583.869629 -505.778412
v -821.635986 -570.779785 -530.345825
v -841.057617 -578.330872 -531.532227
v -828.137207 -589.020630 -525.012573
v -823.989319 -606.853271 -491.476807
v -822.182495 -608.507812 -513.091980
v -839.911316 -610.327576 -500.640015
v -833.775085 -600.263794 -516.608887
v -841.057617 -578.330872 -531.532227
v -855.402588 -578.790588 -504.705597
v -859.737305 -554.633972 -507.915009
v -865.618286 -572.321716 -514.025513
v -850.917419 -543.250793 -517.291626
v -805.185181 -588.601379 -479.190613
v -823.350708 -600.831299 -477.755402
v -829.133301 -580.270630 -469.242798
v -823.989319 -606.853271 -491.476807
v -806.266418 -598.575073 -494.931000
v -822.182495 -608.507812 -513.091980
v -803.990173 -579.849121 -508.589691
v -811.101624 -598.559082 -512.486572
v -806.266418 -598.575073 -494.931000
v -817.259521 -596.613220 -521.350830
v -821.635986 -570.779785 -530.345825
v -828.137207 -589.020630 -525.012573
v -858.025391 -554.625793 -482.747803
v -846.833496 -554.369629 -469.158295
v -871.423401 -572.122192 -482.917908
v -859.737305 -554.633972 -507.915009
v -852.064209 -547.145386 -491.171295
v -870.418030 -568.898071 -500.635315
v -837.153076 -532.641785 -491.747101
v -821.726929 -545.532104 -523.767090
v -810.022278 -546.069885 -506.822906
v -805.291016 -558.366089 -504.356598
v -819.284302 -550.579224 -528.008789
v -813.212402 -571.919128 -526.923523
v -842.720398 -574.366028 -465.022308
v -834.300720 -560.463989 -466.592285
v -829.133301 -580.270630 -469.242798
v -850.534790 -569.434814 -466.029510
v -844.754395 -588.584717 -472.553497
v -862.438477 -596.524170 -486.233093
v -865.618286 -572.321716 -514.025513
v -839.244995 -569.006775 -531.600220
v -850.917419 -543.250793 -517.291626
v -841.293030 -549.762573 -532.023621
v -839.244995 -569.006775 -531.600220
v -819.284302 -550.579224 -528.008789
v -829.133301 -580.270630 -469.242798
v -834.300720 -560.463989 -466.592285
v -811.358887 -564.117188 -480.642090
v -834.835388 -532.300903 -504.086700
v -821.726929 -545.532104 -523.767090
v -837.153076 -532.641785 -491.747101
v -850.108887 -534.666870 -497.090210
v -847.148071 -530.003113 -509.885315
v -837.153076 -532.641785 -491.747101
v -822.182495 -608.507812 -513.091980
v -833.775085 -600.263794 -516.608887
v -839.911316 -610.327576 -500.640015
v -855.402588 -578.790588 -504.705597
v -844.224487 -603.703186 -495.533295
v -833.775085 -600.263794 -516.608887
v -862.438477 -596.524170 -486.233093
v -844.224487 -603.703186 -495.533295
v -866.125916 -590.947021 -495.642303
v -866.263916 -583.869629 -505.778412
v -870.418030 -568.898071 -500.635315
v -868.452820 -587.179321 -483.039886
v -803.990173 -579.849121 -508.589691
v -813.212402 -571.919128 -526.923523
v -811.101624 -598.559082 -512.486572
v -813.212402 -571.919128 -526.923523
v -803.990173 -579.849121 -508.589691
v -805.291016 -558.366089 -504.356598
v -847.148071 -530.003113 -509.885315
v -850.108887 -534.666870 -497.090210
v -859.737305 -554.633972 -507.915009
v -850.917419 -543.250793 -517.291626
v -847.148071 -530.003113 -509.885315
v -859.737305 -554.633972 -507.915009
v -806.266418 -598.575073 -494.931000
v -805.185181 -588.601379 -479.190613
v -803.990173 -579.849121 -508.589691
v -805.185181 -588.601379 -479.190613
v -806.266418 -598.575073 -494.931000
v -823.989319 -606.853271 -491.476807
v -811.358887 -564.117188 -480.642090
v -818.930603 -557.114990 -493.819489
v -801.979675 -566.882019 -491.002502
v -810.022278 -546.069885 -506.822906
v -818.930603 -557.114990 -493.819489
v -822.068970 -554.525818 -481.285614
v -855.402588 -578.790588 -504.705597
v -865.618286 -572.321716 -514.025513
v -866.263916 -583.869629 -505.778412
v -865.618286 -572.321716 -514.025513
v -855.402588 -578.790588 -504.705597
v -841.057617 -578.330872 -531.532227
v -842.720398 -574.366028 -465.022308
v -829.133301 -580.270630 -469.242798
v -844.754395 -588.584717 -472.553497
v -829.133301 -580.270630 -469.242798
v -823.350708 -600.831299 -477.755402
v -839.520691 -598.713928 -474.150909
v -858.025391 -554.625793 -482.747803
v -852.064209 -547.145386 -491.171295
v -846.833496 -554.369629 -469.158295
v -870.418030 -568.898071 -500.635315
v -852.064209 -547.145386 -491.171295
v -858.025391 -554.625793 -482.747803
v -834.300720 -560.463989 -466.592285
v -846.833496 -554.369629 -469.158295
v -834.887512 -549.327820 -474.139801
v -834.887512 -549.327820 -474.139801
v -822.068970 -554.525818 -481.285614
v -834.300720 -560.463989 -466.592285
v -822.182495 -608.507812 -513.091980
v -817.259521 -596.613220 -521.350830
v -833.775085 -600.263794 -516.608887
v -806.266418 -598.575073 -494.931000
v -811.101624 -598.559082 -512.486572
v -822.182495 -608.507812 -513.091980
v -850.534790 -569.434814 -466.029510
v -871.423401 -572.122192 -482.917908
v -846.833496 -554.369629 -469.158295
v -846.833496 -554.369629 -469.158295
v -834.300720 -560.463989 -466.592285
v -842.720398 -574.366028 -465.022308
v -810.022278 -546.069885 -506.822906
v -821.726929 -545.532104 -523.767090
v -805.291016 -558.366089 -504.356598
v -818.930603 -557.114990 -493.819489
v -810.022278 -546.069885 -506.822906
v -805.291016 -558.366089 -504.356598
v -841.293030 -549.762573 -532.023621
v -847.148071 -530.003113 -509.885315
v -850.917419 -543.250793 -517.291626
v -839.244995 -569.006775 -531.600220
v -841.293030 -549.762573 -532.023621
v -850.917419 -543.250793 -517.291626
v -823.350708 -600.831299 -477.755402
v -831.863525 -608.176270 -483.165009
v -839.520691 -598.713928 -474.150909
v -823.350708 -600.831299 -477.755402
v -805.185181 -588.601379 -479.190613
v -823.989319 -606.853271 -491.476807
v -811.358887 -564.117188 -480.642090
v -834.300720 -560.463989 -466.592285
v -822.068970 -554.525818 -481.285614
v -822.068970 -554.525818 -481.285614
v -818.930603 -557.114990 -493.819489
v -811.358887 -564.117188 -480.642090
v -862.438477 -596.524170 -486.233093
v -868.452820 -587.179321 -483.039886
v -850.534790 -569.434814 -466.029510
v -862.438477 -596.524170 -486.233093
v -866.125916 -590.947021 -495.642303
v -868.452820 -587.179321 -483.039886
v -865.618286 -572.321716 -514.025513
v -841.057617 -578.330872 -531.532227
v -839.244995 -569.006775 -531.600220
v -841.057617 -578.330872 -531.532227
v -821.635986 -570.779785 -530.345825
v -839.244995 -569.006775 -531.600220
v -828.137207 -589.020630 -525.012573
v -833.775085 -600.263794 -516.608887
v -817.259521 -596.613220 -521.350830
v -828.137207 -589.020630 -525.012573
v -841.057617 -578.330872 -531.532227
v -833.775085 -600.263794 -516.608887
v -821.726929 -545.532104 -523.767090
v -834.835388 -532.300903 -504.086700
v -847.148071 -530.003113 -509.885315
v -837.153076 -532.641785 -491.747101
v -847.148071 -530.003113 -509.885315
v -834.835388 -532.300903 -504.086700
v -819.284302 -550.579224 -528.008789
v -805.291016 -558.366089 -504.356598
v -821.726929 -545.532104 -523.767090
v -819.284302 -550.579224 -528.008789
v -821.726929 -545.532104 -523.767090
v -841.293030 -549.762573 -532.023621
v -859.737305 -554.633972 -507.915009
v -850.108887 -534.666870 -497.090210
v -852.064209 -547.145386 -491.171295
v -852.064209 -547.145386 -491.171295
v -850.108887 -534.666870 -497.090210
v -828.979187 -543.693726 -485.154785
v -866.263916 -583.869629 -505.778412
v -866.125916 -590.947021 -495.642303
v -855.402588 -578.790588 -504.705597
v -866.125916 -590.947021 -495.642303
v -866.263916 -583.869629 -505.778412
v -868.452820 -587.179321 -483.039886
v -834.887512 -549.327820 -474.139801
v -828.979187 -543.693726 -485.154785
v -822.068970 -554.525818 -481.285614
v -834.887512 -549.327820 -474.139801
v -852.064209 -547.145386 -491.171295
v -828.979187 -543.693726 -485.154785
v -868.452820 -587.179321 -483.039886
v -870.418030 -568.898071 -500.635315
v -871.423401 -572.122192 -482.917908
v -871.423401 -572.122192 -482.917908
v -870.418030 -568.898071 -500.635315
v -858.025391 -554.625793 -482.747803
v -817.259521 -596.613220 -521.350830
v -822.182495 -608.507812 -513.091980
v -811.101624 -598.559082 -512.486572
v -811.101624 -598.559082 -512.486572
v -813.212402 -571.919128 -526.923523
v -817.259521 -596.613220 -521.350830
v -842.720398 -574.366028 -465.022308
v -850.534790 -569.434814 -466.029510
v -846.833496 -554.369629 -469.158295
v -844.754395 -588.584717 -472.553497
v -850.534790 -569.434814 -466.029510
v -842.720398 -574.366028 -465.022308
v -829.133301 -580.270630 -469.242798
v -839.520691 -598.713928 -474.150909
v -844.754395 -588.584717 -472.553497
v -844.754395 -588.584717 -472.553497
v -839.520691 -598.713928 -474.150909
v -862.438477 -596.524170 -486.233093
v -839.911316 -610.327576 -500.640015
v -844.224487 -603.703186 -495.533295
v -831.863525 -608.176270 -483.165009
v -844.224487 -603.703186 -495.533295
v -839.911316 -610.327576 -500.640015
v -833.775085 -600.263794 -516.608887
v -823.989319 -606.853271 -491.476807
v -831.863525 -608.176270 -483.165009
v -823.350708 -600.831299 -477.755402
v -823.989319 -606.853271 -491.476807
v -839.911316 -610.327576 -500.640015
v -831.863525 -608.176270 -483.165009
v -801.979675 -566.882019 -491.002502
v -818.930603 -557.114990 -493.819489
v -805.291016 -558.366089 -504.356598
v -803.990173 -579.849121 -508.589691
v -801.979675 -566.882019 -491.002502
v -805.291016 -558.366089 -504.356598
v -817.259521 -596.613220 -521.350830
v -813.212402 -571.919128 -526.923523
v -821.635986 -570.779785 -530.345825
v -813.212402 -571.919128 -526.923523
v -819.284302 -550.579224 -528.008789
v -821.635986 -570.779785 -530.345825
v -822.068970 -554.525818 -481.285614
v -828.979187 -543.693726 -485.154785
v -810.022278 -546.069885 -506.822906
v -1518.713867 1142.786865 -550.420776
v -1520.412354 1124.722778 -532.723022
v -1517.768555 1127.727783 -561.248474
v -1490.709595 1091.662842 -526.088806
v -1480.774780 1092.749756 -549.323425
v -1488.800049 1081.004883 -548.545471
v -1527.794067 1086.398438 -568.540222
v -1515.052246 1081.618408 -583.831909
v -1531.722168 1101.953247 -576.117981
v -1509.070557 1126.569092 -584.392029
v -1512.566406 1141.334839 -572.547913
v -1524.435791 1132.900024 -573.971130
v -1487.810181 1117.999023 -593.509277
v -1479.541260 1107.503174 -588.822327
v -1477.920166 1104.059326 -574.060120
v -1520.412354 1124.722778 -532.723022
v -1512.921753 1143.530884 -540.464600
v -1499.042358 1126.835938 -526.158630
v -1499.042358 1126.835938 -526.158630
v -1509.727173 1118.271729 -519.684875
v -1520.412354 1124.722778 -532.723022
v -1510.491699 1079.041626 -545.880493
v -1490.709595 1091.662842 -526.088806
v -1488.800049 1081.004883 -548.545471
v -1495.459839 1110.105103 -602.076782
v -1522.713257 1100.459229 -593.185730
v -1509.471924 1084.475464 -587.014771
v -1477.920166 1104.059326 -574.060120
v -1479.541260 1107.503174 -588.822327
v -1493.110352 1079.530640 -575.515076
v -1490.709595 1091.662842 -526.088806
v -1483.325195 1115.800171 -536.323730
v -1480.774780 1092.749756 -549.323425
v -1489.654663 1123.931274 -581.020203
v -1472.881836 1114.234131 -566.374023
v -1473.866943 1127.830811 -563.708984
v -1499.661621 1148.859131 -562.440491
v -1479.729126 1134.860229 -550.799011
v -1506.793945 1148.607910 -548.853027
v -1524.435791 1132.900024 -573.971130
v -1512.566406 1141.334839 -572.547913
v -1523.584961 1138.259521 -560.843384
v -1527.794067 1086.398438 -568.540222
v -1536.804443 1105.223633 -568.789612
v -1534.039307 1097.305054 -552.872009
v -1514.286621 1107.928955 -521.939514
v -1532.752197 1099.154541 -529.372498
v -1527.114746 1120.106445 -527.997009
v -1533.975342 1107.282959 -541.503113
v -1536.804443 1105.223633 -568.789612
v -1517.768555 1127.727783 -561.248474
v -1509.070557 1126.569092 -584.392029
v -1524.435791 1132.900024 -573.971130
v -1509.189453 1113.292969 -595.301819
v -1490.709595 1091.662842 -526.088806
v -1499.648315 1111.010498 -520.855408
v -1483.325195 1115.800171 -536.323730
v -1514.286621 1107.928955 -521.939514
v -1509.137939 1088.967163 -524.855713
v -1532.752197 1099.154541 -529.372498
v -1510.491699 1079.041626 -545.880493
v -1524.797852 1087.438843 -534.021118
v -1509.137939 1088.967163 -524.855713
v -1532.516846 1089.777100 -541.452820
v -1527.794067 1086.398438 -568.540222
v -1534.039307 1097.305054 -552.872009
v -1487.727295 1133.580688 -572.919373
v -1473.866943 1127.830811 -563.708984
v -1499.661621 1148.859131 -562.440491
v -1509.070557 1126.569092 -584.392029
v -1489.654663 1123.931274 -581.020203
v -1512.566406 1141.334839 -572.547913
v -1479.541260 1107.503174 -588.822327
v -1509.471924 1084.475464 -587.014771
v -1493.110352 1079.530640 -575.515076
v -1496.301514 1078.070435 -562.578674
v -1515.052246 1081.618408 -583.831909
v -1523.712158 1079.970825 -563.442627
v -1479.721924 1128.809814 -543.743225
v -1472.138916 1118.145752 -553.510315
v -1483.325195 1115.800171 -536.323730
v -1479.729126 1134.860229 -550.799011
v -1493.676758 1130.514160 -535.657715
v -1512.921753 1143.530884 -540.464600
v -1524.435791 1132.900024 -573.971130
v -1531.722168 1101.953247 -576.117981
v -1509.189453 1113.292969 -595.301819
v -1522.713257 1100.459229 -593.185730
v -1531.722168 1101.953247 -576.117981
v -1515.052246 1081.618408 -583.831909
v -1483.325195 1115.800171 -536.323730
v -1472.138916 1118.145752 -553.510315
v -1480.774780 1092.749756 -549.323425
v -1489.151611 1101.088013 -593.745911
v -1509.471924 1084.475464 -587.014771
v -1479.541260 1107.503174 -588.822327
v -1487.810181 1117.999023 -593.509277
v -1495.459839 1110.105103 -602.076782
v -1479.541260 1107.503174 -588.822327
v -1532.752197 1099.154541 -529.372498
v -1533.975342 1107.282959 -541.503113
v -1527.114746 1120.106445 -527.997009
v -1517.768555 1127.727783 -561.248474
v -1520.412354 1124.722778 -532.723022
v -1533.975342 1107.282959 -541.503113
v -1512.921753 1143.530884 -540.464600
v -1520.412354 1124.722778 -532.723022
v -1518.713867 1142.786865 -550.420776
v -1523.584961 1138.259521 -560.843384
v -1512.566406 1141.334839 -572.547913
v -1506.793945 1148.607910 -548.853027
v -1510.491699 1079.041626 -545.880493
v -1523.712158 1079.970825 -563.442627
v -1524.797852 1087.438843 -534.021118
v -1523.712158 1079.970825 -563.442627
v -1510.491699 1079.041626 -545.880493
v -1496.301514 1078.070435 -562.578674
v -1495.459839 1110.105103 -602.076782
v -1487.810181 1117.999023 -593.509277
v -1509.070557 1126.569092 -584.392029
v -1509.189453 1113.292969 -595.301819
v -1495.459839 1110.105103 -602.076782
v -1509.070557 1126.569092 -584.392029
v -1509.137939 1088.967163 -524.855713
v -1490.709595 1091.662842 -526.088806
v -1510.491699 1079.041626 -545.880493
v -1490.709595 1091.662842 -526.088806
v -1509.137939 1088.967163 -524.855713
v -1514.286621 1107.928955 -521.939514
v -1480.774780 1092.749756 -549.323425
v -1489.816040 1094.070312 -563.341492
v -1488.800049 1081.004883 -548.545471
v -1493.110352 1079.530640 -575.515076
v -1489.816040 1094.070312 -563.341492
v -1478.727905 1100.816772 -561.064209
v -1517.768555 1127.727783 -561.248474
v -1524.435791 1132.900024 -573.971130
v -1523.584961 1138.259521 -560.843384
v -1524.435791 1132.900024 -573.971130
v -1517.768555 1127.727783 -561.248474
v -1536.804443 1105.223633 -568.789612
v -1479.721924 1128.809814 -543.743225
v -1483.325195 1115.800171 -536.323730
v -1493.676758 1130.514160 -535.657715
v -1483.325195 1115.800171 -536.323730
v -1499.648315 1111.010498 -520.855408
v -1499.042358 1126.835938 -526.158630
v -1487.727295 1133.580688 -572.919373
v -1489.654663 1123.931274 -581.020203
v -1473.866943 1127.830811 -563.708984
v -1512.566406 1141.334839 -572.547913
v -1489.654663 1123.931274 -581.020203
v -1487.727295 1133.580688 -572.919373
v -1472.138916 1118.145752 -553.510315
v -1473.866943 1127.830811 -563.708984
v -1472.881836 1114.234131 -566.374023
v -1472.881836 1114.234131 -566.374023
v -1478.727905 1100.816772 -561.064209
v -1472.138916 1118.145752 -553.510315
v -1532.752197 1099.154541 -529.372498
v -1532.516846 1089.777100 -541.452820
v -1533.975342 1107.282959 -541.503113
v -1509.137939 1088.967163 -524.855713
v -1524.797852 1087.438843 -534.021118
v -1532.752197 1099.154541 -529.372498
v -1479.729126 1134.860229 -550.799011
v -1499.661621 1148.859131 -562.440491
v -1473.866943 1127.830811 -563.708984
v -1473.866943 1127.830811 -563.708984
v -1472.138916 1118.145752 -553.510315
v -1479.721924 1128.809814 -543.743225
v -1493.110352 1079.530640 -575.515076
v -1509.471924 1084.475464 -587.014771
v -1496.301514 1078.070435 -562.578674
v -1489.816040 1094.070312 -563.341492
v -1493.110352 1079.530640 -575.515076
v -1496.301514 1078.070435 -562.578674
v -1522.713257 1100.459229 -593.185730
v -1495.459839 1110.105103 -602.076782
v -1509.189453 1113.292969 -595.301819
v -1531.722168 1101.953247 -576.117981
v -1522.713257 1100.459229 -593.185730
v -1509.189453 1113.292969 -595.301819
v -1499.648315 1111.010498 -520.855408
v -1509.727173 1118.271729 -519.684875
v -1499.042358 1126.835938 -526.158630
v -1499.648315 1111.010498 -520.855408
v -1490.709595 1091.662842 -526.088806
v -1514.286621 1107.928955 -521.939514
v -1480.774780 1092.749756 -549.323425
v -1472.138916 1118.145752 -553.510315
v -1478.727905 1100.816772 -561.064209
v -1478.727905 1100.816772 -561.064209
v -1489.816040 1094.070312 -563.341492
v -1480.774780 1092.749756 -549.323425
v -1512.921753 1143.530884 -540.464600
v -1506.793945 1148.607910 -548.853027
v -1479.729126 1134.860229 -550.799011
v -1512.921753 1143.530884 -540.464600
v -1518.713867 1142.786865 -550.420776
v -1506.793945 1148.607910 -548.853027
v -1524.435791 1132.900024 -573.971130
v -1536.804443 1105.223633 -568.789612
v -1531.722168 1101.953247 -576.117981
v -1536.804443 1105.223633 -568.789612
v -1527.794067 1086.398438 -568.540222
v -1531.722168 1101.953247 -576.117981
v -1534.039307 1097.305054 -552.872009
v -1533.975342 1107.282959 -541.503113
v -1532.516846 1089.777100 -541.452820
v -1534.039307 1097.305054 -552.872009
v -1536.804443 1105.223633 -568.789612
v -1533.975342 1107.282959 -541.503113
v -1509.471924 1084.475464 -587.014771
v -1489.151611 1101.088013 -593.745911
v -1495.459839 1110.105103 -602.076782
v -1479.541260 1107.503174 -588.822327
v -1495.459839 1110.105103 -602.076782
v -1489.151611 1101.088013 -593.745911
v -1515.052246 1081.618408 -583.831909
v -1496.301514 1078.070435 -562.578674
v -1509.471924 1084.475464 -587.014771
v -1515.052246 1081.618408 -583.831909
v -1509.471924 1084.475464 -587.014771
v -1522.713257 1100.459229 -593.185730
v -1509.070557 1126.569092 -584.392029
v -1487.810181 1117.999023 -593.509277
v -1489.654663 1123.931274 -581.020203
v -1489.654663 1123.931274 -581.020203
v -1487.810181 1117.999023 -593.509277
v -1477.920166 1104.059326 -574.060120
v -1523.584961 1138.259521 -560.843384
v -1518.713867 1142.786865 -550.420776
v -1517.768555 1127.727783 -561.248474
v -1518.713867 1142.786865 -550.420776
v -1523.584961 1138.259521 -560.843384
v -1506.793945 1148.607910 -548.853027
v -1472.881836 1114.234131 -566.374023
v -1477.920166 1104.059326 -574.060120
v -1478.727905 1100.816772 -561.064209
v -1472.881836 1114.234131 -566.374023
v -1489.654663 1123.931274 -581.020203
v -1477.920166 1104.059326 -574.060120
v -1506.793945 1148.607910 -548.853027
v -1512.566406 1141.334839 -572.547913
v -1499.661621 1148.859131 -562.440491
v -1499.661621 1148.859131 -562.440491
v -1512.566406 1141.334839 -572.547913
v -1487.727295 1133.580688 -572.919373
v -1532.516846 1089.777100 -541.452820
v -1532.752197 1099.154541 -529.372498
v -1524.797852 1087.438843 -534.021118
v -1524.797852 1087.438843 -534.021118
v -1523.712158 1079.970825 -563.442627
v -1532.516846 1089.777100 -541.452820
v -1479.721924 1128.809814 -543.743225
v -1479.729126 1134.860229 -550.799011
v -1473.866943 1127.830811 -563.708984
v -1493.676758 1130.514160 -535.657715
v -1479.729126 1134.860229 -550.799011
v -1479.721924 1128.809814 -543.743225
v -1483.325195 1115.800171 -536.323730
v -1499.042358 1126.835938 -526.158630
v -1493.676758 1130.514160 -535.657715
v -1493.676758 1130.514160 -535.657715
v -1499.042358 1126.835938 -526.158630
v -1512.921753 1143.530884 -540.464600
v -1527.114746 1120.106445 -527.997009
v -1520.412354 1124.722778 -532.723022
v -1509.727173 1118.271729 -519.684875
v -1520.412354 1124.722778 -532.723022
v -1527.114746 1120.106445 -527.997009
v -1533.975342 1107.282959 -541.503113
v -1514.286621 1107.928955 -521.939514
v -1509.727173 1118.271729 -519.684875
v -1499.648315 1111.010498 -520.855408
v -1514.286621 1107.928955 -521.939514
v -1527.114746 1120.106445 -527.997009
v -1509.727173 1118.271729 -519.684875
v -1488.800049 1081.004883 -548.545471
v -1489.816040 1094.070312 -563.341492
v -1496.301514 1078.070435 -562.578674
v -1510.491699 1079.041626 -545.880493
v -1488.800049 1081.004883 -548.545471
v -1496.301514 1078.070435 -562.578674
v -1532.516846 1089.777100 -541.452820
v -1523.712158 1079.970825 -563.442627
v -1527.794067 1086.398438 -568.540222
v -1523.712158 1079.970825 -563.442627
v -1515.052246 1081.618408 -583.831909
v -1527.794067 1086.398438 -568.540222
v -1478.727905 1100.816772 -561.064209
v -1477.920166 1104.059326 -574.060120
v -1493.110352 1079.530640 -575.515076
v -1073.588379 525.353821 -720.646179
v -1050.763306 493.867310 -727.945312
v -1086.398438 515.553772 -744.739075
v -1015.775879 481.629089 -787.504211
v -1038.275757 505.153687 -809.852783
v -1043.356445 484.087402 -814.854797
v -1102.404907 464.246704 -785.345581
v -1111.802734 479.507385 -811.805176
v -1116.412109 481.997101 -769.347473
v -1109.698730 535.365173 -768.354797
v -1097.649658 541.858826 -741.601929
v -1108.987305 522.047180 -740.788330
v -1103.687500 551.057373 -803.007507
v -1090.133545 544.638916 -819.247925
v -1069.121338 534.150513 -815.385925
v -1050.763306 493.867310 -727.945312
v -1055.659668 526.134216 -719.010986
v -1024.447388 512.806213 -741.274597
v -1024.447388 512.806213 -741.274597
v -1024.361084 489.585602 -736.809570
v -1050.763306 493.867310 -727.945312
v -1057.753418 459.882385 -795.352783
v -1015.775879 481.629089 -787.504211
v -1043.356445 484.087402 -814.854797
v -1120.985718 539.812073 -809.913879
v -1131.411377 498.355286 -789.857727
v -1111.510254 489.731293 -815.787476
v -1069.121338 534.150513 -815.385925
v -1090.133545 544.638916 -819.247925
v -1082.498291 493.352112 -829.185608
v -1015.775879 481.629089 -787.504211
v -1024.306030 521.093872 -774.168030
v -1038.275757 505.153687 -809.852783
v -1088.998657 548.954529 -787.069824
v -1055.263672 545.943420 -804.114380
v -1053.202637 558.617676 -786.640320
v -1073.936523 556.815979 -738.994812
v -1041.345337 553.693115 -765.532471
v -1061.894775 542.232483 -724.283875
v -1108.987305 522.047180 -740.788330
v -1097.649658 541.858826 -741.601929
v -1091.189575 521.507202 -727.569702
v -1102.404907 464.246704 -785.345581
v -1111.104004 476.741211 -756.537415
v -1087.404297 461.729889 -757.924927
v -1030.637207 475.042694 -745.345886
v -1055.375000 451.945404 -742.541016
v -1049.865967 479.771088 -723.903320
v -1072.801514 466.546112 -740.001587
v -1111.104004 476.741211 -756.537415
v -1086.398438 515.553772 -744.739075
v -1109.698730 535.365173 -768.354797
v -1108.987305 522.047180 -740.788330
v -1123.584961 526.581421 -789.561218
v -1015.775879 481.629089 -787.504211
v -1017.196411 491.724609 -754.795715
v -1024.306030 521.093872 -774.168030
v -1030.637207 475.042694 -745.345886
v -1029.319458 460.497803 -772.701416
v -1055.375000 451.945404 -742.541016
v -1057.753418 459.882385 -795.352783
v -1054.359497 449.061401 -765.606628
v -1029.319458 460.497803 -772.701416
v -1070.697754 448.473907 -760.520874
v -1102.404907 464.246704 -785.345581
v -1087.404297 461.729889 -757.924927
v -1077.151367 556.987183 -773.248413
v -1053.202637 558.617676 -786.640320
v -1073.936523 556.815979 -738.994812
v -1109.698730 535.365173 -768.354797
v -1088.998657 548.954529 -787.069824
v -1097.649658 541.858826 -741.601929
v -1090.133545 544.638916 -819.247925
v -1111.510254 489.731293 -815.787476
v -1082.498291 493.352112 -829.185608
v -1067.987061 481.522095 -819.839478
v -1111.802734 479.507385 -811.805176
v -1091.977051 458.148407 -793.007812
v -1031.731323 543.065796 -767.810181
v -1037.836182 543.840881 -792.548218
v -1024.306030 521.093872 -774.168030
v -1041.345337 553.693115 -765.532471
v -1032.716064 527.247314 -748.066528
v -1055.659668 526.134216 -719.010986
v -1108.987305 522.047180 -740.788330
v -1116.412109 481.997101 -769.347473
v -1123.584961 526.581421 -789.561218
v -1131.411377 498.355286 -789.857727
v -1116.412109 481.997101 -769.347473
v -1111.802734 479.507385 -811.805176
v -1024.306030 521.093872 -774.168030
v -1037.836182 543.840881 -792.548218
v -1038.275757 505.153687 -809.852783
v -1104.315308 531.152588 -820.469421
v -1111.510254 489.731293 -815.787476
v -1090.133545 544.638916 -819.247925
v -1103.687500 551.057373 -803.007507
v -1120.985718 539.812073 -809.913879
v -1090.133545 544.638916 -819.247925
v -1055.375000 451.945404 -742.541016
v -1072.801514 466.546112 -740.001587
v -1049.865967 479.771088 -723.903320
v -1086.398438 515.553772 -744.739075
v -1050.763306 493.867310 -727.945312
v -1072.801514 466.546112 -740.001587
v -1055.659668 526.134216 -719.010986
v -1050.763306 493.867310 -727.945312
v -1073.588379 525.353821 -720.646179
v -1091.189575 521.507202 -727.569702
v -1097.649658 541.858826 -741.601929
v -1061.894775 542.232483 -724.283875
v -1057.753418 459.882385 -795.352783
v -1091.977051 458.148407 -793.007812
v -1054.359497 449.061401 -765.606628
v -1091.977051 458.148407 -793.007812
v -1057.753418 459.882385 -795.352783
v -1067.987061 481.522095 -819.839478
v -1120.985718 539.812073 -809.913879
v -1103.687500 551.057373 -803.007507
v -1109.698730 535.365173 -768.354797
v -1123.584961 526.581421 -789.561218
v -1120.985718 539.812073 -809.913879
v -1109.698730 535.365173 -768.354797
v -1029.319458 460.497803 -772.701416
v -1015.775879 481.629089 -787.504211
v -1057.753418 459.882385 -795.352783
v -1015.775879 481.629089 -787.504211
v -1029.319458 460.497803 -772.701416
v -1030.637207 475.042694 -745.345886
v -1038.275757 505.153687 -809.852783
v -1064.365845 505.843414 -808.739929
v -1043.356445 484.087402 -814.854797
v -1082.498291 493.352112 -829.185608
v -1064.365845 505.843414 -808.739929
v -1052.468750 522.567322 -810.156006
v -1086.398438 515.553772 -744.739075
v -1108.987305 522.047180 -740.788330
v -1091.189575 521.507202 -727.569702
v -1108.987305 522.047180 -740.788330
v -1086.398438 515.553772 -744.739075
v -1111.104004 476.741211 -756.537415
v -1031.731323 543.065796 -767.810181
v -1024.306030 521.093872 -774.168030
v -1032.716064 527.247314 -748.066528
v -1024.306030 521.093872 -774.168030
v -1017.196411 491.724609 -754.795715
v -1024.447388 512.806213 -741.274597
v -1077.151367 556.987183 -773.248413
v -1088.998657 548.954529 -787.069824
v -1053.202637 558.617676 -786.640320
v -1097.649658 541.858826 -741.601929
v -1088.998657 548.954529 -787.069824
v -1077.151367 556.987183 -773.248413
v -1037.836182 543.840881 -792.548218
v -1053.202637 558.617676 -786.640320
v -1055.263672 545.943420 -804.114380
v -1055.263672 545.943420 -804.114380
v -1052.468750 522.567322 -810.156006
v -1037.836182 543.840881 -792.548218
v -1055.375000 451.945404 -742.541016
v -1070.697754 448.473907 -760.520874
v -1072.801514 466.546112 -740.001587
v -1029.319458 460.497803 -772.701416
v -1054.359497 449.061401 -765.606628
v -1055.375000 451.945404 -742.541016
v -1041.345337 553.693115 -765.532471
v -1073.936523 556.815979 -738.994812
v -1053.202637 558.617676 -786.640320
v -1053.202637 558.617676 -786.640320
v -1037.836182 543.840881 -792.548218
v -1031.731323 543.065796 -767.810181
v -1082.498291 493.352112 -829.185608
v -1111.510254 489.731293 -815.787476
v -1067.987061 481.522095 -819.839478
v -1064.365845 505.843414 -808.739929
v -1082.498291 493.352112 -829.185608
v -1067.987061 481.522095 -819.839478
v -1131.411377 498.355286 -789.857727
v -1120.985718 539.812073 -809.913879
v -1123.584961 526.581421 -789.561218
v -1116.412109 481.997101 -769.347473
v -1131.411377 498.355286 -789.857727
v -1123.584961 526.581421 -789.561218
v -1017.196411 491.724609 -754.795715
v -1024.361084 489.585602 -736.809570
v -1024.447388 512.806213 -741.274597
v -1017.196411 491.724609 -754.795715
v -1015.775879 481.629089 -787.504211
v -1030.637207 475.042694 -745.345886
v -1038.275757 505.153687 -809.852783
v -1037.836182 543.840881 -792.548218
v -1052.468750 522.567322 -810.156006
v -1052.468750 522.567322 -810.156006
v -1064.365845 505.843414 -808.739929
v -1038.275757 505.153687 -809.852783
v -1055.659668 526.134216 -719.010986
v -1061.894775 542.232483 -724.283875
v -1041.345337 553.693115 -765.532471
v -1055.659668 526.134216 -719.010986
v -1073.588379 525.353821 -720.646179
v -1061.894775 542.232483 -724.283875
v -1108.987305 522.047180 -740.788330
v -1111.104004 476.741211 -756.537415
v -1116.412109 481.997101 -769.347473
v -1111.104004 476.741211 -756.537415
v -1102.404907 464.246704 -785.345581
v -1116.412109 481.997101 -769.347473
v -1087.404297 461.729889 -757.924927
v -1072.801514 466.546112 -740.001587
v -1070.697754 448.473907 -760.520874
v -1087.404297 461.729889 -757.924927
v -1111.104004 476.741211 -756.537415
v -1072.801514 466.546112 -740.001587
v -1111.510254 489.731293 -815.787476
v -1104.315308 531.152588 -820.469421
v -1120.985718 539.812073 -809.913879
v -1090.133545 544.638916 -819.247925
v -1120.985718 539.812073 -809.913879
v -1104.315308 531.152588 -820.469421
v -1111.802734 479.507385 -811.805176
v -1067.987061 481.522095 -819.839478
v -1111.510254 489.731293 -815.787476
v -1111.802734 479.507385 -811.805176
v -1111.510254 489.731293 -815.787476
v -1131.411377 498.355286 -789.857727
v -1109.698730 535.365173 -768.354797
v -1103.687500 551.057373 -803.007507
v -1088.998657 548.954529 -787.069824
v -1088.998657 548.954529 -787.069824
v -1103.687500 551.057373 -803.007507
v -1069.121338 534.150513 -815.385925
v -1091.189575 521.507202 -727.569702
v -1073.588379 525.353821 -720.646179
v -1086.398438 515.553772 -744.739075
v -1073.588379 525.353821 -720.646179
v -1091.189575 521.507202 -727.569702
v -1061.894775 542.232483 -724.283875
v -1055.263672 545.943420 -804.114380
v -1069.121338 534.150513 -815.385925
v -1052.468750 522.567322 -810.156006
v -1055.263672 545.943420 -804.114380
v -1088.998657 548.954529 -787.069824
v -1069.121338 534.150513 -815.385925
v -1061.894775 542.232483 -724.283875
v -1097.649658 541.858826 -741.601929
v -1073.936523 556.815979 -738.994812
v -1073.936523 556.815979 -738.994812
v -1097.649658 541.858826 -741.601929
v -1077.151367 556.987183 -773.248413
v -1070.697754 448.473907 -760.520874
v -1055.375000 451.945404 -742.541016
v -1054.359497 449.061401 -765.606628
v -1054.359497 449.061401 -765.606628
v -1091.977051 458.148407 -793.007812
v -1070.697754 448.473907 -760.520874
v -1031.731323 543.065796 -767.810181
v -1041.345337 553.693115 -765.532471
v -1053.202637 558.617676 -786.640320
v -1032.716064 527.247314 -748.066528
v -1041.345337 553.693115 -765.532471
v -1031.731323 543.065796 -767.810181
v -1024.306030 521.093872 -774.168030
v -1024.447388 512.806213 -741.274597
v -1032.716064 527.247314 -748.066528
v -1032.716064 527.247314 -748.066528
v -1024.447388 512.806213 -741.274597
v -1055.659668 526.134216 -719.010986
v -1049.865967 479.771088 -723.903320
v -1050.763306 493.867310 -727.945312
v -1024.361084 489.585602 -736.809570
v -1050.763306 493.867310 -727.945312
v -1049.865967 479.771088 -723.903320
v -1072.801514 466.546112 -740.001587
v -1030.637207 475.042694 -745.345886
v -1024.361084 489.585602 -736.809570
v -1017.196411 491.724609 -754.795715
v -1030.637207 475.042694 -745.345886
v -1049.865967 479.771088 -723.903320
v -1024.361084 489.585602 -736.809570
v -1043.356445 484.087402 -814.854797
v -1064.365845 505.843414 -808.739929
v -1067.987061 481.522095 -819.839478
v -1057.753418 459.882385 -795.352783
v -1043.356445 484.087402 -814.854797
v -1067.987061 481.522095 -819.839478
v -1070.697754 448.473907 -760.520874
v -1091.977051 458.148407 -793.007812
v -1102.404907 464.246704 -785.345581
v -1091.977051 458.148407 -793.007812
v -1111.802734 479.507385 -811.805176
v -1102.404907 464.246704 -785.345581
v -1052.468750 522.567322 -810.156006
v -1069.121338 534.150513 -815.385925
v -1082.498291 493.352112 -829.185608
v -837.322510 555.304382 -517.231323
v -804.124878 555.709106 -529.666321
v -838.299194 576.968872 -531.531677
v -763.108276 602.884216 -523.126282
v -787.606323 627.728882 -517.278320
v -780.405884 630.448181 -535.658386
v -819.020996 609.078674 -578.859619
v -829.213074 635.146790 -572.820374
v -840.427002 598.501282 -572.091675
v -861.398193 602.621887 -528.887085
v -859.800171 578.341675 -517.360107
v -858.731079 576.788330 -537.737915
v -859.144470 634.187500 -515.132385
v -843.508301 646.255920 -513.667419
v -823.527710 639.295898 -511.013092
v -804.124878 555.709106 -529.666321
v -824.714294 551.881714 -507.744598
v -791.763611 566.481323 -502.876709
v -791.763611 566.481323 -502.876709
v -781.180725 560.023315 -520.056824
v -804.124878 555.709106 -529.666321
v -782.382690 612.289978 -560.324524
v -763.108276 602.884216 -523.126282
v -780.405884 630.448181 -535.658386
v -865.412598 641.055481 -532.266113
v -856.211426 620.086304 -567.839905
v -833.314819 639.730286 -565.147278
v -823.527710 639.295898 -511.013092
v -843.508301 646.255920 -513.667419
v -811.554321 648.596680 -548.468201
v -763.108276 602.884216 -523.126282
v -790.542725 596.371277 -497.505615
v -787.606323 627.728882 -517.278320
v -849.762207 618.212280 -509.013702
v -820.743896 629.033875 -495.052612
v -828.062378 614.755493 -484.095703
v -849.918396 574.928101 -494.400208
v -820.212891 594.241699 -481.344208
v -836.272583 558.990479 -498.944305
v -858.731079 576.788330 -537.737915
v -859.800171 578.341675 -517.360107
v -847.384583 563.021973 -528.989319
v -819.020996 609.078674 -578.859619
v -835.962585 586.023987 -573.048218
v -810.995789 582.895325 -572.585999
v -777.463013 566.702820 -534.250610
v -785.012390 564.580994 -563.650696
v -797.283508 550.517212 -539.642029
v -805.327881 565.927124 -561.288513
v -835.962585 586.023987 -573.048218
v -838.299194 576.968872 -531.531677
v -861.398193 602.621887 -528.887085
v -858.731079 576.788330 -537.737915
v -864.109924 621.974304 -542.882629
v -763.108276 602.884216 -523.126282
v -774.123413 575.292175 -515.404480
v -790.542725 596.371277 -497.505615
v -777.463013 566.702820 -534.250610
v -765.208130 589.104492 -545.202026
v -785.012390 564.580994 -563.650696
v -782.382690 612.289978 -560.324524
v -779.279785 584.494873 -565.926025
v -765.208130 589.104492 -545.202026
v -791.852722 581.828125 -574.301086
v -819.020996 609.078674 -578.859619
v -810.995789 582.895325 -572.585999
v -847.044312 605.526428 -496.786102
v -828.062378 614.755493 -484.095703
v -849.918396 574.928101 -494.400208
v -861.398193 602.621887 -528.887085
v -849.762207 618.212280 -509.013702
v -859.800171 578.341675 -517.360107
v -843.508301 646.255920 -513.667419
v -833.314819 639.730286 -565.147278
v -811.554321 648.596680 -548.468201
v -796.579712 637.403992 -549.880676
v -829.213074 635.146790 -572.820374
v -807.182922 613.976074 -578.468323
v -807.626404 593.994507 -484.592194
v -808.659119 616.598694 -487.698303
v -790.542725 596.371277 -497.505615
v -820.212891 594.241699 -481.344208
v -803.786987 574.984619 -496.360199
v -824.714294 551.881714 -507.744598
v -858.731079 576.788330 -537.737915
v -840.427002 598.501282 -572.091675
v -864.109924 621.974304 -542.882629
v -856.211426 620.086304 -567.839905
v -840.427002 598.501282 -572.091675
v -829.213074 635.146790 -572.820374
v -790.542725 596.371277 -497.505615
v -808.659119 616.598694 -487.698303
v -787.606323 627.728882 -517.278320
v -847.277588 647.508423 -530.780884
v -833.314819 639.730286 -565.147278
v -843.508301 646.255920 -513.667419
v -859.144470 634.187500 -515.132385
v -865.412598 641.055481 -532.266113
v -843.508301 646.255920 -513.667419
v -785.012390 564.580994 -563.650696
v -805.327881 565.927124 -561.288513
v -797.283508 550.517212 -539.642029
v -838.299194 576.968872 -531.531677
v -804.124878 555.709106 -529.666321
v -805.327881 565.927124 -561.288513
v -824.714294 551.881714 -507.744598
v -804.124878 555.709106 -529.666321
v -837.322510 555.304382 -517.231323
v -847.384583 563.021973 -528.989319
v -859.800171 578.341675 -517.360107
v -836.272583 558.990479 -498.944305
v -782.382690 612.289978 -560.324524
v -807.182922 613.976074 -578.468323
v -779.279785 584.494873 -565.926025
v -807.182922 613.976074 -578.468323
v -782.382690 612.289978 -560.324524
v -796.579712 637.403992 -549.880676
v -865.412598 641.055481 -532.266113
v -859.144470 634.187500 -515.132385
v -861.398193 602.621887 -528.887085
v -864.109924 621.974304 -542.882629
v -865.412598 641.055481 -532.266113
v -861.398193 602.621887 -528.887085
v -765.208130 589.104492 -545.202026
v -763.108276 602.884216 -523.126282
v -782.382690 612.289978 -560.324524
v -763.108276 602.884216 -523.126282
v -765.208130 589.104492 -545.202026
v -777.463013 566.702820 -534.250610
v -787.606323 627.728882 -517.278320
v -807.379028 629.826782 -529.625916
v -780.405884 630.448181 -535.658386
v -811.554321 648.596680 -548.468201
v -807.379028 629.826782 -529.625916
v -806.450012 631.513428 -511.294312
v -838.299194 576.968872 -531.531677
v -858.731079 576.788330 -537.737915
v -847.384583 563.021973 -528.989319
v -858.731079 576.788330 -537.737915
v -838.299194 576.968872 -531.531677
v -835.962585 586.023987 -573.048218
v -807.626404 593.994507 -484.592194
v -790.542725 596.371277 -497.505615
v -803.786987 574.984619 -496.360199
v -790.542725 596.371277 -497.505615
v -774.123413 575.292175 -515.404480
v -791.763611 566.481323 -502.876709
v -847.044312 605.526428 -496.786102
v -849.762207 618.212280 -509.013702
v -828.062378 614.755493 -484.095703
v -859.800171 578.341675 -517.360107
v -849.762207 618.212280 -509.013702
v -847.044312 605.526428 -496.786102
v -808.659119 616.598694 -487.698303
v -828.062378 614.755493 -484.095703
v -820.743896 629.033875 -495.052612
v -820.743896 629.033875 -495.052612
v -806.450012 631.513428 -511.294312
v -808.659119 616.598694 -487.698303
v -785.012390 564.580994 -563.650696
v -791.852722 581.828125 -574.301086
v -805.327881 565.927124 -561.288513
v -765.208130 589.104492 -545.202026
v -779.279785 584.494873 -565.926025
v -785.012390 564.580994 -563.650696
v -820.212891 594.241699 -481.344208
v -849.918396 574.928101 -494.400208
v -828.062378 614.755493 -484.095703
v -828.062378 614.755493 -484.095703
v -808.659119 616.598694 -487.698303
v -807.626404 593.994507 -484.592194
v -811.554321 648.596680 -548.468201
v -833.314819 639.730286 -565.147278
v -796.579712 637.403992 -549.880676
v -807.379028 629.826782 -529.625916
v -811.554321 648.596680 -548.468201
v -796.579712 637.403992 -549.880676
v -856.211426 620.086304 -567.839905
v -865.412598 641.055481 -532.266113
v -864.109924 621.974304 -542.882629
v -840.427002 598.501282 -572.091675
v -856.211426 620.086304 -567.839905
v -864.109924 621.974304 -542.882629
v -774.123413 575.292175 -515.404480
v -781.180725 560.023315 -520.056824
v -791.763611 566.481323 -502.876709
v -774.123413 575.292175 -515.404480
v -763.108276 602.884216 -523.126282
v -777.463013 566.702820 -534.250610
v -787.606323 627.728882 -517.278320
v -808.659119 616.598694 -487.698303
v -806.450012 631.513428 -511.294312
v -806.450012 631.513428 -511.294312
v -807.379028 629.826782 -529.625916
v -787.606323 627.728882 -517.278320
v -824.714294 551.881714 -507.744598
v -836.272583 558.990479 -498.944305
v -820.212891 594.241699 -481.344208
v -824.714294 551.881714 -507.744598
v -837.322510 555.304382 -517.231323
v -836.272583 558.990479 -498.944305
v -858.731079 576.788330 -537.737915
v -835.962585 586.023987 -573.048218
v -840.427002 598.501282 -572.091675
v -835.962585 586.023987 -573.048218
v -819.020996 609.078674 -578.859619
v -840.427002 598.501282 -572.091675
v -810.995789 582.895325 -572.585999
v -805.327881 565.927124 -561.288513
v -791.852722 581.828125 -574.301086
v -810.995789 582.895325 -572.585999
v -835.962585 586.023987 -573.048218
v -805.327881 565.927124 -561.288513
v -833.314819 639.730286 -565.147278
v -847.277588 647.508423 -530.780884
v -865.412598 641.055481 -532.266113
v -843.508301 646.255920 -513.667419
v -865.412598 641.055481 -532.266113
v -847.277588 647.508423 -530.780884
v -829.213074 635.146790 -572.820374
v -796.579712 637.403992 -549.880676
v -833.314819 639.730286 -565.147278
v -829.213074 635.146790 -572.820374
v -833.314819 639.730286 -565.147278
v -856.211426 620.086304 -567.839905
v -861.398193 602.621887 -528.887085
v -859.144470 634.187500 -515.132385
v -849.762207 618.212280 -509.013702
v -849.762207 618.212280 -509.013702
v -859.144470 634.187500 -515.132385
v -823.527710 639.295898 -511.013092
v -847.384583 563.021973 -528.989319
v -837.322510 555.304382 -517.231323
v -838.299194 576.968872 -531.531677
v -837.322510 555.304382 -517.231323
v -847.384583 563.021973 -528.989319
v -836.272583 558.990479 -498.944305
v -820.743896 629.033875 -495.052612
v -823.527710 639.295898 -511.013092
v -806.450012 631.513428 -511.294312
v -820.743896 629.033875 -495.052612
v -849.762207 618.212280 -509.013702
v -823.527710 639.295898 -511.013092
v -836.272583 558.990479 -498.944305
v -859.800171 578.341675 -517.360107
v -849.918396 574.928101 -494.400208
v -849.918396 574.928101 -494.400208
v -859.800171 578.341675 -517.360107
v -847.044312 605.526428 -496.786102
v -791.852722 581.828125 -574.301086
v -785.012390 564.580994 -563.650696
v -779.279785 584.494873 -565.926025
v -779.279785 584.494873 -565.926025
v -807.182922 613.976074 -578.468323
v -791.852722 581.828125 -574.301086
v -807.626404 593.994507 -484.592194
v -820.212891 594.241699 -481.344208
v -828.062378 614.755493 -484.095703
v -803.786987 574.984619 -496.360199
v -820.212891 594.241699 -481.344208
v -807.626404 593.994507 -484.592194
v -790.542725 596.371277 -497.505615
v -791.763611 566.481323 -502.876709
v -803.786987 574.984619 -496.360199
v -803.786987 574.984619 -496.360199
v -791.763611 566.481323 -502.876709
v -824.714294 551.881714 -507.744598
v -797.283508 550.517212 -539.642029
v -804.124878 555.709106 -529.666321
v -781.180725 560.023315 -520.056824
v -804.124878 555.709106 -529.666321
v -797.283508 550.517212 -539.642029
v -805.327881 565.927124 -561.288513
v -777.463013 566.702820 -534.250610
v -781.180725 560.023315 -520.056824
v -774.123413 575.292175 -515.404480
v -777.463013 566.702820 -534.250610
v -797.283508 550.517212 -539.642029
v -781.180725 560.023315 -520.056824
v -780.405884 630.448181 -535.658386
v -807.379028 629.826782 -529.625916
v -796.579712 637.403992 -549.880676
v -782.382690 612.289978 -560.324524
v -780.405884 630.448181 -535.658386
v -796.579712 637.403992 -549.880676
v -791.852722 581.828125 -574.301086
v -807.182922 613.976074 -578.468323
v -819.020996 609.078674 -578.859619
v -807.182922 613.976074 -578.468323
v -829.213074 635.146790 -572.820374
v -819.020996 609.078674 -578.859619
v -806.450012 631.513428 -511.294312
v -823.527710 639.295898 -511.013092
v -811.554321 648.596680 -548.468201
v -357.063995 937.485718 -865.223389
v -340.002899 941.974121 -846.971619
v -346.248413 922.499817 -867.317810
v -295.446991 944.546570 -852.755676
v -295.137909 931.427429 -874.422119
v -289.831085 923.056213 -864.158997
v -319.388885 893.206909 -850.350098
v -311.284393 884.698181 -867.150024
v -335.639099 892.917908 -857.533325
v -344.771393 907.864380 -887.270813
v -356.565491 922.390991 -882.630310
v -356.482086 912.197815 -872.104187
v -327.746887 906.050720 -905.082825
v -313.765594 908.356689 -904.513123
v -307.346191 918.850220 -895.469116
v -340.002899 941.974121 -846.971619
v -352.648590 948.036072 -863.541016
v -328.749298 957.307983 -858.970520
v -328.749298 957.307983 -858.970520
v -326.454712 953.666687 -844.424500
v -340.002899 941.974121 -846.971619
v -299.686188 914.778809 -846.345886
v -295.446991 944.546570 -852.755676
v -289.831085 923.056213 -864.158997
v -327.095306 892.426086 -902.123474
v -332.599091 882.952271 -873.882324
v -311.128204 885.997925 -874.068604
v -307.346191 918.850220 -895.469116
v -313.765594 908.356689 -904.513123
v -295.965790 899.671082 -877.038086
v -295.446991 944.546570 -852.755676
v -312.958405 951.127319 -872.609314
v -295.137909 931.427429 -874.422119
v -331.304688 917.665405 -898.183289
v -311.458893 931.726013 -897.887024
v -322.605499 939.708801 -900.244080
v -353.737213 939.313782 -888.279175
v -329.194000 950.416321 -890.593079
v -354.960114 946.591614 -874.795776
v -356.482086 912.197815 -872.104187
v -356.565491 922.390991 -882.630310
v -357.970886 925.207886 -866.544617
v -319.388885 893.206909 -850.350098
v -339.758087 897.897827 -850.552490
v -328.844604 907.689514 -840.078308
v -320.941498 945.113770 -838.974670
v -325.319885 927.257874 -827.285706
v -339.057892 940.556885 -837.702026
v -334.858612 921.157593 -836.622009
v -339.758087 897.897827 -850.552490
v -346.248413 922.499817 -867.317810
v -344.771393 907.864380 -887.270813
v -356.482086 912.197815 -872.104187
v -336.011810 893.185791 -889.269287
v -295.446991 944.546570 -852.755676
v -315.193787 953.746216 -849.841125
v -312.958405 951.127319 -872.609314
v -320.941498 945.113770 -838.974670
v -303.170197 936.238770 -837.896973
v -325.319885 927.257874 -827.285706
v -299.686188 914.778809 -846.345886
v -312.234894 921.648193 -831.770996
v -303.170197 936.238770 -837.896973
v -319.761993 913.650696 -831.597229
v -319.388885 893.206909 -850.350098
v -328.844604 907.689514 -840.078308
v -336.626312 929.265503 -897.942017
v -322.605499 939.708801 -900.244080
v -353.737213 939.313782 -888.279175
v -344.771393 907.864380 -887.270813
v -331.304688 917.665405 -898.183289
v -356.565491 922.390991 -882.630310
v -313.765594 908.356689 -904.513123
v -311.128204 885.997925 -874.068604
v -295.965790 899.671082 -877.038086
v -294.150787 907.592529 -866.353088
v -311.284393 884.698181 -867.150024
v -310.957703 895.912415 -847.938782
v -322.954712 953.041077 -884.203125
v -311.874298 943.809082 -891.911499
v -312.958405 951.127319 -872.609314
v -329.194000 950.416321 -890.593079
v -330.543488 954.021606 -869.875793
v -352.648590 948.036072 -863.541016
v -356.482086 912.197815 -872.104187
v -335.639099 892.917908 -857.533325
v -336.011810 893.185791 -889.269287
v -332.599091 882.952271 -873.882324
v -335.639099 892.917908 -857.533325
v -311.284393 884.698181 -867.150024
v -312.958405 951.127319 -872.609314
v -311.874298 943.809082 -891.911499
v -295.137909 931.427429 -874.422119
v -314.730286 897.384888 -898.436279
v -311.128204 885.997925 -874.068604
v -313.765594 908.356689 -904.513123
v -327.746887 906.050720 -905.082825
v -327.095306 892.426086 -902.123474
v -313.765594 908.356689 -904.513123
v -325.319885 927.257874 -827.285706
v -334.858612 921.157593 -836.622009
v -339.057892 940.556885 -837.702026
v -346.248413 922.499817 -867.317810
v -340.002899 941.974121 -846.971619
v -334.858612 921.157593 -836.622009
v -352.648590 948.036072 -863.541016
v -340.002899 941.974121 -846.971619
v -357.063995 937.485718 -865.223389
v -357.970886 925.207886 -866.544617
v -356.565491 922.390991 -882.630310
v -354.960114 946.591614 -874.795776
v -299.686188 914.778809 -846.345886
v -310.957703 895.912415 -847.938782
v -312.234894 921.648193 -831.770996
v -310.957703 895.912415 -847.938782
v -299.686188 914.778809 -846.345886
v -294.150787 907.592529 -866.353088
v -327.095306 892.426086 -902.123474
v -327.746887 906.050720 -905.082825
v -344.771393 907.864380 -887.270813
v -336.011810 893.185791 -889.269287
v -327.095306 892.426086 -902.123474
v -344.771393 907.864380 -887.270813
v -303.170197 936.238770 -837.896973
v -295.446991 944.546570 -852.755676
v -299.686188 914.778809 -846.345886
v -295.446991 944.546570 -852.755676
v -303.170197 936.238770 -837.896973
v -320.941498 945.113770 -838.974670
v -295.137909 931.427429 -874.422119
v -303.774902 917.294312 -876.973694
v -289.831085 923.056213 -864.158997
v -295.965790 899.671082 -877.038086
v -303.774902 917.294312 -876.973694
v -302.753693 927.019287 -885.837097
v -346.248413 922.499817 -867.317810
v -356.482086 912.197815 -872.104187
v -357.970886 925.207886 -866.544617
v -356.482086 912.197815 -872.104187
v -346.248413 922.499817 -867.317810
v -339.758087 897.897827 -850.552490
v -322.954712 953.041077 -884.203125
v -312.958405 951.127319 -872.609314
v -330.543488 954.021606 -869.875793
v -312.958405 951.127319 -872.609314
v -315.193787 953.746216 -849.841125
v -328.749298 957.307983 -858.970520
v -336.626312 929.265503 -897.942017
v -331.304688 917.665405 -898.183289
v -322.605499 939.708801 -900.244080
v -356.565491 922.390991 -882.630310
v -331.304688 917.665405 -898.183289
v -336.626312 929.265503 -897.942017
v -311.874298 943.809082 -891.911499
v -322.605499 939.708801 -900.244080
v -311.458893 931.726013 -897.887024
v -311.458893 931.726013 -897.887024
v -302.753693 927.019287 -885.837097
v -311.874298 943.809082 -891.911499
v -325.319885 927.257874 -827.285706
v -319.761993 913.650696 -831.597229
v -334.858612 921.157593 -836.622009
v -303.170197 936.238770 -837.896973
v -312.234894 921.648193 -831.770996
v -325.319885 927.257874 -827.285706
v -329.194000 950.416321 -890.593079
v -353.737213 939.313782 -888.279175
v -322.605499 939.708801 -900.244080
v -322.605499 939.708801 -900.244080
v -311.874298 943.809082 -891.911499
v -322.954712 953.041077 -884.203125
v -295.965790 899.671082 -877.038086
v -311.128204 885.997925 -874.068604
v -294.150787 907.592529 -866.353088
v -303.774902 917.294312 -876.973694
v -295.965790 899.671082 -877.038086
v -294.150787 907.592529 -866.353088
v -332.599091 882.952271 -873.882324
v -327.095306 892.426086 -902.123474
v -336.011810 893.185791 -889.269287
v -335.639099 892.917908 -857.533325
v -332.599091 882.952271 -873.882324
v -336.011810 893.185791 -889.269287
v -315.193787 953.746216 -849.841125
v -326.454712 953.666687 -844.424500
v -328.749298 957.307983 -858.970520
v -315.193787 953.746216 -849.841125
v -295.446991 944.546570 -852.755676
v -320.941498 945.113770 -838.974670
v -295.137909 931.427429 -874.422119
v -311.874298 943.809082 -891.911499
v -302.753693 927.019287 -885.837097
v -302.753693 927.019287 -885.837097
v -303.774902 917.294312 -876.973694
v -295.137909 931.427429 -874.422119
v -352.648590 948.036072 -863.541016
v -354.960114 946.591614 -874.795776
v -329.194000 950.416321 -890.593079
v -352.648590 948.036072 -863.541016
v -357.063995 937.485718 -865.223389
v -354.960114 946.591614 -874.795776
v -356.482086 912.197815 -872.104187
v -339.758087 897.897827 -850.552490
v -335.639099 892.917908 -857.533325
v -339.758087 897.897827 -850.552490
v -319.388885 893.206909 -850.350098
v -335.639099 892.917908 -857.533325
v -328.844604 907.689514 -840.078308
v -334.858612 921.157593 -836.622009
v -319.761993 913.650696 -831.597229
v -328.844604 907.689514 -840.078308
v -339.758087 897.897827 -850.552490
v -334.858612 921.157593 -836.622009
v -311.128204 885.997925 -874.068604
v -314.730286 897.384888 -898.436279
v -327.095306 892.426086 -902.123474
v -313.765594 908.356689 -904.513123
v -327.095306 892.426086 -902.123474
v -314.730286 897.384888 -898.436279
v -311.284393 884.698181 -867.150024
v -294.150787 907.592529 -866.353088
v -311.128204 885.997925 -874.068604
v -311.284393 884.698181 -867.150024
v -311.128204 885.997925 -874.068604
v -332.599091 882.952271 -873.882324
v -344.771393 907.864380 -887.270813
v -327.746887 906.050720 -905.082825
v -331.304688 917.665405 -898.183289
v -331.304688 917.665405 -898.183289
v -327.746887 906.050720 -905.082825
v -307.346191 918.850220 -895.469116
v -357.970886 925.207886 -866.544617
v -357.063995 937.485718 -865.223389
v -346.248413 922.499817 -867.317810
v -357.063995 937.485718 -865.223389
v -357.970886 925.207886 -866.544617
v -354.960114 946.591614 -874.795776
v -311.458893 931.726013 -897.887024
v -307.346191 918.850220 -895.469116
v -302.753693 927.019287 -885.837097
v -311.458893 931.726013 -897.887024
v -331.304688 917.665405 -898.183289
v -307.346191 918.850220 -895.469116
v -354.960114 946.591614 -874.795776
v -356.565491 922.390991 -882.630310
v -353.737213 939.313782 -888.279175
v -353.737213 939.313782 -888.279175
v -356.565491 922.390991 -882.630310
v -336.626312 929.265503 -897.942017
v -319.761993 913.650696 -831.597229
v -325.319885 927.257874 -827.285706
v -312.234894 921.648193 -831.770996
v -312.234894 921.648193 -831.770996
v -310.957703 895.912415 -847.938782
v -319.761993 913.650696 -831.597229
v -322.954712 953.041077 -884.203125
v -329.194000 950.416321 -890.593079
v -322.605499 939.708801 -900.244080
v -330.543488 954.021606 -869.875793
v -329.194000 950.416321 -890.593079
v -322.954712 953.041077 -884.203125
v -312.958405 951.127319 -872.609314
v -328.749298 957.307983 -858.970520
v -330.543488 954.021606 -869.875793
v -330.543488 954.021606 -869.875793
v -328.749298 957.307983 -858.970520
v -352.648590 948.036072 -863.541016
v -339.057892 940.556885 -837.702026
v -340.002899 941.974121 -846.971619
v -326.454712 953.666687 -844.424500
v -340.002899 941.974121 -846.971619
v -339.057892 940.556885 -837.702026
v -334.858612 921.157593 -836.622009
v -320.941498 945.113770 -838.974670
v -326.454712 953.666687 -844.424500
v -315.193787 953.746216 -849.841125
v -320.941498 945.113770 -838.974670
v -339.057892 940.556885 -837.702026
v -326.454712 953.666687 -844.424500
v -289.831085 923.056213 -864.158997
v -303.774902 917.294312 -876.973694
v -294.150787 907.592529 -866.353088
v -299.686188 914.778809 -846.345886
v -289.831085 923.056213 -864.158997
v -294.150787 907.592529 -866.353088
v -319.761993 913.650696 -831.597229
v -310.957703 895.912415 -847.938782
v -319.388885 893.206909 -850.350098
v -310.957703 895.912415 -847.938782
v -311.284393 884.698181 -867.150024
v -319.388885 893.206909 -850.350098
v -302.753693 927.019287 -885.837097
v -307.346191 918.850220 -895.469116
v -295.965790 899.671082 -877.038086
v 140.132507 471.824890 -579.834229
v 155.386398 442.117889 -567.931213
v 144.848999 478.893097 -555.286377
v 136.344894 408.451385 -518.387207
v 118.541000 434.922913 -503.094208
v 135.216003 431.909088 -492.609406
v 178.291595 474.320496 -505.253387
v 161.575104 487.084808 -485.823303
v 173.539505 492.113190 -521.888977
v 129.841202 504.751801 -537.830200
v 128.739502 497.209412 -563.653625
v 148.134903 499.856415 -557.684570
v 105.460800 504.826508 -513.411926
v 101.402000 491.270599 -499.553802
v 104.042000 470.318390 -502.512085
v 155.386398 442.117889 -567.931213
v 134.270294 457.250214 -583.560181
v 128.220398 426.656494 -564.851318
v 128.220398 426.656494 -564.851318
v 147.707703 418.707306 -562.419006
v 155.386398 442.117889 -567.931213
v 164.510696 435.752014 -500.921906
v 136.344894 408.451385 -518.387207
v 135.216003 431.909088 -492.609406
v 117.781502 515.266724 -502.493713
v 159.495804 509.943115 -507.123993
v 152.298294 490.293701 -485.226593
v 104.042000 470.318390 -502.512085
v 101.402000 491.270599 -499.553802
v 136.261002 467.376587 -478.303894
v 136.344894 408.451385 -518.387207
v 112.036903 429.085602 -539.239685
v 118.541000 434.922913 -503.094208
v 107.085999 492.074097 -528.089111
v 93.670403 462.952301 -516.863525
v 88.195602 465.713287 -535.299805
v 110.198196 482.682709 -572.689575
v 94.453499 454.389313 -553.260925
v 122.095398 467.858887 -582.668701
v 148.134903 499.856415 -557.684570
v 128.739502 497.209412 -563.653625
v 146.744598 485.038300 -570.848083
v 178.291595 474.320496 -505.253387
v 179.718704 486.032410 -531.957581
v 183.507401 461.266510 -529.578918
v 158.614197 418.877197 -550.547607
v 185.451508 431.523895 -543.790710
v 167.336304 436.603210 -567.682373
v 180.317398 450.961700 -547.780579
v 179.718704 486.032410 -531.957581
v 144.848999 478.893097 -555.286377
v 129.841202 504.751801 -537.830200
v 148.134903 499.856415 -557.684570
v 134.950897 513.082825 -515.870483
v 136.344894 408.451385 -518.387207
v 138.469498 413.347412 -548.616272
v 112.036903 429.085602 -539.239685
v 158.614197 418.877197 -550.547607
v 161.579803 412.595215 -523.646179
v 185.451508 431.523895 -543.790710
v 164.510696 435.752014 -500.921906
v 180.628296 429.503296 -523.609924
v 161.579803 412.595215 -523.646179
v 187.800598 442.883514 -525.815002
v 178.291595 474.320496 -505.253387
v 183.507401 461.266510 -529.578918
v 101.052399 485.114014 -543.352783
v 88.195602 465.713287 -535.299805
v 110.198196 482.682709 -572.689575
v 129.841202 504.751801 -537.830200
v 107.085999 492.074097 -528.089111
v 128.739502 497.209412 -563.653625
v 101.402000 491.270599 -499.553802
v 152.298294 490.293701 -485.226593
v 136.261002 467.376587 -478.303894
v 143.638000 451.400085 -484.772186
v 161.575104 487.084808 -485.823303
v 177.494797 463.536713 -498.372101
v 99.045799 442.781403 -549.627686
v 93.138901 447.894012 -528.165283
v 112.036903 429.085602 -539.239685
v 94.453499 454.389313 -553.260925
v 117.549698 438.372589 -561.987671
v 134.270294 457.250214 -583.560181
v 148.134903 499.856415 -557.684570
v 173.539505 492.113190 -521.888977
v 134.950897 513.082825 -515.870483
v 159.495804 509.943115 -507.123993
v 173.539505 492.113190 -521.888977
v 161.575104 487.084808 -485.823303
v 112.036903 429.085602 -539.239685
v 93.138901 447.894012 -528.165283
v 118.541000 434.922913 -503.094208
v 116.150101 498.412903 -493.219086
v 152.298294 490.293701 -485.226593
v 101.402000 491.270599 -499.553802
v 105.460800 504.826508 -513.411926
v 117.781502 515.266724 -502.493713
v 101.402000 491.270599 -499.553802
v 185.451508 431.523895 -543.790710
v 180.317398 450.961700 -547.780579
v 167.336304 436.603210 -567.682373
v 144.848999 478.893097 -555.286377
v 155.386398 442.117889 -567.931213
v 180.317398 450.961700 -547.780579
v 134.270294 457.250214 -583.560181
v 155.386398 442.117889 -567.931213
v 140.132507 471.824890 -579.834229
v 146.744598 485.038300 -570.848083
v 128.739502 497.209412 -563.653625
v 122.095398 467.858887 -582.668701
v 164.510696 435.752014 -500.921906
v 177.494797 463.536713 -498.372101
v 180.628296 429.503296 -523.609924
v 177.494797 463.536713 -498.372101
v 164.510696 435.752014 -500.921906
v 143.638000 451.400085 -484.772186
v 117.781502 515.266724 -502.493713
v 105.460800 504.826508 -513.411926
v 129.841202 504.751801 -537.830200
v 134.950897 513.082825 -515.870483
v 117.781502 515.266724 -502.493713
v 129.841202 504.751801 -537.830200
v 161.579803 412.595215 -523.646179
v 136.344894 408.451385 -518.387207
v 164.510696 435.752014 -500.921906
v 136.344894 408.451385 -518.387207
v 161.579803 412.595215 -523.646179
v 158.614197 418.877197 -550.547607
v 118.541000 434.922913 -503.094208
v 126.664398 456.784698 -501.118195
v 135.216003 431.909088 -492.609406
v 136.261002 467.376587 -478.303894
v 126.664398 456.784698 -501.118195
v 109.334999 452.616486 -505.816193
v 144.848999 478.893097 -555.286377
v 148.134903 499.856415 -557.684570
v 146.744598 485.038300 -570.848083
v 148.134903 499.856415 -557.684570
v 144.848999 478.893097 -555.286377
v 179.718704 486.032410 -531.957581
v 99.045799 442.781403 -549.627686
v 112.036903 429.085602 -539.239685
v 117.549698 438.372589 -561.987671
v 112.036903 429.085602 -539.239685
v 138.469498 413.347412 -548.616272
v 128.220398 426.656494 -564.851318
v 101.052399 485.114014 -543.352783
v 107.085999 492.074097 -528.089111
v 88.195602 465.713287 -535.299805
v 128.739502 497.209412 -563.653625
v 107.085999 492.074097 -528.089111
v 101.052399 485.114014 -543.352783
v 93.138901 447.894012 -528.165283
v 88.195602 465.713287 -535.299805
v 93.670403 462.952301 -516.863525
v 93.670403 462.952301 -516.863525
v 109.334999 452.616486 -505.816193
v 93.138901 447.894012 -528.165283
v 185.451508 431.523895 -543.790710
v 187.800598 442.883514 -525.815002
v 180.317398 450.961700 -547.780579
v 161.579803 412.595215 -523.646179
v 180.628296 429.503296 -523.609924
v 185.451508 431.523895 -543.790710
v 94.453499 454.389313 -553.260925
v 110.198196 482.682709 -572.689575
v 88.195602 465.713287 -535.299805
v 88.195602 465.713287 -535.299805
v 93.138901 447.894012 -528.165283
v 99.045799 442.781403 -549.627686
v 136.261002 467.376587 -478.303894
v 152.298294 490.293701 -485.226593
v 143.638000 451.400085 -484.772186
v 126.664398 456.784698 -501.118195
v 136.261002 467.376587 -478.303894
v 143.638000 451.400085 -484.772186
v 159.495804 509.943115 -507.123993
v 117.781502 515.266724 -502.493713
v 134.950897 513.082825 -515.870483
v 173.539505 492.113190 -521.888977
v 159.495804 509.943115 -507.123993
v 134.950897 513.082825 -515.870483
v 138.469498 413.347412 -548.616272
v 147.707703 418.707306 -562.419006
v 128.220398 426.656494 -564.851318
v 138.469498 413.347412 -548.616272
v 136.344894 408.451385 -518.387207
v 158.614197 418.877197 -550.547607
v 118.541000 434.922913 -503.094208
v 93.138901 447.894012 -528.165283
v 109.334999 452.616486 -505.816193
v 109.334999 452.616486 -505.816193
v 126.664398 456.784698 -501.118195
v 118.541000 434.922913 -503.094208
v 134.270294 457.250214 -583.560181
v 122.095398 467.858887 -582.668701
v 94.453499 454.389313 -553.260925
v 134.270294 457.250214 -583.560181
v 140.132507 471.824890 -579.834229
v 122.095398 467.858887 -582.668701
v 148.134903 499.856415 -557.684570
v 179.718704 486.032410 -531.957581
v 173.539505 492.113190 -521.888977
v 179.718704 486.032410 -531.957581
v 178.291595 474.320496 -505.253387
v 173.539505 492.113190 -521.888977
v 183.507401 461.266510 -529.578918
v 180.317398 450.961700 -547.780579
v 187.800598 442.883514 -525.815002
v 183.507401 461.266510 -529.578918
v 179.718704 486.032410 -531.957581
v 180.317398 450.961700 -547.780579
v 152.298294 490.293701 -485.226593
v 116.150101 498.412903 -493.219086
v 117.781502 515.266724 -502.493713
v 101.402000 491.270599 -499.553802
v 117.781502 515.266724 -502.493713
v 116.150101 498.412903 -493.219086
v 161.575104 487.084808 -485.823303
v 143.638000 451.400085 -484.772186
v 152.298294 490.293701 -485.226593
v 161.575104 487.084808 -485.823303
v 152.298294 490.293701 -485.226593
v 159.495804 509.943115 -507.123993
v 129.841202 504.751801 -537.830200
v 105.460800 504.826508 -513.411926
v 107.085999 492.074097 -528.089111
v 107.085999 492.074097 -528.089111
v 105.460800 504.826508 -513.411926
v 104.042000 470.318390 -502.512085
v 146.744598 485.038300 -570.848083
v 140.132507 471.824890 -579.834229
v 144.848999 478.893097 -555.286377
v 140.132507 471.824890 -579.834229
v 146.744598 485.038300 -570.848083
v 122.095398 467.858887 -582.668701
v 93.670403 462.952301 -516.863525
v 104.042000 470.318390 -502.512085
v 109.334999 452.616486 -505.816193
v 93.670403 462.952301 -516.863525
v 107.085999 492.074097 -528.089111
v 104.042000 470.318390 -502.512085
v 122.095398 467.858887 -582.668701
v 128.739502 497.209412 -563.653625
v 110.198196 482.682709 -572.689575
v 110.198196 482.682709 -572.689575
v 128.739502 497.209412 -563.653625
v 101.052399 485.114014 -543.352783
v 187.800598 442.883514 -525.815002
v 185.451508 431.523895 -543.790710
v 180.628296 429.503296 -523.609924
v 180.628296 429.503296 -523.609924
v 177.494797 463.536713 -498.372101
v 187.800598 442.883514 -525.815002
v 99.045799 442.781403 -549.627686
v 94.453499 454.389313 -553.260925
v 88.195602 465.713287 -535.299805
v 117.549698 438.372589 -561.987671
v 94.453499 454.389313 -553.260925
v 99.045799 442.781403 -549.627686
v 112.036903 429.085602 -539.239685
v 128.220398 426.656494 -564.851318
v 117.549698 438.372589 -561.987671
v 117.549698 438.372589 -561.987671
v 128.220398 426.656494 -564.851318
v 134.270294 457.250214 -583.560181
v 167.336304 436.603210 -567.682373
v 155.386398 442.117889 -567.931213
v 147.707703 418.707306 -562.419006
v 155.386398 442.117889 -567.931213
v 167.336304 436.603210 -567.682373
v 180.317398 450.961700 -547.780579
v 158.614197 418.877197 -550.547607
v 147.707703 418.707306 -562.419006
v 138.469498 413.347412 -548.616272
v 158.614197 418.877197 -550.547607
v 167.336304 436.603210 -567.682373
v 147.707703 418.707306 -562.419006
v 135.216003 431.909088 -492.609406
v 126.664398 456.784698 -501.118195
v 143.638000 451.400085 -484.772186
v 164.510696 435.752014 -500.921906
v 135.216003 431.909088 -492.609406
v 143.638000 451.400085 -484.772186
v 187.800598 442.883514 -525.815002
v 177.494797 463.536713 -498.372101
v 178.291595 474.320496 -505.253387
v 177.494797 463.536713 -498.372101
v 161.575104 487.084808 -485.823303
v 178.291595 474.320496 -505.253387
v 109.334999 452.616486 -505.816193
v 104.042000 470.318390 -502.512085
v 136.261002 467.376587 -478.303894
v -154.818298 1106.125977 -697.789917
v -169.462006 1089.621826 -692.414429
v -168.150299 1111.364136 -706.257324
v -189.290604 1066.371460 -718.629272
v -187.310699 1080.713501 -736.062988
v -199.409698 1081.114502 -732.016113
v -206.562897 1113.307983 -710.167175
v -208.294495 1119.235596 -727.437622
v -194.863800 1123.702637 -707.375916
v -168.408203 1125.708984 -723.167786
v -155.935898 1120.643066 -712.386719
v -166.386597 1124.918213 -705.727173
v -170.680496 1122.705811 -744.947571
v -177.107803 1113.776855 -751.266174
v -178.601395 1100.975220 -746.742188
v -169.462006 1089.621826 -692.414429
v -151.959305 1096.187378 -697.676025
v -161.520294 1076.354248 -705.286011
v -161.520294 1076.354248 -705.286011
v -171.224792 1073.975342 -696.102722
v -169.462006 1089.621826 -692.414429
v -206.676895 1087.344360 -714.843079
v -189.290604 1066.371460 -718.629272
v -199.409698 1081.114502 -732.016113
v -180.035797 1130.963501 -744.488403
v -194.908401 1133.123901 -721.937378
v -204.590500 1120.020752 -732.472229
v -178.601395 1100.975220 -746.742188
v -177.107803 1113.776855 -751.266174
v -203.662598 1103.585327 -740.821289
v -189.290604 1066.371460 -718.629272
v -167.442795 1075.922241 -723.826721
v -187.310699 1080.713501 -736.062988
v -165.257202 1114.820190 -736.910095
v -168.056702 1094.876953 -745.153015
v -156.541702 1095.743164 -740.511414
v -145.390900 1109.013916 -716.222717
v -151.223801 1089.342285 -729.030884
v -146.573196 1101.227783 -704.949829
v -166.386597 1124.918213 -705.727173
v -155.935898 1120.643066 -712.386719
v -160.690002 1115.349609 -699.564514
v -206.562897 1113.307983 -710.167175
v -192.925903 1120.636108 -699.677185
v -197.851395 1105.637207 -696.414185
v -181.412903 1075.616699 -695.717773
v -194.321396 1087.150879 -686.761230
v -174.858994 1087.752686 -686.211609
v -188.546906 1098.620361 -689.495117
v -192.925903 1120.636108 -699.677185
v -168.150299 1111.364136 -706.257324
v -168.408203 1125.708984 -723.167786
v -166.386597 1124.918213 -705.727173
v -180.508804 1131.771362 -730.507874
v -189.290604 1066.371460 -718.629272
v -174.813507 1069.494873 -705.695618
v -167.442795 1075.922241 -723.826721
v -181.412903 1075.616699 -695.717773
v -196.411499 1072.274902 -704.696411
v -194.321396 1087.150879 -686.761230
v -206.676895 1087.344360 -714.843079
v -202.512497 1085.396484 -697.160583
v -196.411499 1072.274902 -704.696411
v -203.082993 1094.715332 -694.096130
v -206.562897 1113.307983 -710.167175
v -197.851395 1105.637207 -696.414185
v -155.960205 1109.544434 -732.892517
v -156.541702 1095.743164 -740.511414
v -145.390900 1109.013916 -716.222717
v -168.408203 1125.708984 -723.167786
v -165.257202 1114.820190 -736.910095
v -155.935898 1120.643066 -712.386719
v -177.107803 1113.776855 -751.266174
v -204.590500 1120.020752 -732.472229
v -203.662598 1103.585327 -740.821289
v -204.871201 1094.503662 -733.056580
v -208.294495 1119.235596 -727.437622
v -210.607803 1106.496338 -712.322083
v -155.897598 1082.704224 -727.174011
v -163.641693 1085.285645 -739.315002
v -167.442795 1075.922241 -723.826721
v -151.223801 1089.342285 -729.030884
v -157.606094 1082.302368 -712.749329
v -151.959305 1096.187378 -697.676025
v -166.386597 1124.918213 -705.727173
v -194.863800 1123.702637 -707.375916
v -180.508804 1131.771362 -730.507874
v -194.908401 1133.123901 -721.937378
v -194.863800 1123.702637 -707.375916
v -208.294495 1119.235596 -727.437622
v -167.442795 1075.922241 -723.826721
v -163.641693 1085.285645 -739.315002
v -187.310699 1080.713501 -736.062988
v -185.474792 1120.255615 -747.436584
v -204.590500 1120.020752 -732.472229
v -177.107803 1113.776855 -751.266174
v -170.680496 1122.705811 -744.947571
v -180.035797 1130.963501 -744.488403
v -177.107803 1113.776855 -751.266174
v -194.321396 1087.150879 -686.761230
v -188.546906 1098.620361 -689.495117
v -174.858994 1087.752686 -686.211609
v -168.150299 1111.364136 -706.257324
v -169.462006 1089.621826 -692.414429
v -188.546906 1098.620361 -689.495117
v -151.959305 1096.187378 -697.676025
v -169.462006 1089.621826 -692.414429
v -154.818298 1106.125977 -697.789917
v -160.690002 1115.349609 -699.564514
v -155.935898 1120.643066 -712.386719
v -146.573196 1101.227783 -704.949829
v -206.676895 1087.344360 -714.843079
v -210.607803 1106.496338 -712.322083
v -202.512497 1085.396484 -697.160583
v -210.607803 1106.496338 -712.322083
v -206.676895 1087.344360 -714.843079
v -204.871201 1094.503662 -733.056580
v -180.035797 1130.963501 -744.488403
v -170.680496 1122.705811 -744.947571
v -168.408203 1125.708984 -723.167786
v -180.508804 1131.771362 -730.507874
v -180.035797 1130.963501 -744.488403
v -168.408203 1125.708984 -723.167786
v -196.411499 1072.274902 -704.696411
v -189.290604 1066.371460 -718.629272
v -206.676895 1087.344360 -714.843079
v -189.290604 1066.371460 -718.629272
v -196.411499 1072.274902 -704.696411
v -181.412903 1075.616699 -695.717773
v -187.310699 1080.713501 -736.062988
v -189.552704 1095.504761 -735.077087
v -199.409698 1081.114502 -732.016113
v -203.662598 1103.585327 -740.821289
v -189.552704 1095.504761 -735.077087
v -180.690903 1090.559937 -741.112183
v -168.150299 1111.364136 -706.257324
v -166.386597 1124.918213 -705.727173
v -160.690002 1115.349609 -699.564514
v -166.386597 1124.918213 -705.727173
v -168.150299 1111.364136 -706.257324
v -192.925903 1120.636108 -699.677185
v -155.897598 1082.704224 -727.174011
v -167.442795 1075.922241 -723.826721
v -157.606094 1082.302368 -712.749329
v -167.442795 1075.922241 -723.826721
v -174.813507 1069.494873 -705.695618
v -161.520294 1076.354248 -705.286011
v -155.960205 1109.544434 -732.892517
v -165.257202 1114.820190 -736.910095
v -156.541702 1095.743164 -740.511414
v -155.935898 1120.643066 -712.386719
v -165.257202 1114.820190 -736.910095
v -155.960205 1109.544434 -732.892517
v -163.641693 1085.285645 -739.315002
v -156.541702 1095.743164 -740.511414
v -168.056702 1094.876953 -745.153015
v -168.056702 1094.876953 -745.153015
v -180.690903 1090.559937 -741.112183
v -163.641693 1085.285645 -739.315002
v -194.321396 1087.150879 -686.761230
v -203.082993 1094.715332 -694.096130
v -188.546906 1098.620361 -689.495117
v -196.411499 1072.274902 -704.696411
v -202.512497 1085.396484 -697.160583
v -194.321396 1087.150879 -686.761230
v -151.223801 1089.342285 -729.030884
v -145.390900 1109.013916 -716.222717
v -156.541702 1095.743164 -740.511414
v -156.541702 1095.743164 -740.511414
v -163.641693 1085.285645 -739.315002
v -155.897598 1082.704224 -727.174011
v -203.662598 1103.585327 -740.821289
v -204.590500 1120.020752 -732.472229
v -204.871201 1094.503662 -733.056580
v -189.552704 1095.504761 -735.077087
v -203.662598 1103.585327 -740.821289
v -204.871201 1094.503662 -733.056580
v -194.908401 1133.123901 -721.937378
v -180.035797 1130.963501 -744.488403
v -180.508804 1131.771362 -730.507874
v -194.863800 1123.702637 -707.375916
v -194.908401 1133.123901 -721.937378
v -180.508804 1131.771362 -730.507874
v -174.813507 1069.494873 -705.695618
v -171.224792 1073.975342 -696.102722
v -161.520294 1076.354248 -705.286011
v -174.813507 1069.494873 -705.695618
v -189.290604 1066.371460 -718.629272
v -181.412903 1075.616699 -695.717773
v -187.310699 1080.713501 -736.062988
v -163.641693 1085.285645 -739.315002
v -180.690903 1090.559937 -741.112183
v -180.690903 1090.559937 -741.112183
v -189.552704 1095.504761 -735.077087
v -187.310699 1080.713501 -736.062988
v -151.959305 1096.187378 -697.676025
v -146.573196 1101.227783 -704.949829
v -151.223801 1089.342285 -729.030884
v -151.959305 1096.187378 -697.676025
v -154.818298 1106.125977 -697.789917
v -146.573196 1101.227783 -704.949829
v -166.386597 1124.918213 -705.727173
v -192.925903 1120.636108 -699.677185
v -194.863800 1123.702637 -707.375916
v -192.925903 1120.636108 -699.677185
v -206.562897 1113.307983 -710.167175
v -194.863800 1123.702637 -707.375916
v -197.851395 1105.637207 -696.414185
v -188.546906 1098.620361 -689.495117
v -203.082993 1094.715332 -694.096130
v -197.851395 1105.637207 -696.414185
v -192.925903 1120.636108 -699.677185
v -188.546906 1098.620361 -689.495117
v -204.590500 1120.020752 -732.472229
v -185.474792 1120.255615 -747.436584
v -180.035797 1130.963501 -744.488403
v -177.107803 1113.776855 -751.266174
v -180.035797 1130.963501 -744.488403
v -185.474792 1120.255615 -747.436584
v -208.294495 1119.235596 -727.437622
v -204.871201 1094.503662 -733.056580
v -204.590500 1120.020752 -732.472229
v -208.294495 1119.235596 -727.437622
v -204.590500 1120.020752 -732.472229
v -194.908401 1133.123901 -721.937378
v -168.408203 1125.708984 -723.167786
v -170.680496 1122.705811 -744.947571
v -165.257202 1114.820190 -736.910095
v -165.257202 1114.820190 -736.910095
v -170.680496 1122.705811 -744.947571
v -178.601395 1100.975220 -746.742188
v -160.690002 1115.349609 -699.564514
v -154.818298 1106.125977 -697.789917
v -168.150299 1111.364136 -706.257324
v -154.818298 1106.125977 -697.789917
v -160.690002 1115.349609 -699.564514
v -146.573196 1101.227783 -704.949829
v -168.056702 1094.876953 -745.153015
v -178.601395 1100.975220 -746.742188
v -180.690903 1090.559937 -741.112183
v -168.056702 1094.876953 -745.153015
v -165.257202 1114.820190 -736.910095
v -178.601395 1100.975220 -746.742188
v -146.573196 1101.227783 -704.949829
v -155.935898 1120.643066 -712.386719
v -145.390900 1109.013916 -716.222717
v -145.390900 1109.013916 -716.222717
v -155.935898 1120.643066 -712.386719
v -155.960205 1109.544434 -732.892517
v -203.082993 1094.715332 -694.096130
v -194.321396 1087.150879 -686.761230
v -202.512497 1085.396484 -697.160583
v -202.512497 1085.396484 -697.160583
v -210.607803 1106.496338 -712.322083
v -203.082993 1094.715332 -694.096130
v -155.897598 1082.704224 -727.174011
v -151.223801 1089.342285 -729.030884
v -156.541702 1095.743164 -740.511414
v -157.606094 1082.302368 -712.749329
v -151.223801 1089.342285 -729.030884
v -155.897598 1082.704224 -727.174011
v -167.442795 1075.922241 -723.826721
v -161.520294 1076.354248 -705.286011
v -157.606094 1082.302368 -712.749329
v -157.606094 1082.302368 -712.749329
v -161.520294 1076.354248 -705.286011
v -151.959305 1096.187378 -697.676025
v -174.858994 1087.752686 -686.211609
v -169.462006 1089.621826 -692.414429
v -171.224792 1073.975342 -696.102722
v -169.462006 1089.621826 -692.414429
v -174.858994 1087.752686 -686.211609
v -188.546906 1098.620361 -689.495117
v -181.412903 1075.616699 -695.717773
v -171.224792 1073.975342 -696.102722
v -174.813507 1069.494873 -705.695618
v -181.412903 1075.616699 -695.717773
v -174.858994 1087.752686 -686.211609
v -171.224792 1073.975342 -696.102722
v -199.409698 1081.114502 -732.016113
v -189.552704 1095.504761 -735.077087
v -204.871201 1094.503662 -733.056580
v -206.676895 1087.344360 -714.843079
v -199.409698 1081.114502 -732.016113
v -204.871201 1094.503662 -733.056580
v -203.082993 1094.715332 -694.096130
v -210.607803 1106.496338 -712.322083
v -206.562897 1113.307983 -710.167175
v -210.607803 1106.496338 -712.322083
v -208.294495 1119.235596 -727.437622
v -206.562897 1113.307983 -710.167175
v -180.690903 1090.559937 -741.112183
v -178.601395 1100.975220 -746.742188
v -203.662598 1103.585327 -740.821289
v -258.449005 438.112488 -1263.700684
v -246.444702 420.574493 -1255.698486
v -264.005890 437.857208 -1248.018066
v -261.744507 387.588898 -1238.411621
v -281.481110 397.165588 -1232.728516
v -274.589508 395.778412 -1222.074707
v -258.125793 429.886688 -1210.648682
v -275.156097 430.738312 -1203.892334
v -260.477386 443.047913 -1219.248291
v -282.667786 447.053802 -1240.339600
v -274.729401 447.853302 -1255.630127
v -266.522400 451.142609 -1245.951904
v -302.141113 438.252808 -1234.694580
v -304.773407 426.796814 -1229.920654
v -297.682098 415.547089 -1233.039795
v -246.444702 420.574493 -1255.698486
v -257.203400 429.450287 -1269.211914
v -258.186310 406.695709 -1264.318359
v -258.186310 406.695709 -1264.318359
v -246.524399 404.530212 -1257.724365
v -246.444702 420.574493 -1255.698486
v -257.618500 404.270386 -1216.936523
v -261.744507 387.588898 -1238.411621
v -274.589508 395.778412 -1222.074707
v -300.843689 443.986206 -1223.677979
v -276.039307 448.251587 -1213.630371
v -281.032806 431.066315 -1206.137451
v -297.682098 415.547089 -1233.039795
v -304.773407 426.796814 -1229.920654
v -286.075012 413.730591 -1209.976807
v -261.744507 387.588898 -1238.411621
v -274.132202 400.286011 -1255.171143
v -281.481110 397.165588 -1232.728516
v -294.442688 434.094788 -1243.618896
v -297.755615 412.630615 -1244.972900
v -296.505707 417.251587 -1256.460938
v -278.896515 438.376495 -1268.039062
v -285.799500 415.328003 -1265.556396
v -266.441101 433.605591 -1271.385254
v -266.522400 451.142609 -1245.951904
v -274.729401 447.853302 -1255.630127
v -260.352386 444.994812 -1255.232422
v -258.125793 429.886688 -1210.648682
v -253.107300 442.537109 -1223.473877
v -245.906204 428.116913 -1223.741455
v -243.830994 403.831207 -1247.779541
v -234.183197 413.958588 -1234.205811
v -238.818100 419.131012 -1252.405029
v -240.436600 425.386810 -1235.837402
v -253.107300 442.537109 -1223.473877
v -264.005890 437.857208 -1248.018066
v -282.667786 447.053802 -1240.339600
v -266.522400 451.142609 -1245.951904
v -287.631500 448.139099 -1225.805664
v -261.744507 387.588898 -1238.411621
v -253.834198 397.089996 -1253.701904
v -274.132202 400.286011 -1255.171143
v -243.830994 403.831207 -1247.779541
v -247.818497 394.995514 -1232.854004
v -234.183197 413.958588 -1234.205811
v -257.618500 404.270386 -1216.936523
v -241.580093 407.823090 -1224.933838
v -247.818497 394.995514 -1232.854004
v -240.291000 417.224091 -1222.381348
v -258.125793 429.886688 -1210.648682
v -245.906204 428.116913 -1223.741455
v -292.048401 432.273712 -1254.635010
v -296.505707 417.251587 -1256.460938
v -278.896515 438.376495 -1268.039062
v -282.667786 447.053802 -1240.339600
v -294.442688 434.094788 -1243.618896
v -274.729401 447.853302 -1255.630127
v -304.773407 426.796814 -1229.920654
v -281.032806 431.066315 -1206.137451
v -286.075012 413.730591 -1209.976807
v -276.690887 406.856415 -1212.962158
v -275.156097 430.738312 -1203.892334
v -257.831787 422.011688 -1208.345459
v -281.575012 408.477112 -1263.417480
v -291.556885 406.085785 -1252.991943
v -274.132202 400.286011 -1255.171143
v -285.799500 415.328003 -1265.556396
v -267.393799 411.319794 -1264.816650
v -257.203400 429.450287 -1269.211914
v -266.522400 451.142609 -1245.951904
v -260.477386 443.047913 -1219.248291
v -287.631500 448.139099 -1225.805664
v -276.039307 448.251587 -1213.630371
v -260.477386 443.047913 -1219.248291
v -275.156097 430.738312 -1203.892334
v -274.132202 400.286011 -1255.171143
v -291.556885 406.085785 -1252.991943
v -281.481110 397.165588 -1232.728516
v -300.203400 431.928192 -1221.008545
v -281.032806 431.066315 -1206.137451
v -304.773407 426.796814 -1229.920654
v -302.141113 438.252808 -1234.694580
v -300.843689 443.986206 -1223.677979
v -304.773407 426.796814 -1229.920654
v -234.183197 413.958588 -1234.205811
v -240.436600 425.386810 -1235.837402
v -238.818100 419.131012 -1252.405029
v -264.005890 437.857208 -1248.018066
v -246.444702 420.574493 -1255.698486
v -240.436600 425.386810 -1235.837402
v -257.203400 429.450287 -1269.211914
v -246.444702 420.574493 -1255.698486
v -258.449005 438.112488 -1263.700684
v -260.352386 444.994812 -1255.232422
v -274.729401 447.853302 -1255.630127
v -266.441101 433.605591 -1271.385254
v -257.618500 404.270386 -1216.936523
v -257.831787 422.011688 -1208.345459
v -241.580093 407.823090 -1224.933838
v -257.831787 422.011688 -1208.345459
v -257.618500 404.270386 -1216.936523
v -276.690887 406.856415 -1212.962158
v -300.843689 443.986206 -1223.677979
v -302.141113 438.252808 -1234.694580
v -282.667786 447.053802 -1240.339600
v -287.631500 448.139099 -1225.805664
v -300.843689 443.986206 -1223.677979
v -282.667786 447.053802 -1240.339600
v -247.818497 394.995514 -1232.854004
v -261.744507 387.588898 -1238.411621
v -257.618500 404.270386 -1216.936523
v -261.744507 387.588898 -1238.411621
v -247.818497 394.995514 -1232.854004
v -243.830994 403.831207 -1247.779541
v -281.481110 397.165588 -1232.728516
v -282.761902 410.809113 -1226.646240
v -274.589508 395.778412 -1222.074707
v -286.075012 413.730591 -1209.976807
v -282.761902 410.809113 -1226.646240
v -289.839508 406.681396 -1235.147705
v -264.005890 437.857208 -1248.018066
v -266.522400 451.142609 -1245.951904
v -260.352386 444.994812 -1255.232422
v -266.522400 451.142609 -1245.951904
v -264.005890 437.857208 -1248.018066
v -253.107300 442.537109 -1223.473877
v -281.575012 408.477112 -1263.417480
v -274.132202 400.286011 -1255.171143
v -267.393799 411.319794 -1264.816650
v -274.132202 400.286011 -1255.171143
v -253.834198 397.089996 -1253.701904
v -258.186310 406.695709 -1264.318359
v -292.048401 432.273712 -1254.635010
v -294.442688 434.094788 -1243.618896
v -296.505707 417.251587 -1256.460938
v -274.729401 447.853302 -1255.630127
v -294.442688 434.094788 -1243.618896
v -292.048401 432.273712 -1254.635010
v -291.556885 406.085785 -1252.991943
v -296.505707 417.251587 -1256.460938
v -297.755615 412.630615 -1244.972900
v -297.755615 412.630615 -1244.972900
v -289.839508 406.681396 -1235.147705
v -291.556885 406.085785 -1252.991943
v -234.183197 413.958588 -1234.205811
v -240.291000 417.224091 -1222.381348
v -240.436600 425.386810 -1235.837402
v -247.818497 394.995514 -1232.854004
v -241.580093 407.823090 -1224.933838
v -234.183197 413.958588 -1234.205811
v -285.799500 415.328003 -1265.556396
v -278.896515 438.376495 -1268.039062
v -296.505707 417.251587 -1256.460938
v -296.505707 417.251587 -1256.460938
v -291.556885 406.085785 -1252.991943
v -281.575012 408.477112 -1263.417480
v -286.075012 413.730591 -1209.976807
v -281.032806 431.066315 -1206.137451
v -276.690887 406.856415 -1212.962158
v -282.761902 410.809113 -1226.646240
v -286.075012 413.730591 -1209.976807
v -276.690887 406.856415 -1212.962158
v -276.039307 448.251587 -1213.630371
v -300.843689 443.986206 -1223.677979
v -287.631500 448.139099 -1225.805664
v -260.477386 443.047913 -1219.248291
v -276.039307 448.251587 -1213.630371
v -287.631500 448.139099 -1225.805664
v -253.834198 397.089996 -1253.701904
v -246.524399 404.530212 -1257.724365
v -258.186310 406.695709 -1264.318359
v -253.834198 397.089996 -1253.701904
v -261.744507 387.588898 -1238.411621
v -243.830994 403.831207 -1247.779541
v -281.481110 397.165588 -1232.728516
v -291.556885 406.085785 -1252.991943
v -289.839508 406.681396 -1235.147705
v -289.839508 406.681396 -1235.147705
v -282.761902 410.809113 -1226.646240
v -281.481110 397.165588 -1232.728516
v -257.203400 429.450287 -1269.211914
v -266.441101 433.605591 -1271.385254
v -285.799500 415.328003 -1265.556396
v -257.203400 429.450287 -1269.211914
v -258.449005 438.112488 -1263.700684
v -266.441101 433.605591 -1271.385254
v -266.522400 451.142609 -1245.951904
v -253.107300 442.537109 -1223.473877
v -260.477386 443.047913 -1219.248291
v -253.107300 442.537109 -1223.473877
v -258.125793 429.886688 -1210.648682
v -260.477386 443.047913 -1219.248291
v -245.906204 428.116913 -1223.741455
v -240.436600 425.386810 -1235.837402
v -240.291000 417.224091 -1222.381348
v -245.906204 428.116913 -1223.741455
v -253.107300 442.537109 -1223.473877
v -240.436600 425.386810 -1235.837402
v -281.032806 431.066315 -1206.137451
v -300.203400 431.928192 -1221.008545
v -300.843689 443.986206 -1223.677979
v -304.773407 426.796814 -1229.920654
v -300.843689 443.986206 -1223.677979
v -300.203400 431.928192 -1221.008545
v -275.156097 430.738312 -1203.892334
v -276.690887 406.856415 -1212.962158
v -281.032806 431.066315 -1206.137451
v -275.156097 430.738312 -1203.892334
v -281.032806 431.066315 -1206.137451
v -276.039307 448.251587 -1213.630371
v -282.667786 447.053802 -1240.339600
v -302.141113 438.252808 -1234.694580
v -294.442688 434.094788 -1243.618896
v -294.442688 434.094788 -1243.618896
v -302.141113 438.252808 -1234.694580
v -297.682098 415.547089 -1233.039795
v -260.352386 444.994812 -1255.232422
v -258.449005 438.112488 -1263.700684
v -264.005890 437.857208 -1248.018066
v -258.449005 438.112488 -1263.700684
v -260.352386 444.994812 -1255.232422
v -266.441101 433.605591 -1271.385254
v -297.755615 412.630615 -1244.972900
v -297.682098 415.547089 -1233.039795
v -289.839508 406.681396 -1235.147705
v -297.755615 412.630615 -1244.972900
v -294.442688 434.094788 -1243.618896
v -297.682098 415.547089 -1233.039795
v -266.441101 433.605591 -1271.385254
v -274.729401 447.853302 -1255.630127
v -278.896515 438.376495 -1268.039062
v -278.896515 438.376495 -1268.039062
v -274.729401 447.853302 -1255.630127
v -292.048401 432.273712 -1254.635010
v -240.291000 417.224091 -1222.381348
v -234.183197 413.958588 -1234.205811
v -241.580093 407.823090 -1224.933838
v -241.580093 407.823090 -1224.933838
v -257.831787 422.011688 -1208.345459
v -240.291000 417.224091 -1222.381348
v -281.575012 408.477112 -1263.417480
v -285.799500 415.328003 -1265.556396
v -296.505707 417.251587 -1256.460938
v -267.393799 411.319794 -1264.816650
v -285.799500 415.328003 -1265.556396
v -281.575012 408.477112 -1263.417480
v -274.132202 400.286011 -1255.171143
v -258.186310 406.695709 -1264.318359
v -267.393799 411.319794 -1264.816650
v -267.393799 411.319794 -1264.816650
v -258.186310 406.695709 -1264.318359
v -257.203400 429.450287 -1269.211914
v -238.818100 419.131012 -1252.405029
v -246.444702 420.574493 -1255.698486
v -246.524399 404.530212 -1257.724365
v -246.444702 420.574493 -1255.698486
v -238.818100 419.131012 -1252.405029
v -240.436600 425.386810 -1235.837402
v -243.830994 403.831207 -1247.779541
v -246.524399 404.530212 -1257.724365
v -253.834198 397.089996 -1253.701904
v -243.830994 403.831207 -1247.779541
v -238.818100 419.131012 -1252.405029
v -246.524399 404.530212 -1257.724365
v -274.589508 395.778412 -1222.074707
v -282.761902 410.809113 -1226.646240
v -276.690887 406.856415 -1212.962158
v -257.618500 404.270386 -1216.936523
v -274.589508 395.778412 -1222.074707
v -276.690887 406.856415 -1212.962158
v -240.291000 417.224091 -1222.381348
v -257.831787 422.011688 -1208.345459
v -258.125793 429.886688 -1210.648682
v -257.831787 422.011688 -1208.345459
v -275.156097 430.738312 -1203.892334
v -258.125793 429.886688 -1210.648682
v -289.839508 406.681396 -1235.147705
v -297.682098 415.547089 -1233.039795
v -286.075012 413.730591 -1209.976807
v -41.591400 205.449799 -307.284210
v -40.703602 163.930893 -323.858185
v -68.976799 193.568207 -293.783203
v -98.385696 129.818802 -366.205994
v -130.741699 156.873901 -351.645111
v -133.905502 134.476593 -340.691711
v -108.739197 134.451996 -266.977997
v -142.020905 148.294693 -264.768311
v -96.310799 160.473495 -254.806900
v -102.299698 216.575104 -277.446014
v -71.597000 225.602203 -288.806091
v -69.643997 207.354599 -270.656586
v -141.956604 225.197906 -293.160614
v -156.492096 211.499603 -308.163086
v -146.852402 195.333694 -327.374115
v -40.703602 163.930893 -323.858185
v -36.710899 201.850906 -326.723206
v -53.683201 174.821793 -359.665588
v -53.683201 174.821793 -359.665588
v -45.130100 150.566193 -352.418610
v -40.703602 163.930893 -323.858185
v -111.163696 115.929703 -315.446289
v -98.385696 129.818802 -366.205994
v -133.905502 134.476593 -340.691711
v -150.925903 216.290894 -272.072510
v -124.186501 178.147797 -246.047806
v -147.955704 158.493896 -268.587799
v -146.852402 195.333694 -327.374115
v -156.492096 211.499603 -308.163086
v -158.154007 152.096497 -302.878693
v -98.385696 129.818802 -366.205994
v -91.293198 177.341095 -366.632507
v -130.741699 156.873901 -351.645111
v -121.400902 222.126205 -306.335114
v -133.757706 206.595703 -344.307404
v -116.047501 223.150299 -347.880096
v -66.811996 235.981598 -318.500793
v -89.845398 218.786301 -356.473389
v -46.146801 219.882401 -325.346497
v -69.643997 207.354599 -270.656586
v -71.597000 225.602203 -288.806091
v -51.781601 204.617401 -288.018585
v -108.739197 134.451996 -266.977997
v -80.393402 155.875702 -257.316986
v -75.374001 133.084900 -278.831299
v -53.424599 134.850006 -342.537415
v -51.148399 116.996803 -308.643311
v -33.889500 149.240997 -320.196503
v -53.713600 137.901794 -293.655090
v -80.393402 155.875702 -257.316986
v -68.976799 193.568207 -293.783203
v -102.299698 216.575104 -277.446014
v -69.643997 207.354599 -270.656586
v -126.844704 206.639801 -262.686493
v -98.385696 129.818802 -366.205994
v -64.060997 147.475204 -363.214905
v -91.293198 177.341095 -366.632507
v -53.424599 134.850006 -342.537415
v -81.161797 113.453003 -343.407593
v -51.148399 116.996803 -308.643311
v -111.163696 115.929703 -315.446289
v -76.008904 109.120300 -311.997192
v -81.161797 113.453003 -343.407593
v -73.209099 113.813698 -293.437012
v -108.739197 134.451996 -266.977997
v -75.374001 133.084900 -278.831299
v -105.263100 230.353897 -319.655914
v -116.047501 223.150299 -347.880096
v -66.811996 235.981598 -318.500793
v -102.299698 216.575104 -277.446014
v -121.400902 222.126205 -306.335114
v -71.597000 225.602203 -288.806091
v -156.492096 211.499603 -308.163086
v -147.955704 158.493896 -268.587799
v -158.154007 152.096497 -302.878693
v -143.404404 137.273804 -313.919098
v -142.020905 148.294693 -264.768311
v -114.401604 123.599403 -277.536011
v -89.000397 204.302002 -364.113098
v -117.544601 201.946594 -361.036011
v -91.293198 177.341095 -366.632507
v -89.845398 218.786301 -356.473389
v -64.902702 191.306396 -355.806793
v -36.710899 201.850906 -326.723206
v -69.643997 207.354599 -270.656586
v -96.310799 160.473495 -254.806900
v -126.844704 206.639801 -262.686493
v -124.186501 178.147797 -246.047806
v -96.310799 160.473495 -254.806900
v -142.020905 148.294693 -264.768311
v -91.293198 177.341095 -366.632507
v -117.544601 201.946594 -361.036011
v -130.741699 156.873901 -351.645111
v -158.275406 200.448898 -289.040588
v -147.955704 158.493896 -268.587799
v -156.492096 211.499603 -308.163086
v -141.956604 225.197906 -293.160614
v -150.925903 216.290894 -272.072510
v -156.492096 211.499603 -308.163086
v -51.148399 116.996803 -308.643311
v -53.713600 137.901794 -293.655090
v -33.889500 149.240997 -320.196503
v -68.976799 193.568207 -293.783203
v -40.703602 163.930893 -323.858185
v -53.713600 137.901794 -293.655090
v -36.710899 201.850906 -326.723206
v -40.703602 163.930893 -323.858185
v -41.591400 205.449799 -307.284210
v -51.781601 204.617401 -288.018585
v -71.597000 225.602203 -288.806091
v -46.146801 219.882401 -325.346497
v -111.163696 115.929703 -315.446289
v -114.401604 123.599403 -277.536011
v -76.008904 109.120300 -311.997192
v -114.401604 123.599403 -277.536011
v -111.163696 115.929703 -315.446289
v -143.404404 137.273804 -313.919098
v -150.925903 216.290894 -272.072510
v -141.956604 225.197906 -293.160614
v -102.299698 216.575104 -277.446014
v -126.844704 206.639801 -262.686493
v -150.925903 216.290894 -272.072510
v -102.299698 216.575104 -277.446014
v -81.161797 113.453003 -343.407593
v -98.385696 129.818802 -366.205994
v -111.163696 115.929703 -315.446289
v -98.385696 129.818802 -366.205994
v -81.161797 113.453003 -343.407593
v -53.424599 134.850006 -342.537415
v -130.741699 156.873901 -351.645111
v -134.268097 164.764206 -323.418701
v -133.905502 134.476593 -340.691711
v -158.154007 152.096497 -302.878693
v -134.268097 164.764206 -323.418701
v -136.308502 179.407806 -341.358887
v -68.976799 193.568207 -293.783203
v -69.643997 207.354599 -270.656586
v -51.781601 204.617401 -288.018585
v -69.643997 207.354599 -270.656586
v -68.976799 193.568207 -293.783203
v -80.393402 155.875702 -257.316986
v -89.000397 204.302002 -364.113098
v -91.293198 177.341095 -366.632507
v -64.902702 191.306396 -355.806793
v -91.293198 177.341095 -366.632507
v -64.060997 147.475204 -363.214905
v -53.683201 174.821793 -359.665588
v -105.263100 230.353897 -319.655914
v -121.400902 222.126205 -306.335114
v -116.047501 223.150299 -347.880096
v -71.597000 225.602203 -288.806091
v -121.400902 222.126205 -306.335114
v -105.263100 230.353897 -319.655914
v -117.544601 201.946594 -361.036011
v -116.047501 223.150299 -347.880096
v -133.757706 206.595703 -344.307404
v -133.757706 206.595703 -344.307404
v -136.308502 179.407806 -341.358887
v -117.544601 201.946594 -361.036011
v -51.148399 116.996803 -308.643311
v -73.209099 113.813698 -293.437012
v -53.713600 137.901794 -293.655090
v -81.161797 113.453003 -343.407593
v -76.008904 109.120300 -311.997192
v -51.148399 116.996803 -308.643311
v -89.845398 218.786301 -356.473389
v -66.811996 235.981598 -318.500793
v -116.047501 223.150299 -347.880096
v -116.047501 223.150299 -347.880096
v -117.544601 201.946594 -361.036011
v -89.000397 204.302002 -364.113098
v -158.154007 152.096497 -302.878693
v -147.955704 158.493896 -268.587799
v -143.404404 137.273804 -313.919098
v -134.268097 164.764206 -323.418701
v -158.154007 152.096497 -302.878693
v -143.404404 137.273804 -313.919098
v -124.186501 178.147797 -246.047806
v -150.925903 216.290894 -272.072510
v -126.844704 206.639801 -262.686493
v -96.310799 160.473495 -254.806900
v -124.186501 178.147797 -246.047806
v -126.844704 206.639801 -262.686493
v -64.060997 147.475204 -363.214905
v -45.130100 150.566193 -352.418610
v -53.683201 174.821793 -359.665588
v -64.060997 147.475204 -363.214905
v -98.385696 129.818802 -366.205994
v -53.424599 134.850006 -342.537415
v -130.741699 156.873901 -351.645111
v -117.544601 201.946594 -361.036011
v -136.308502 179.407806 -341.358887
v -136.308502 179.407806 -341.358887
v -134.268097 164.764206 -323.418701
v -130.741699 156.873901 -351.645111
v -36.710899 201.850906 -326.723206
v -46.146801 219.882401 -325.346497
v -89.845398 218.786301 -356.473389
v -36.710899 201.850906 -326.723206
v -41.591400 205.449799 -307.284210
v -46.146801 219.882401 -325.346497
v -69.643997 207.354599 -270.656586
v -80.393402 155.875702 -257.316986
v -96.310799 160.473495 -254.806900
v -80.393402 155.875702 -257.316986
v -108.739197 134.451996 -266.977997
v -96.310799 160.473495 -254.806900
v -75.374001 133.084900 -278.831299
v -53.713600 137.901794 -293.655090
v -73.209099 113.813698 -293.437012
v -75.374001 133.084900 -278.831299
v -80.393402 155.875702 -257.316986
v -53.713600 137.901794 -293.655090
v -147.955704 158.493896 -268.587799
v -158.275406 200.448898 -289.040588
v -150.925903 216.290894 -272.072510
v -156.492096 211.499603 -308.163086
v -150.925903 216.290894 -272.072510
v -158.275406 200.448898 -289.040588
v -142.020905 148.294693 -264.768311
v -143.404404 137.273804 -313.919098
v -147.955704 158.493896 -268.587799
v -142.020905 148.294693 -264.768311
v -147.955704 158.493896 -268.587799
v -124.186501 178.147797 -246.047806
v -102.299698 216.575104 -277.446014
v -141.956604 225.197906 -293.160614
v -121.400902 222.126205 -306.335114
v -121.400902 222.126205 -306.335114
v -141.956604 225.197906 -293.160614
v -146.852402 195.333694 -327.374115
v -51.781601 204.617401 -288.018585
v -41.591400 205.449799 -307.284210
v -68.976799 193.568207 -293.783203
v -41.591400 205.449799 -307.284210
v -51.781601 204.617401 -288.018585
v -46.146801 219.882401 -325.346497
v -133.757706 206.595703 -344.307404
v -146.852402 195.333694 -327.374115
v -136.308502 179.407806 -341.358887
v -133.757706 206.595703 -344.307404
v -121.400902 222.126205 -306.335114
v -146.852402 195.333694 -327.374115
v -46.146801 219.882401 -325.346497
v -71.597000 225.602203 -288.806091
v -66.811996 235.981598 -318.500793
v -66.811996 235.981598 -318.500793
v -71.597000 225.602203 -288.806091
v -105.263100 230.353897 -319.655914
v -73.209099 113.813698 -293.437012
v -51.148399 116.996803 -308.643311
v -76.008904 109.120300 -311.997192
v -76.008904 109.120300 -311.997192
v -114.401604 123.599403 -277.536011
v -73.209099 113.813698 -293.437012
v -89.000397 204.302002 -364.113098
v -89.845398 218.786301 -356.473389
v -116.047501 223.150299 -347.880096
v -64.902702 191.306396 -355.806793
v -89.845398 218.786301 -356.473389
v -89.000397 204.302002 -364.113098
v -91.293198 177.341095 -366.632507
v -53.683201 174.821793 -359.665588
v -64.902702 191.306396 -355.806793
v -64.902702 191.306396 -355.806793
v -53.683201 174.821793 -359.665588
v -36.710899 201.850906 -326.723206
v -33.889500 149.240997 -320.196503
v -40.703602 163.930893 -323.858185
v -45.130100 150.566193 -352.418610
v -40.703602 163.930893 -323.858185
v -33.889500 149.240997 -320.196503
v -53.713600 137.901794 -293.655090
v -53.424599 134.850006 -342.537415
v -45.130100 150.566193 -352.418610
v -64.060997 147.475204 -363.214905
v -53.424599 134.850006 -342.537415
v -33.889500 149.240997 -320.196503
v -45.130100 150.566193 -352.418610
v -133.905502 134.476593 -340.691711
v -134.268097 164.764206 -323.418701
v -143.404404 137.273804 -313.919098
v -111.163696 115.929703 -315.446289
v -133.905502 134.476593 -340.691711
v -143.404404 137.273804 -313.919098
v -73.209099 113.813698 -293.437012
v -114.401604 123.599403 -277.536011
v -108.739197 134.451996 -266.977997
v -114.401604 123.599403 -277.536011
v -142.020905 148.294693 -264.768311
v -108.739197 134.451996 -266.977997
v -136.308502 179.407806 -341.358887
v -146.852402 195.333694 -327.374115
v -158.154007 152.096497 -302.878693
v -22.844000 1022.652100 -423.856110
v -37.487701 1006.148315 -418.480713
v -36.175999 1027.890259 -432.323914
v -57.316601 982.898010 -444.695709
v -55.336498 997.239929 -462.129089
v -67.435402 997.640686 -458.082306
v -74.588699 1029.834351 -436.233307
v -76.320000 1035.761719 -453.503906
v -62.889599 1040.228760 -433.442108
v -36.433998 1042.235229 -449.234314
v -23.961700 1037.169434 -438.453094
v -34.412300 1041.444580 -431.793701
v -38.706100 1039.231934 -471.013885
v -45.133400 1030.303345 -477.332306
v -46.626999 1017.501587 -472.808502
v -37.487701 1006.148315 -418.480713
v -19.985100 1012.713684 -423.742188
v -29.546000 992.880615 -431.352295
v -29.546000 992.880615 -431.352295
v -39.250500 990.501404 -422.168915
v -37.487701 1006.148315 -418.480713
v -74.702499 1003.870911 -440.909393
v -57.316601 982.898010 -444.695709
v -67.435402 997.640686 -458.082306
v -48.061600 1047.490112 -470.554688
v -62.934101 1049.650391 -448.003815
v -72.616302 1036.547119 -458.538513
v -46.626999 1017.501587 -472.808502
v -45.133400 1030.303345 -477.332306
v -71.688400 1020.111694 -466.887604
v -57.316601 982.898010 -444.695709
v -35.468601 992.448730 -449.893005
v -55.336498 997.239929 -462.129089
v -33.282700 1031.346680 -462.976410
v -36.082600 1011.403320 -471.219208
v -24.567400 1012.269470 -466.577606
v -13.416700 1025.540283 -442.288788
v -19.249500 1005.868530 -455.097290
v -14.598800 1017.754028 -431.016113
v -34.412300 1041.444580 -431.793701
v -23.961700 1037.169434 -438.453094
v -28.715700 1031.875732 -425.630890
v -74.588699 1029.834351 -436.233307
v -60.951698 1037.162476 -425.743286
v -65.876999 1022.163513 -422.480713
v -49.438499 992.143188 -421.784210
v -62.347000 1003.677124 -412.827393
v -42.884800 1004.278809 -412.277893
v -56.572498 1015.146729 -415.561493
v -60.951698 1037.162476 -425.743286
v -36.175999 1027.890259 -432.323914
v -36.433998 1042.235229 -449.234314
v -34.412300 1041.444580 -431.793701
v -48.534500 1048.297607 -456.574310
v -57.316601 982.898010 -444.695709
v -42.839100 986.021606 -431.761902
v -35.468601 992.448730 -449.893005
v -49.438499 992.143188 -421.784210
v -64.437302 988.801392 -430.762787
v -62.347000 1003.677124 -412.827393
v -74.702499 1003.870911 -440.909393
v -70.538200 1001.922485 -423.226898
v -64.437302 988.801392 -430.762787
v -71.108597 1011.241821 -420.162415
v -74.588699 1029.834351 -436.233307
v -65.876999 1022.163513 -422.480713
v -23.985901 1026.070801 -458.958801
v -24.567400 1012.269470 -466.577606
v -13.416700 1025.540283 -442.288788
v -36.433998 1042.235229 -449.234314
v -33.282700 1031.346680 -462.976410
v -23.961700 1037.169434 -438.453094
v -45.133400 1030.303345 -477.332306
v -72.616302 1036.547119 -458.538513
v -71.688400 1020.111694 -466.887604
v -72.896698 1011.030212 -459.122894
v -76.320000 1035.761719 -453.503906
v -78.633598 1023.022522 -438.388397
v -23.923300 999.230774 -453.240204
v -31.667601 1001.812073 -465.381287
v -35.468601 992.448730 -449.893005
v -19.249500 1005.868530 -455.097290
v -25.631800 998.828796 -438.815491
v -19.985100 1012.713684 -423.742188
v -34.412300 1041.444580 -431.793701
v -62.889599 1040.228760 -433.442108
v -48.534500 1048.297607 -456.574310
v -62.934101 1049.650391 -448.003815
v -62.889599 1040.228760 -433.442108
v -76.320000 1035.761719 -453.503906
v -35.468601 992.448730 -449.893005
v -31.667601 1001.812073 -465.381287
v -55.336498 997.239929 -462.129089
v -53.500301 1036.781982 -473.503113
v -72.616302 1036.547119 -458.538513
v -45.133400 1030.303345 -477.332306
v -38.706100 1039.231934 -471.013885
v -48.061600 1047.490112 -470.554688
v -45.133400 1030.303345 -477.332306
v -62.347000 1003.677124 -412.827393
v -56.572498 1015.146729 -415.561493
v -42.884800 1004.278809 -412.277893
v -36.175999 1027.890259 -432.323914
v -37.487701 1006.148315 -418.480713
v -56.572498 1015.146729 -415.561493
v -19.985100 1012.713684 -423.742188
v -37.487701 1006.148315 -418.480713
v -22.844000 1022.652100 -423.856110
v -28.715700 1031.875732 -425.630890
v -23.961700 1037.169434 -438.453094
v -14.598800 1017.754028 -431.016113
v -74.702499 1003.870911 -440.909393
v -78.633598 1023.022522 -438.388397
v -70.538200 1001.922485 -423.226898
v -78.633598 1023.022522 -438.388397
v -74.702499 1003.870911 -440.909393
v -72.896698 1011.030212 -459.122894
v -48.061600 1047.490112 -470.554688
v -38.706100 1039.231934 -471.013885
v -36.433998 1042.235229 -449.234314
v -48.534500 1048.297607 -456.574310
v -48.061600 1047.490112 -470.554688
v -36.433998 1042.235229 -449.234314
v -64.437302 988.801392 -430.762787
v -57.316601 982.898010 -444.695709
v -74.702499 1003.870911 -440.909393
v -57.316601 982.898010 -444.695709
v -64.437302 988.801392 -430.762787
v -49.438499 992.143188 -421.784210
v -55.336498 997.239929 -462.129089
v -57.578499 1012.031128 -461.143402
v -67.435402 997.640686 -458.082306
v -71.688400 1020.111694 -466.887604
v -57.578499 1012.031128 -461.143402
v -48.716900 1007.086121 -467.178711
v -36.175999 1027.890259 -432.323914
v -34.412300 1041.444580 -431.793701
v -28.715700 1031.875732 -425.630890
v -34.412300 1041.444580 -431.793701
v -36.175999 1027.890259 -432.323914
v -60.951698 1037.162476 -425.743286
v -23.923300 999.230774 -453.240204
v -35.468601 992.448730 -449.893005
v -25.631800 998.828796 -438.815491
v -35.468601 992.448730 -449.893005
v -42.839100 986.021606 -431.761902
v -29.546000 992.880615 -431.352295
v -23.985901 1026.070801 -458.958801
v -33.282700 1031.346680 -462.976410
v -24.567400 1012.269470 -466.577606
v -23.961700 1037.169434 -438.453094
v -33.282700 1031.346680 -462.976410
v -23.985901 1026.070801 -458.958801
v -31.667601 1001.812073 -465.381287
v -24.567400 1012.269470 -466.577606
v -36.082600 1011.403320 -471.219208
v -36.082600 1011.403320 -471.219208
v -48.716900 1007.086121 -467.178711
v -31.667601 1001.812073 -465.381287
v -62.347000 1003.677124 -412.827393
v -71.108597 1011.241821 -420.162415
v -56.572498 1015.146729 -415.561493
v -64.437302 988.801392 -430.762787
v -70.538200 1001.922485 -423.226898
v -62.347000 1003.677124 -412.827393
v -19.249500 1005.868530 -455.097290
v -13.416700 1025.540283 -442.288788
v -24.567400 1012.269470 -466.577606
v -24.567400 1012.269470 -466.577606
v -31.667601 1001.812073 -465.381287
v -23.923300 999.230774 -453.240204
v -71.688400 1020.111694 -466.887604
v -72.616302 1036.547119 -458.538513
v -72.896698 1011.030212 -459.122894
v -57.578499 1012.031128 -461.143402
v -71.688400 1020.111694 -466.887604
v -72.896698 1011.030212 -459.122894
v -62.934101 1049.650391 -448.003815
v -48.061600 1047.490112 -470.554688
v -48.534500 1048.297607 -456.574310
v -62.889599 1040.228760 -433.442108
v -62.934101 1049.650391 -448.003815
v -48.534500 1048.297607 -456.574310
v -42.839100 986.021606 -431.761902
v -39.250500 990.501404 -422.168915
v -29.546000 992.880615 -431.352295
v -42.839100 986.021606 -431.761902
v -57.316601 982.898010 -444.695709
v -49.438499 992.143188 -421.784210
v -55.336498 997.239929 -462.129089
v -31.667601 1001.812073 -465.381287
v -48.716900 1007.086121 -467.178711
v -48.716900 1007.086121 -467.178711
v -57.578499 1012.031128 -461.143402
v -55.336498 997.239929 -462.129089
v -19.985100 1012.713684 -423.742188
v -14.598800 1017.754028 -431.016113
v -19.249500 1005.868530 -455.097290
v -19.985100 1012.713684 -423.742188
v -22.844000 1022.652100 -423.856110
v -14.598800 1017.754028 -431.016113
v -34.412300 1041.444580 -431.793701
v -60.951698 1037.162476 -425.743286
v -62.889599 1040.228760 -433.442108
v -60.951698 1037.162476 -425.743286
v -74.588699 1029.834351 -436.233307
v -62.889599 1040.228760 -433.442108
v -65.876999 1022.163513 -422.480713
v -56.572498 1015.146729 -415.561493
v -71.108597 1011.241821 -420.162415
v -65.876999 1022.163513 -422.480713
v -60.951698 1037.162476 -425.743286
v -56.572498 1015.146729 -415.561493
v -72.616302 1036.547119 -458.538513
v -53.500301 1036.781982 -473.503113
v -48.061600 1047.490112 -470.554688
v -45.133400 1030.303345 -477.332306
v -48.061600 1047.490112 -470.554688
v -53.500301 1036.781982 -473.503113
v -76.320000 1035.761719 -453.503906
v -72.896698 1011.030212 -459.122894
v -72.616302 1036.547119 -458.538513
v -76.320000 1035.761719 -453.503906
v -72.616302 1036.547119 -458.538513
v -62.934101 1049.650391 -448.003815
v -36.433998 1042.235229 -449.234314
v -38.706100 1039.231934 -471.013885
v -33.282700 1031.346680 -462.976410
v -33.282700 1031.346680 -462.976410
v -38.706100 1039.231934 -471.013885
v -46.626999 1017.501587 -472.808502
v -28.715700 1031.875732 -425.630890
v -22.844000 1022.652100 -423.856110
v -36.175999 1027.890259 -432.323914
v -22.844000 1022.652100 -423.856110
v -28.715700 1031.875732 -425.630890
v -14.598800 1017.754028 -431.016113
v -36.082600 1011.403320 -471.219208
v -46.626999 1017.501587 -472.808502
v -48.716900 1007.086121 -467.178711
v -36.082600 1011.403320 -471.219208
v -33.282700 1031.346680 -462.976410
v -46.626999 1017.501587 -472.808502
v -14.598800 1017.754028 -431.016113
v -23.961700 1037.169434 -438.453094
v -13.416700 1025.540283 -442.288788
v -13.416700 1025.540283 -442.288788
v -23.961700 1037.169434 -438.453094
v -23.985901 1026.070801 -458.958801
v -71.108597 1011.241821 -420.162415
v -62.347000 1003.677124 -412.827393
v -70.538200 1001.922485 -423.226898
v -70.538200 1001.922485 -423.226898
v -78.633598 1023.022522 -438.388397
v -71.108597 1011.241821 -420.162415
v -23.923300 999.230774 -453.240204
v -19.249500 1005.868530 -455.097290
v -24.567400 1012.269470 -466.577606
v -25.631800 998.828796 -438.815491
v -19.249500 1005.868530 -455.097290
v -23.923300 999.230774 -453.240204
v -35.468601 992.448730 -449.893005
v -29.546000 992.880615 -431.352295
v -25.631800 998.828796 -438.815491
v -25.631800 998.828796 -438.815491
v -29.546000 992.880615 -431.352295
v -19.985100 1012.713684 -423.742188
v -42.884800 1004.278809 -412.277893
v -37.487701 1006.148315 -418.480713
v -39.250500 990.501404 -422.168915
v -37.487701 1006.148315 -418.480713
v -42.884800 1004.278809 -412.277893
v -56.572498 1015.146729 -415.561493
v -49.438499 992.143188 -421.784210
v -39.250500 990.501404 -422.168915
v -42.839100 986.021606 -431.761902
v -49.438499 992.143188 -421.784210
v -42.884800 1004.278809 -412.277893
v -39.250500 990.501404 -422.168915
v -67.435402 997.640686 -458.082306
v -57.578499 1012.031128 -461.143402
v -72.896698 1011.030212 -459.122894
v -74.702499 1003.870911 -440.909393
v -67.435402 997.640686 -458.082306
v -72.896698 1011.030212 -459.122894
v -71.108597 1011.241821 -420.162415
v -78.633598 1023.022522 -438.388397
v -74.588699 1029.834351 -436.233307
v -78.633598 1023.022522 -438.388397
v -76.320000 1035.761719 -453.503906
v -74.588699 1029.834351 -436.233307
v -48.716900 1007.086121 -467.178711
v -46.626999 1017.501587 -472.808502
v -71.688400 1020.111694 -466.887604
v -1657.052979 1020.863220 -1235.430664
v -1656.325684 1009.399292 -1220.261475
v -1666.859131 1011.623474 -1239.015381
v -1650.806396 976.128418 -1220.995117
v -1656.120483 973.866272 -1239.082764
v -1663.828369 969.823914 -1232.867920
v -1689.730225 990.359680 -1230.412842
v -1692.197754 982.871704 -1243.603760
v -1689.495972 1002.076172 -1236.743408
v -1673.529541 1008.468323 -1256.068604
v -1664.598633 1018.530212 -1250.794189
v -1673.972656 1018.257629 -1245.076904
v -1670.455200 994.773621 -1268.150146
v -1668.097290 984.560974 -1266.377197
v -1661.879028 980.992981 -1257.456299
v -1656.325684 1009.399292 -1220.261475
v -1649.499268 1018.422974 -1231.955322
v -1642.305420 1001.530579 -1225.331055
v -1642.305420 1001.530579 -1225.331055
v -1647.588989 1000.286316 -1215.339355
v -1656.325684 1009.399292 -1220.261475
v -1673.782471 977.452271 -1222.187256
v -1650.806396 976.128418 -1220.995117
v -1663.828369 969.823914 -1232.867920
v -1680.827393 993.451721 -1268.504883
v -1693.392334 998.275574 -1250.217285
v -1689.926025 982.503601 -1248.353516
v -1661.879028 980.992981 -1257.456299
v -1668.097290 984.560974 -1266.377197
v -1678.610107 972.056274 -1246.943848
v -1650.806396 976.128418 -1220.995117
v -1643.256348 988.647217 -1235.290771
v -1656.120483 973.866272 -1239.082764
v -1663.588379 998.606384 -1261.235840
v -1652.349243 984.864624 -1257.079834
v -1646.769287 993.621521 -1258.040771
v -1651.128906 1017.366089 -1251.538330
v -1641.258545 999.782593 -1249.508057
v -1648.521729 1019.476318 -1240.515625
v -1673.972656 1018.257629 -1245.076904
v -1664.598633 1018.530212 -1250.794189
v -1665.722168 1020.584595 -1238.732910
v -1689.730225 990.359680 -1230.412842
v -1687.470215 1005.851624 -1231.042969
v -1681.775146 998.959229 -1220.919189
v -1654.494873 995.836487 -1212.624512
v -1669.883911 998.389282 -1207.790527
v -1659.069580 1009.057129 -1213.760498
v -1673.050781 1004.582275 -1216.312744
v -1687.470215 1005.851624 -1231.042969
v -1666.859131 1011.623474 -1239.015381
v -1673.529541 1008.468323 -1256.068604
v -1673.972656 1018.257629 -1245.076904
v -1683.249756 1000.786621 -1259.663818
v -1650.806396 976.128418 -1220.995117
v -1645.849365 991.639221 -1218.490479
v -1643.256348 988.647217 -1235.290771
v -1654.494873 995.836487 -1212.624512
v -1660.094971 982.019775 -1212.313965
v -1669.883911 998.389282 -1207.790527
v -1673.782471 977.452271 -1222.187256
v -1672.328125 988.018921 -1211.206299
v -1660.094971 982.019775 -1212.313965
v -1678.570557 993.052795 -1213.071533
v -1689.730225 990.359680 -1230.412842
v -1681.775146 998.959229 -1220.919189
v -1655.558838 1003.418579 -1259.255615
v -1646.769287 993.621521 -1258.040771
v -1651.128906 1017.366089 -1251.538330
v -1673.529541 1008.468323 -1256.068604
v -1663.588379 998.606384 -1261.235840
v -1664.598633 1018.530212 -1250.794189
v -1668.097290 984.560974 -1266.377197
v -1689.926025 982.503601 -1248.353516
v -1678.610107 972.056274 -1246.943848
v -1674.828247 971.812317 -1237.622070
v -1692.197754 982.871704 -1243.603760
v -1687.754150 984.399719 -1227.603516
v -1640.227661 995.647278 -1243.983154
v -1644.787354 986.345886 -1250.537354
v -1643.256348 988.647217 -1235.290771
v -1641.258545 999.782593 -1249.508057
v -1642.696045 1002.083496 -1233.947266
v -1649.499268 1018.422974 -1231.955322
v -1673.972656 1018.257629 -1245.076904
v -1689.495972 1002.076172 -1236.743408
v -1683.249756 1000.786621 -1259.663818
v -1693.392334 998.275574 -1250.217285
v -1689.495972 1002.076172 -1236.743408
v -1692.197754 982.871704 -1243.603760
v -1643.256348 988.647217 -1235.290771
v -1644.787354 986.345886 -1250.537354
v -1656.120483 973.866272 -1239.082764
v -1677.242432 984.789612 -1264.091309
v -1689.926025 982.503601 -1248.353516
v -1668.097290 984.560974 -1266.377197
v -1670.455200 994.773621 -1268.150146
v -1680.827393 993.451721 -1268.504883
v -1668.097290 984.560974 -1266.377197
v -1669.883911 998.389282 -1207.790527
v -1673.050781 1004.582275 -1216.312744
v -1659.069580 1009.057129 -1213.760498
v -1666.859131 1011.623474 -1239.015381
v -1656.325684 1009.399292 -1220.261475
v -1673.050781 1004.582275 -1216.312744
v -1649.499268 1018.422974 -1231.955322
v -1656.325684 1009.399292 -1220.261475
v -1657.052979 1020.863220 -1235.430664
v -1665.722168 1020.584595 -1238.732910
v -1664.598633 1018.530212 -1250.794189
v -1648.521729 1019.476318 -1240.515625
v -1673.782471 977.452271 -1222.187256
v -1687.754150 984.399719 -1227.603516
v -1672.328125 988.018921 -1211.206299
v -1687.754150 984.399719 -1227.603516
v -1673.782471 977.452271 -1222.187256
v -1674.828247 971.812317 -1237.622070
v -1680.827393 993.451721 -1268.504883
v -1670.455200 994.773621 -1268.150146
v -1673.529541 1008.468323 -1256.068604
v -1683.249756 1000.786621 -1259.663818
v -1680.827393 993.451721 -1268.504883
v -1673.529541 1008.468323 -1256.068604
v -1660.094971 982.019775 -1212.313965
v -1650.806396 976.128418 -1220.995117
v -1673.782471 977.452271 -1222.187256
v -1650.806396 976.128418 -1220.995117
v -1660.094971 982.019775 -1212.313965
v -1654.494873 995.836487 -1212.624512
v -1656.120483 973.866272 -1239.082764
v -1666.337769 979.146790 -1244.135010
v -1663.828369 969.823914 -1232.867920
v -1678.610107 972.056274 -1246.943848
v -1666.337769 979.146790 -1244.135010
v -1657.557007 978.646423 -1248.664551
v -1666.859131 1011.623474 -1239.015381
v -1673.972656 1018.257629 -1245.076904
v -1665.722168 1020.584595 -1238.732910
v -1673.972656 1018.257629 -1245.076904
v -1666.859131 1011.623474 -1239.015381
v -1687.470215 1005.851624 -1231.042969
v -1640.227661 995.647278 -1243.983154
v -1643.256348 988.647217 -1235.290771
v -1642.696045 1002.083496 -1233.947266
v -1643.256348 988.647217 -1235.290771
v -1645.849365 991.639221 -1218.490479
v -1642.305420 1001.530579 -1225.331055
v -1655.558838 1003.418579 -1259.255615
v -1663.588379 998.606384 -1261.235840
v -1646.769287 993.621521 -1258.040771
v -1664.598633 1018.530212 -1250.794189
v -1663.588379 998.606384 -1261.235840
v -1655.558838 1003.418579 -1259.255615
v -1644.787354 986.345886 -1250.537354
v -1646.769287 993.621521 -1258.040771
v -1652.349243 984.864624 -1257.079834
v -1652.349243 984.864624 -1257.079834
v -1657.557007 978.646423 -1248.664551
v -1644.787354 986.345886 -1250.537354
v -1669.883911 998.389282 -1207.790527
v -1678.570557 993.052795 -1213.071533
v -1673.050781 1004.582275 -1216.312744
v -1660.094971 982.019775 -1212.313965
v -1672.328125 988.018921 -1211.206299
v -1669.883911 998.389282 -1207.790527
v -1641.258545 999.782593 -1249.508057
v -1651.128906 1017.366089 -1251.538330
v -1646.769287 993.621521 -1258.040771
v -1646.769287 993.621521 -1258.040771
v -1644.787354 986.345886 -1250.537354
v -1640.227661 995.647278 -1243.983154
v -1678.610107 972.056274 -1246.943848
v -1689.926025 982.503601 -1248.353516
v -1674.828247 971.812317 -1237.622070
v -1666.337769 979.146790 -1244.135010
v -1678.610107 972.056274 -1246.943848
v -1674.828247 971.812317 -1237.622070
v -1693.392334 998.275574 -1250.217285
v -1680.827393 993.451721 -1268.504883
v -1683.249756 1000.786621 -1259.663818
v -1689.495972 1002.076172 -1236.743408
v -1693.392334 998.275574 -1250.217285
v -1683.249756 1000.786621 -1259.663818
v -1645.849365 991.639221 -1218.490479
v -1647.588989 1000.286316 -1215.339355
v -1642.305420 1001.530579 -1225.331055
v -1645.849365 991.639221 -1218.490479
v -1650.806396 976.128418 -1220.995117
v -1654.494873 995.836487 -1212.624512
v -1656.120483 973.866272 -1239.082764
v -1644.787354 986.345886 -1250.537354
v -1657.557007 978.646423 -1248.664551
v -1657.557007 978.646423 -1248.664551
v -1666.337769 979.146790 -1244.135010
v -1656.120483 973.866272 -1239.082764
v -1649.499268 1018.422974 -1231.955322
v -1648.521729 1019.476318 -1240.515625
v -1641.258545 999.782593 -1249.508057
v -1649.499268 1018.422974 -1231.955322
v -1657.052979 1020.863220 -1235.430664
v -1648.521729 1019.476318 -1240.515625
v -1673.972656 1018.257629 -1245.076904
v -1687.470215 1005.851624 -1231.042969
v -1689.495972 1002.076172 -1236.743408
v -1687.470215 1005.851624 -1231.042969
v -1689.730225 990.359680 -1230.412842
v -1689.495972 1002.076172 -1236.743408
v -1681.775146 998.959229 -1220.919189
v -1673.050781 1004.582275 -1216.312744
v -1678.570557 993.052795 -1213.071533
v -1681.775146 998.959229 -1220.919189
v -1687.470215 1005.851624 -1231.042969
v -1673.050781 1004.582275 -1216.312744
v -1689.926025 982.503601 -1248.353516
v -1677.242432 984.789612 -1264.091309
v -1680.827393 993.451721 -1268.504883
v -1668.097290 984.560974 -1266.377197
v -1680.827393 993.451721 -1268.504883
v -1677.242432 984.789612 -1264.091309
v -1692.197754 982.871704 -1243.603760
v -1674.828247 971.812317 -1237.622070
v -1689.926025 982.503601 -1248.353516
v -1692.197754 982.871704 -1243.603760
v -1689.926025 982.503601 -1248.353516
v -1693.392334 998.275574 -1250.217285
v -1673.529541 1008.468323 -1256.068604
v -1670.455200 994.773621 -1268.150146
v -1663.588379 998.606384 -1261.235840
v -1663.588379 998.606384 -1261.235840
v -1670.455200 994.773621 -1268.150146
v -1661.879028 980.992981 -1257.456299
v -1665.722168 1020.584595 -1238.732910
v -1657.052979 1020.863220 -1235.430664
v -1666.859131 1011.623474 -1239.015381
v -1657.052979 1020.863220 -1235.430664
v -1665.722168 1020.584595 -1238.732910
v -1648.521729 1019.476318 -1240.515625
v -1652.349243 984.864624 -1257.079834
v -1661.879028 980.992981 -1257.456299
v -1657.557007 978.646423 -1248.664551
v -1652.349243 984.864624 -1257.079834
v -1663.588379 998.606384 -1261.235840
v -1661.879028 980.992981 -1257.456299
v -1648.521729 1019.476318 -1240.515625
v -1664.598633 1018.530212 -1250.794189
v -1651.128906 1017.366089 -1251.538330
v -1651.128906 1017.366089 -1251.538330
v -1664.598633 1018.530212 -1250.794189
v -1655.558838 1003.418579 -1259.255615
v -1678.570557 993.052795 -1213.071533
v -1669.883911 998.389282 -1207.790527
v -1672.328125 988.018921 -1211.206299
v -1672.328125 988.018921 -1211.206299
v -1687.754150 984.399719 -1227.603516
v -1678.570557 993.052795 -1213.071533
v -1640.227661 995.647278 -1243.983154
v -1641.258545 999.782593 -1249.508057
v -1646.769287 993.621521 -1258.040771
v -1642.696045 1002.083496 -1233.947266
v -1641.258545 999.782593 -1249.508057
v -1640.227661 995.647278 -1243.983154
v -1643.256348 988.647217 -1235.290771
v -1642.305420 1001.530579 -1225.331055
v -1642.696045 1002.083496 -1233.947266
v -1642.696045 1002.083496 -1233.947266
v -1642.305420 1001.530579 -1225.331055
v -1649.499268 1018.422974 -1231.955322
v -1659.069580 1009.057129 -1213.760498
v -1656.325684 1009.399292 -1220.261475
v -1647.588989 1000.286316 -1215.339355
v -1656.325684 1009.399292 -1220.261475
v -1659.069580 1009.057129 -1213.760498
v -1673.050781 1004.582275 -1216.312744
v -1654.494873 995.836487 -1212.624512
v -1647.588989 1000.286316 -1215.339355
v -1645.849365 991.639221 -1218.490479
v -1654.494873 995.836487 -1212.624512
v -1659.069580 1009.057129 -1213.760498
v -1647.588989 1000.286316 -1215.339355
v -1663.828369 969.823914 -1232.867920
v -1666.337769 979.146790 -1244.135010
v -1674.828247 971.812317 -1237.622070
v -1673.782471 977.452271 -1222.187256
v -1663.828369 969.823914 -1232.867920
v -1674.828247 971.812317 -1237.622070
v -1678.570557 993.052795 -1213.071533
v -1687.754150 984.399719 -1227.603516
v -1689.730225 990.359680 -1230.412842
v -1687.754150 984.399719 -1227.603516
v -1692.197754 982.871704 -1243.603760
v -1689.730225 990.359680 -1230.412842
v -1657.557007 978.646423 -1248.664551
v -1661.879028 980.992981 -1257.456299
v -1678.610107 972.056274 -1246.943848
v 328.084015 1514.388184 -429.856415
v 317.742615 1502.733276 -426.060303
v 318.668915 1518.087646 -435.836304
v 303.739410 1486.313965 -444.573486
v 305.137695 1496.442017 -456.884796
v 296.593506 1496.725342 -454.027191
v 291.541687 1519.460449 -438.597290
v 290.319092 1523.646362 -450.793701
v 299.803711 1526.800903 -436.626190
v 318.486786 1528.218018 -447.778412
v 327.294708 1524.640503 -440.164795
v 319.914490 1527.659424 -435.461914
v 316.882202 1526.097046 -463.159393
v 312.343109 1519.791626 -467.621613
v 311.288391 1510.750977 -464.426605
v 317.742615 1502.733276 -426.060303
v 330.102997 1507.369873 -429.776093
v 323.351013 1493.363525 -435.150085
v 323.351013 1493.363525 -435.150085
v 316.497711 1491.683350 -428.665009
v 317.742615 1502.733276 -426.060303
v 291.461487 1501.124878 -441.899506
v 303.739410 1486.313965 -444.573486
v 296.593506 1496.725342 -454.027191
v 310.275299 1531.928833 -462.835205
v 299.772308 1533.454590 -446.909698
v 292.934601 1524.200928 -454.349213
v 311.288391 1510.750977 -464.426605
v 312.343109 1519.791626 -467.621613
v 293.589996 1512.594360 -460.245392
v 303.739410 1486.313965 -444.573486
v 319.168396 1493.058594 -448.243805
v 305.137695 1496.442017 -456.884796
v 320.712189 1520.528442 -457.483398
v 318.734802 1506.444336 -463.304504
v 326.866913 1507.056152 -460.026489
v 334.741608 1516.427856 -442.873688
v 330.622406 1502.535645 -451.919006
v 333.906799 1510.929199 -434.912903
v 319.914490 1527.659424 -435.461914
v 327.294708 1524.640503 -440.164795
v 323.937408 1520.901978 -431.109711
v 291.541687 1519.460449 -438.597290
v 301.172302 1524.635498 -431.189087
v 297.694000 1514.043213 -428.885010
v 309.302887 1492.842896 -428.393188
v 300.186798 1500.988037 -422.067993
v 313.931213 1501.413086 -421.679901
v 304.264893 1509.087891 -423.998688
v 301.172302 1524.635498 -431.189087
v 318.668915 1518.087646 -435.836304
v 318.486786 1528.218018 -447.778412
v 319.914490 1527.659424 -435.461914
v 309.941315 1532.499146 -452.962189
v 303.739410 1486.313965 -444.573486
v 313.963501 1488.519775 -435.439392
v 319.168396 1493.058594 -448.243805
v 309.302887 1492.842896 -428.393188
v 298.710693 1490.482910 -434.733887
v 300.186798 1500.988037 -422.067993
v 291.461487 1501.124878 -441.899506
v 294.402191 1499.749146 -429.412201
v 298.710693 1490.482910 -434.733887
v 293.999512 1506.330200 -427.247894
v 291.541687 1519.460449 -438.597290
v 297.694000 1514.043213 -428.885010
v 327.277588 1516.802490 -454.646088
v 326.866913 1507.056152 -460.026489
v 334.741608 1516.427856 -442.873688
v 318.486786 1528.218018 -447.778412
v 320.712189 1520.528442 -457.483398
v 327.294708 1524.640503 -440.164795
v 312.343109 1519.791626 -467.621613
v 292.934601 1524.200928 -454.349213
v 293.589996 1512.594360 -460.245392
v 292.736694 1506.180786 -454.761993
v 290.319092 1523.646362 -450.793701
v 288.685211 1514.649902 -440.119202
v 327.321808 1497.848022 -450.607605
v 321.852692 1499.671143 -459.181610
v 319.168396 1493.058594 -448.243805
v 330.622406 1502.535645 -451.919006
v 326.115295 1497.564209 -440.420807
v 330.102997 1507.369873 -429.776093
v 319.914490 1527.659424 -435.461914
v 299.803711 1526.800903 -436.626190
v 309.941315 1532.499146 -452.962189
v 299.772308 1533.454590 -446.909698
v 299.803711 1526.800903 -436.626190
v 290.319092 1523.646362 -450.793701
v 319.168396 1493.058594 -448.243805
v 321.852692 1499.671143 -459.181610
v 305.137695 1496.442017 -456.884796
v 306.434509 1524.366943 -464.917297
v 292.934601 1524.200928 -454.349213
v 312.343109 1519.791626 -467.621613
v 316.882202 1526.097046 -463.159393
v 310.275299 1531.928833 -462.835205
v 312.343109 1519.791626 -467.621613
v 300.186798 1500.988037 -422.067993
v 304.264893 1509.087891 -423.998688
v 313.931213 1501.413086 -421.679901
v 318.668915 1518.087646 -435.836304
v 317.742615 1502.733276 -426.060303
v 304.264893 1509.087891 -423.998688
v 330.102997 1507.369873 -429.776093
v 317.742615 1502.733276 -426.060303
v 328.084015 1514.388184 -429.856415
v 323.937408 1520.901978 -431.109711
v 327.294708 1524.640503 -440.164795
v 333.906799 1510.929199 -434.912903
v 291.461487 1501.124878 -441.899506
v 288.685211 1514.649902 -440.119202
v 294.402191 1499.749146 -429.412201
v 288.685211 1514.649902 -440.119202
v 291.461487 1501.124878 -441.899506
v 292.736694 1506.180786 -454.761993
v 310.275299 1531.928833 -462.835205
v 316.882202 1526.097046 -463.159393
v 318.486786 1528.218018 -447.778412
v 309.941315 1532.499146 -452.962189
v 310.275299 1531.928833 -462.835205
v 318.486786 1528.218018 -447.778412
v 298.710693 1490.482910 -434.733887
v 303.739410 1486.313965 -444.573486
v 291.461487 1501.124878 -441.899506
v 303.739410 1486.313965 -444.573486
v 298.710693 1490.482910 -434.733887
v 309.302887 1492.842896 -428.393188
v 305.137695 1496.442017 -456.884796
v 303.554504 1506.887573 -456.188812
v 296.593506 1496.725342 -454.027191
v 293.589996 1512.594360 -460.245392
v 303.554504 1506.887573 -456.188812
v 309.812500 1503.395508 -460.450897
v 318.668915 1518.087646 -435.836304
v 319.914490 1527.659424 -435.461914
v 323.937408 1520.901978 -431.109711
v 319.914490 1527.659424 -435.461914
v 318.668915 1518.087646 -435.836304
v 301.172302 1524.635498 -431.189087
v 327.321808 1497.848022 -450.607605
v 319.168396 1493.058594 -448.243805
v 326.115295 1497.564209 -440.420807
v 319.168396 1493.058594 -448.243805
v 313.963501 1488.519775 -435.439392
v 323.351013 1493.363525 -435.150085
v 327.277588 1516.802490 -454.646088
v 320.712189 1520.528442 -457.483398
v 326.866913 1507.056152 -460.026489
v 327.294708 1524.640503 -440.164795
v 320.712189 1520.528442 -457.483398
v 327.277588 1516.802490 -454.646088
v 321.852692 1499.671143 -459.181610
v 326.866913 1507.056152 -460.026489
v 318.734802 1506.444336 -463.304504
v 318.734802 1506.444336 -463.304504
v 309.812500 1503.395508 -460.450897
v 321.852692 1499.671143 -459.181610
v 300.186798 1500.988037 -422.067993
v 293.999512 1506.330200 -427.247894
v 304.264893 1509.087891 -423.998688
v 298.710693 1490.482910 -434.733887
v 294.402191 1499.749146 -429.412201
v 300.186798 1500.988037 -422.067993
v 330.622406 1502.535645 -451.919006
v 334.741608 1516.427856 -442.873688
v 326.866913 1507.056152 -460.026489
v 326.866913 1507.056152 -460.026489
v 321.852692 1499.671143 -459.181610
v 327.321808 1497.848022 -450.607605
v 293.589996 1512.594360 -460.245392
v 292.934601 1524.200928 -454.349213
v 292.736694 1506.180786 -454.761993
v 303.554504 1506.887573 -456.188812
v 293.589996 1512.594360 -460.245392
v 292.736694 1506.180786 -454.761993
v 299.772308 1533.454590 -446.909698
v 310.275299 1531.928833 -462.835205
v 309.941315 1532.499146 -452.962189
v 299.803711 1526.800903 -436.626190
v 299.772308 1533.454590 -446.909698
v 309.941315 1532.499146 -452.962189
v 313.963501 1488.519775 -435.439392
v 316.497711 1491.683350 -428.665009
v 323.351013 1493.363525 -435.150085
v 313.963501 1488.519775 -435.439392
v 303.739410 1486.313965 -444.573486
v 309.302887 1492.842896 -428.393188
v 305.137695 1496.442017 -456.884796
v 321.852692 1499.671143 -459.181610
v 309.812500 1503.395508 -460.450897
v 309.812500 1503.395508 -460.450897
v 303.554504 1506.887573 -456.188812
v 305.137695 1496.442017 -456.884796
v 330.102997 1507.369873 -429.776093
v 333.906799 1510.929199 -434.912903
v 330.622406 1502.535645 -451.919006
v 330.102997 1507.369873 -429.776093
v 328.084015 1514.388184 -429.856415
v 333.906799 1510.929199 -434.912903
v 319.914490 1527.659424 -435.461914
v 301.172302 1524.635498 -431.189087
v 299.803711 1526.800903 -436.626190
v 301.172302 1524.635498 -431.189087
v 291.541687 1519.460449 -438.597290
v 299.803711 1526.800903 -436.626190
v 297.694000 1514.043213 -428.885010
v 304.264893 1509.087891 -423.998688
v 293.999512 1506.330200 -427.247894
v 297.694000 1514.043213 -428.885010
v 301.172302 1524.635498 -431.189087
v 304.264893 1509.087891 -423.998688
v 292.934601 1524.200928 -454.349213
v 306.434509 1524.366943 -464.917297
v 310.275299 1531.928833 -462.835205
v 312.343109 1519.791626 -467.621613
v 310.275299 1531.928833 -462.835205
v 306.434509 1524.366943 -464.917297
v 290.319092 1523.646362 -450.793701
v 292.736694 1506.180786 -454.761993
v 292.934601 1524.200928 -454.349213
v 290.319092 1523.646362 -450.793701
v 292.934601 1524.200928 -454.349213
v 299.772308 1533.454590 -446.909698
v 318.486786 1528.218018 -447.778412
v 316.882202 1526.097046 -463.159393
v 320.712189 1520.528442 -457.483398
v 320.712189 1520.528442 -457.483398
v 316.882202 1526.097046 -463.159393
v 311.288391 1510.750977 -464.426605
v 323.937408 1520.901978 -431.109711
v 328.084015 1514.388184 -429.856415
v 318.668915 1518.087646 -435.836304
v 328.084015 1514.388184 -429.856415
v 323.937408 1520.901978 -431.109711
v 333.906799 1510.929199 -434.912903
v 318.734802 1506.444336 -463.304504
v 311.288391 1510.750977 -464.426605
v 309.812500 1503.395508 -460.450897
v 318.734802 1506.444336 -463.304504
v 320.712189 1520.528442 -457.483398
v 311.288391 1510.750977 -464.426605
v 333.906799 1510.929199 -434.912903
v 327.294708 1524.640503 -440.164795
v 334.741608 1516.427856 -442.873688
v 334.741608 1516.427856 -442.873688
v 327.294708 1524.640503 -440.164795
v 327.277588 1516.802490 -454.646088
v 293.999512 1506.330200 -427.247894
v 300.186798 1500.988037 -422.067993
v 294.402191 1499.749146 -429.412201
v 294.402191 1499.749146 -429.412201
v 288.685211 1514.649902 -440.119202
v 293.999512 1506.330200 -427.247894
v 327.321808 1497.848022 -450.607605
v 330.622406 1502.535645 -451.919006
v 326.866913 1507.056152 -460.026489
v 326.115295 1497.564209 -440.420807
v 330.622406 1502.535645 -451.919006
v 327.321808 1497.848022 -450.607605
v 319.168396 1493.058594 -448.243805
v 323.351013 1493.363525 -435.150085
v 326.115295 1497.564209 -440.420807
v 326.115295 1497.564209 -440.420807
v 323.351013 1493.363525 -435.150085
v 330.102997 1507.369873 -429.776093
v 313.931213 1501.413086 -421.679901
v 317.742615 1502.733276 -426.060303
v 316.497711 1491.683350 -428.665009
v 317.742615 1502.733276 -426.060303
v 313.931213 1501.413086 -421.679901
v 304.264893 1509.087891 -423.998688
v 309.302887 1492.842896 -428.393188
v 316.497711 1491.683350 -428.665009
v 313.963501 1488.519775 -435.439392
v 309.302887 1492.842896 -428.393188
v 313.931213 1501.413086 -421.679901
v 316.497711 1491.683350 -428.665009
v 296.593506 1496.725342 -454.027191
v 303.554504 1506.887573 -456.188812
v 292.736694 1506.180786 -454.761993
v 291.461487 1501.124878 -441.899506
v 296.593506 1496.725342 -454.027191
v 292.736694 1506.180786 -454.761993
v 293.999512 1506.330200 -427.247894
v 288.685211 1514.649902 -440.119202
v 291.541687 1519.460449 -438.597290
v 288.685211 1514.649902 -440.119202
v 290.319092 1523.646362 -450.793701
v 291.541687 1519.460449 -438.597290
v 309.812500 1503.395508 -460.450897
v 311.288391 1510.750977 -464.426605
v 293.589996 1512.594360 -460.245392
v -368.193390 1801.389648 -702.004578
v -378.534790 1789.734741 -698.208496
v -377.608398 1805.089111 -707.984619
v -392.537994 1773.315308 -716.721924
v -391.139587 1783.443359 -729.033081
v -399.683807 1783.726807 -726.175171
v -404.735596 1806.462036 -710.745483
v -405.958313 1810.647705 -722.941772
v -396.473511 1813.802246 -708.774475
v -377.790588 1815.219482 -719.926697
v -368.982605 1811.641846 -712.312988
v -376.362915 1814.660889 -707.610229
v -379.395111 1813.098389 -735.307678
v -383.934204 1806.792969 -739.769775
v -384.989014 1797.752441 -736.574890
v -378.534790 1789.734741 -698.208496
v -366.174408 1794.371338 -701.924377
v -372.926392 1780.364990 -707.298218
v -372.926392 1780.364990 -707.298218
v -379.779510 1778.684692 -700.813171
v -378.534790 1789.734741 -698.208496
v -404.815887 1788.126221 -714.047485
v -392.537994 1773.315308 -716.721924
v -399.683807 1783.726807 -726.175171
v -386.002014 1818.930420 -734.983521
v -396.505096 1820.456177 -719.057983
v -403.342590 1811.202393 -726.497620
v -384.989014 1797.752441 -736.574890
v -383.934204 1806.792969 -739.769775
v -402.687408 1799.595703 -732.393616
v -392.537994 1773.315308 -716.721924
v -377.109009 1780.060059 -720.391907
v -391.139587 1783.443359 -729.033081
v -375.565094 1807.529907 -729.631592
v -377.542511 1793.445801 -735.452698
v -369.410400 1794.057617 -732.174622
v -361.535706 1803.429199 -715.021973
v -365.654907 1789.536987 -724.067322
v -362.370605 1797.930542 -707.061218
v -376.362915 1814.660889 -707.610229
v -368.982605 1811.641846 -712.312988
v -372.339905 1807.903320 -703.257812
v -404.735596 1806.462036 -710.745483
v -395.105103 1811.636963 -703.337524
v -398.583313 1801.044678 -701.033203
v -386.974487 1779.844238 -700.541626
v -396.090515 1787.989380 -694.216187
v -382.346100 1788.414551 -693.828125
v -392.012512 1796.089111 -696.146973
v -395.105103 1811.636963 -703.337524
v -377.608398 1805.089111 -707.984619
v -377.790588 1815.219482 -719.926697
v -376.362915 1814.660889 -707.610229
v -386.335907 1819.500488 -725.110413
v -392.537994 1773.315308 -716.721924
v -382.313995 1775.521240 -707.587585
v -377.109009 1780.060059 -720.391907
v -386.974487 1779.844238 -700.541626
v -397.566711 1777.484375 -706.882202
v -396.090515 1787.989380 -694.216187
v -404.815887 1788.126221 -714.047485
v -401.875214 1786.750732 -701.560425
v -397.566711 1777.484375 -706.882202
v -402.277710 1793.331543 -699.396301
v -404.735596 1806.462036 -710.745483
v -398.583313 1801.044678 -701.033203
v -368.999786 1803.803955 -726.794189
v -369.410400 1794.057617 -732.174622
v -361.535706 1803.429199 -715.021973
v -377.790588 1815.219482 -719.926697
v -375.565094 1807.529907 -729.631592
v -368.982605 1811.641846 -712.312988
v -383.934204 1806.792969 -739.769775
v -403.342590 1811.202393 -726.497620
v -402.687408 1799.595703 -732.393616
v -403.540710 1793.182129 -726.910217
v -405.958313 1810.647705 -722.941772
v -407.592194 1801.651367 -712.267517
v -368.955688 1784.849365 -722.755920
v -374.424591 1786.672485 -731.329712
v -377.109009 1780.060059 -720.391907
v -365.654907 1789.536987 -724.067322
v -370.161987 1784.565674 -712.568909
v -366.174408 1794.371338 -701.924377
v -376.362915 1814.660889 -707.610229
v -396.473511 1813.802246 -708.774475
v -386.335907 1819.500488 -725.110413
v -396.505096 1820.456177 -719.057983
v -396.473511 1813.802246 -708.774475
v -405.958313 1810.647705 -722.941772
v -377.109009 1780.060059 -720.391907
v -374.424591 1786.672485 -731.329712
v -391.139587 1783.443359 -729.033081
v -389.842804 1811.368286 -737.065491
v -403.342590 1811.202393 -726.497620
v -383.934204 1806.792969 -739.769775
v -379.395111 1813.098389 -735.307678
v -386.002014 1818.930420 -734.983521
v -383.934204 1806.792969 -739.769775
v -396.090515 1787.989380 -694.216187
v -392.012512 1796.089111 -696.146973
v -382.346100 1788.414551 -693.828125
v -377.608398 1805.089111 -707.984619
v -378.534790 1789.734741 -698.208496
v -392.012512 1796.089111 -696.146973
v -366.174408 1794.371338 -701.924377
v -378.534790 1789.734741 -698.208496
v -368.193390 1801.389648 -702.004578
v -372.339905 1807.903320 -703.257812
v -368.982605 1811.641846 -712.312988
v -362.370605 1797.930542 -707.061218
v -404.815887 1788.126221 -714.047485
v -407.592194 1801.651367 -712.267517
v -401.875214 1786.750732 -701.560425
v -407.592194 1801.651367 -712.267517
v -404.815887 1788.126221 -714.047485
v -403.540710 1793.182129 -726.910217
v -386.002014 1818.930420 -734.983521
v -379.395111 1813.098389 -735.307678
v -377.790588 1815.219482 -719.926697
v -386.335907 1819.500488 -725.110413
v -386.002014 1818.930420 -734.983521
v -377.790588 1815.219482 -719.926697
v -397.566711 1777.484375 -706.882202
v -392.537994 1773.315308 -716.721924
v -404.815887 1788.126221 -714.047485
v -392.537994 1773.315308 -716.721924
v -397.566711 1777.484375 -706.882202
v -386.974487 1779.844238 -700.541626
v -391.139587 1783.443359 -729.033081
v -392.722900 1793.888916 -728.336975
v -399.683807 1783.726807 -726.175171
v -402.687408 1799.595703 -732.393616
v -392.722900 1793.888916 -728.336975
v -386.464813 1790.396973 -732.599121
v -377.608398 1805.089111 -707.984619
v -376.362915 1814.660889 -707.610229
v -372.339905 1807.903320 -703.257812
v -376.362915 1814.660889 -707.610229
v -377.608398 1805.089111 -707.984619
v -395.105103 1811.636963 -703.337524
v -368.955688 1784.849365 -722.755920
v -377.109009 1780.060059 -720.391907
v -370.161987 1784.565674 -712.568909
v -377.109009 1780.060059 -720.391907
v -382.313995 1775.521240 -707.587585
v -372.926392 1780.364990 -707.298218
v -368.999786 1803.803955 -726.794189
v -375.565094 1807.529907 -729.631592
v -369.410400 1794.057617 -732.174622
v -368.982605 1811.641846 -712.312988
v -375.565094 1807.529907 -729.631592
v -368.999786 1803.803955 -726.794189
v -374.424591 1786.672485 -731.329712
v -369.410400 1794.057617 -732.174622
v -377.542511 1793.445801 -735.452698
v -377.542511 1793.445801 -735.452698
v -386.464813 1790.396973 -732.599121
v -374.424591 1786.672485 -731.329712
v -396.090515 1787.989380 -694.216187
v -402.277710 1793.331543 -699.396301
v -392.012512 1796.089111 -696.146973
v -397.566711 1777.484375 -706.882202
v -401.875214 1786.750732 -701.560425
v -396.090515 1787.989380 -694.216187
v -365.654907 1789.536987 -724.067322
v -361.535706 1803.429199 -715.021973
v -369.410400 1794.057617 -732.174622
v -369.410400 1794.057617 -732.174622
v -374.424591 1786.672485 -731.329712
v -368.955688 1784.849365 -722.755920
v -402.687408 1799.595703 -732.393616
v -403.342590 1811.202393 -726.497620
v -403.540710 1793.182129 -726.910217
v -392.722900 1793.888916 -728.336975
v -402.687408 1799.595703 -732.393616
v -403.540710 1793.182129 -726.910217
v -396.505096 1820.456177 -719.057983
v -386.002014 1818.930420 -734.983521
v -386.335907 1819.500488 -725.110413
v -396.473511 1813.802246 -708.774475
v -396.505096 1820.456177 -719.057983
v -386.335907 1819.500488 -725.110413
v -382.313995 1775.521240 -707.587585
v -379.779510 1778.684692 -700.813171
v -372.926392 1780.364990 -707.298218
v -382.313995 1775.521240 -707.587585
v -392.537994 1773.315308 -716.721924
v -386.974487 1779.844238 -700.541626
v -391.139587 1783.443359 -729.033081
v -374.424591 1786.672485 -731.329712
v -386.464813 1790.396973 -732.599121
v -386.464813 1790.396973 -732.599121
v -392.722900 1793.888916 -728.336975
v -391.139587 1783.443359 -729.033081
v -366.174408 1794.371338 -701.924377
v -362.370605 1797.930542 -707.061218
v -365.654907 1789.536987 -724.067322
v -366.174408 1794.371338 -701.924377
v -368.193390 1801.389648 -702.004578
v -362.370605 1797.930542 -707.061218
v -376.362915 1814.660889 -707.610229
v -395.105103 1811.636963 -703.337524
v -396.473511 1813.802246 -708.774475
v -395.105103 1811.636963 -703.337524
v -404.735596 1806.462036 -710.745483
v -396.473511 1813.802246 -708.774475
v -398.583313 1801.044678 -701.033203
v -392.012512 1796.089111 -696.146973
v -402.277710 1793.331543 -699.396301
v -398.583313 1801.044678 -701.033203
v -395.105103 1811.636963 -703.337524
v -392.012512 1796.089111 -696.146973
v -403.342590 1811.202393 -726.497620
v -389.842804 1811.368286 -737.065491
v -386.002014 1818.930420 -734.983521
v -383.934204 1806.792969 -739.769775
v -386.002014 1818.930420 -734.983521
v -389.842804 1811.368286 -737.065491
v -405.958313 1810.647705 -722.941772
v -403.540710 1793.182129 -726.910217
v -403.342590 1811.202393 -726.497620
v -405.958313 1810.647705 -722.941772
v -403.342590 1811.202393 -726.497620
v -396.505096 1820.456177 -719.057983
v -377.790588 1815.219482 -719.926697
v -379.395111 1813.098389 -735.307678
v -375.565094 1807.529907 -729.631592
v -375.565094 1807.529907 -729.631592
v -379.395111 1813.098389 -735.307678
v -384.989014 1797.752441 -736.574890
v -372.339905 1807.903320 -703.257812
v -368.193390 1801.389648 -702.004578
v -377.608398 1805.089111 -707.984619
v -368.193390 1801.389648 -702.004578
v -372.339905 1807.903320 -703.257812
v -362.370605 1797.930542 -707.061218
v -377.542511 1793.445801 -735.452698
v -384.989014 1797.752441 -736.574890
v -386.464813 1790.396973 -732.599121
v -377.542511 1793.445801 -735.452698
v -375.565094 1807.529907 -729.631592
v -384.989014 1797.752441 -736.574890
v -362.370605 1797.930542 -707.061218
v -368.982605 1811.641846 -712.312988
v -361.535706 1803.429199 -715.021973
v -361.535706 1803.429199 -715.021973
v -368.982605 1811.641846 -712.312988
v -368.999786 1803.803955 -726.794189
v -402.277710 1793.331543 -699.396301
v -396.090515 1787.989380 -694.216187
v -401.875214 1786.750732 -701.560425
v -401.875214 1786.750732 -701.560425
v -407.592194 1801.651367 -712.267517
v -402.277710 1793.331543 -699.396301
v -368.955688 1784.849365 -722.755920
v -365.654907 1789.536987 -724.067322
v -369.410400 1794.057617 -732.174622
v -370.161987 1784.565674 -712.568909
v -365.654907 1789.536987 -724.067322
v -368.955688 1784.849365 -722.755920
v -377.109009 1780.060059 -720.391907
v -372.926392 1780.364990 -707.298218
v -370.161987 1784.565674 -712.568909
v -370.161987 1784.565674 -712.568909
v -372.926392 1780.364990 -707.298218
v -366.174408 1794.371338 -701.924377
v -382.346100 1788.414551 -693.828125
v -378.534790 1789.734741 -698.208496
v -379.779510 1778.684692 -700.813171
v -378.534790 1789.734741 -698.208496
v -382.346100 1788.414551 -693.828125
v -392.012512 1796.089111 -696.146973
v -386.974487 1779.844238 -700.541626
v -379.779510 1778.684692 -700.813171
v -382.313995 1775.521240 -707.587585
v -386.974487 1779.844238 -700.541626
v -382.346100 1788.414551 -693.828125
v -379.779510 1778.684692 -700.813171
v -399.683807 1783.726807 -726.175171
v -392.722900 1793.888916 -728.336975
v -403.540710 1793.182129 -726.910217
v -404.815887 1788.126221 -714.047485
v -399.683807 1783.726807 -726.175171
v -403.540710 1793.182129 -726.910217
v -402.277710 1793.331543 -699.396301
v -407.592194 1801.651367 -712.267517
v -404.735596 1806.462036 -710.745483
v -407.592194 1801.651367 -712.267517
v -405.958313 1810.647705 -722.941772
v -404.735596 1806.462036 -710.745483
v -386.464813 1790.396973 -732.599121
v -384.989014 1797.752441 -736.574890
v -402.687408 1799.595703 -732.393616
v -163.789001 2080.981201 -358.760803
v -172.997894 2070.602295 -355.380310
v -172.173004 2084.275146 -364.085602
v -185.467300 2055.980957 -371.865814
v -184.222397 2065.000244 -382.829193
v -191.830795 2065.252197 -380.284393
v -196.329300 2085.497559 -366.544403
v -197.418198 2089.225098 -377.404999
v -188.972107 2092.034424 -364.788910
v -172.335297 2093.295898 -374.720093
v -164.491898 2090.110352 -367.939911
v -171.063797 2092.798828 -363.752289
v -173.764206 2091.407471 -388.416412
v -177.806107 2085.792480 -392.389893
v -178.745407 2077.741699 -389.545013
v -172.997894 2070.602295 -355.380310
v -161.991196 2074.731201 -358.689087
v -168.003693 2062.258789 -363.474701
v -168.003693 2062.258789 -363.474701
v -174.106506 2060.762695 -357.699707
v -172.997894 2070.602295 -355.380310
v -196.400894 2069.170166 -369.484802
v -185.467300 2055.980957 -371.865814
v -191.830795 2065.252197 -380.284393
v -179.647400 2096.600586 -388.127686
v -189.000198 2097.958984 -373.946198
v -195.088898 2089.718994 -380.571106
v -178.745407 2077.741699 -389.545013
v -177.806107 2085.792480 -392.389893
v -194.505402 2079.383301 -385.821503
v -185.467300 2055.980957 -371.865814
v -171.728104 2061.987061 -375.134399
v -184.222397 2065.000244 -382.829193
v -170.353699 2086.448730 -383.362000
v -172.114197 2073.906982 -388.545593
v -164.872803 2074.451660 -385.626587
v -157.860504 2082.797119 -370.352386
v -161.528595 2070.426270 -378.407013
v -158.604095 2077.900635 -363.263306
v -171.063797 2092.798828 -363.752289
v -164.491898 2090.110352 -367.939911
v -167.481506 2086.781494 -359.876801
v -196.329300 2085.497559 -366.544403
v -187.753403 2090.105957 -359.947601
v -190.850998 2080.673584 -357.895599
v -180.513397 2061.795166 -357.457703
v -188.631104 2069.048340 -351.825195
v -176.391800 2069.426758 -351.479614
v -184.999695 2076.260986 -353.544312
v -187.753403 2090.105957 -359.947601
v -172.173004 2084.275146 -364.085602
v -172.335297 2093.295898 -374.720093
v -171.063797 2092.798828 -363.752289
v -179.944901 2097.108398 -379.335785
v -185.467300 2055.980957 -371.865814
v -176.363205 2057.945068 -363.732300
v -171.728104 2061.987061 -375.134399
v -180.513397 2061.795166 -357.457703
v -189.945404 2059.693604 -363.104095
v -188.631104 2069.048340 -351.825195
v -196.400894 2069.170166 -369.484802
v -193.782104 2067.945068 -358.365112
v -189.945404 2059.693604 -363.104095
v -194.140900 2073.805420 -356.437805
v -196.329300 2085.497559 -366.544403
v -190.850998 2080.673584 -357.895599
v -164.507095 2083.131104 -380.835388
v -164.872803 2074.451660 -385.626587
v -157.860504 2082.797119 -370.352386
v -172.335297 2093.295898 -374.720093
v -170.353699 2086.448730 -383.362000
v -164.491898 2090.110352 -367.939911
v -177.806107 2085.792480 -392.389893
v -195.088898 2089.718994 -380.571106
v -194.505402 2079.383301 -385.821503
v -195.265396 2073.672363 -380.938599
v -197.418198 2089.225098 -377.404999
v -198.872894 2081.214111 -367.899414
v -164.467697 2066.251953 -377.239197
v -169.337799 2067.875244 -384.874298
v -171.728104 2061.987061 -375.134399
v -161.528595 2070.426270 -378.407013
v -165.542206 2065.999268 -368.168213
v -161.991196 2074.731201 -358.689087
v -171.063797 2092.798828 -363.752289
v -188.972107 2092.034424 -364.788910
v -179.944901 2097.108398 -379.335785
v -189.000198 2097.958984 -373.946198
v -188.972107 2092.034424 -364.788910
v -197.418198 2089.225098 -377.404999
v -171.728104 2061.987061 -375.134399
v -169.337799 2067.875244 -384.874298
v -184.222397 2065.000244 -382.829193
v -183.067703 2089.866455 -389.981598
v -195.088898 2089.718994 -380.571106
v -177.806107 2085.792480 -392.389893
v -173.764206 2091.407471 -388.416412
v -179.647400 2096.600586 -388.127686
v -177.806107 2085.792480 -392.389893
v -188.631104 2069.048340 -351.825195
v -184.999695 2076.260986 -353.544312
v -176.391800 2069.426758 -351.479614
v -172.173004 2084.275146 -364.085602
v -172.997894 2070.602295 -355.380310
v -184.999695 2076.260986 -353.544312
v -161.991196 2074.731201 -358.689087
v -172.997894 2070.602295 -355.380310
v -163.789001 2080.981201 -358.760803
v -167.481506 2086.781494 -359.876801
v -164.491898 2090.110352 -367.939911
v -158.604095 2077.900635 -363.263306
v -196.400894 2069.170166 -369.484802
v -198.872894 2081.214111 -367.899414
v -193.782104 2067.945068 -358.365112
v -198.872894 2081.214111 -367.899414
v -196.400894 2069.170166 -369.484802
v -195.265396 2073.672363 -380.938599
v -179.647400 2096.600586 -388.127686
v -173.764206 2091.407471 -388.416412
v -172.335297 2093.295898 -374.720093
v -179.944901 2097.108398 -379.335785
v -179.647400 2096.600586 -388.127686
v -172.335297 2093.295898 -374.720093
v -189.945404 2059.693604 -363.104095
v -185.467300 2055.980957 -371.865814
v -196.400894 2069.170166 -369.484802
v -185.467300 2055.980957 -371.865814
v -189.945404 2059.693604 -363.104095
v -180.513397 2061.795166 -357.457703
v -184.222397 2065.000244 -382.829193
v -185.632202 2074.301758 -382.209198
v -191.830795 2065.252197 -380.284393
v -194.505402 2079.383301 -385.821503
v -185.632202 2074.301758 -382.209198
v -180.059296 2071.192139 -386.004486
v -172.173004 2084.275146 -364.085602
v -171.063797 2092.798828 -363.752289
v -167.481506 2086.781494 -359.876801
v -171.063797 2092.798828 -363.752289
v -172.173004 2084.275146 -364.085602
v -187.753403 2090.105957 -359.947601
v -164.467697 2066.251953 -377.239197
v -171.728104 2061.987061 -375.134399
v -165.542206 2065.999268 -368.168213
v -171.728104 2061.987061 -375.134399
v -176.363205 2057.945068 -363.732300
v -168.003693 2062.258789 -363.474701
v -164.507095 2083.131104 -380.835388
v -170.353699 2086.448730 -383.362000
v -164.872803 2074.451660 -385.626587
v -164.491898 2090.110352 -367.939911
v -170.353699 2086.448730 -383.362000
v -164.507095 2083.131104 -380.835388
v -169.337799 2067.875244 -384.874298
v -164.872803 2074.451660 -385.626587
v -172.114197 2073.906982 -388.545593
v -172.114197 2073.906982 -388.545593
v -180.059296 2071.192139 -386.004486
v -169.337799 2067.875244 -384.874298
v -188.631104 2069.048340 -351.825195
v -194.140900 2073.805420 -356.437805
v -184.999695 2076.260986 -353.544312
v -189.945404 2059.693604 -363.104095
v -193.782104 2067.945068 -358.365112
v -188.631104 2069.048340 -351.825195
v -161.528595 2070.426270 -378.407013
v -157.860504 2082.797119 -370.352386
v -164.872803 2074.451660 -385.626587
v -164.872803 2074.451660 -385.626587
v -169.337799 2067.875244 -384.874298
v -164.467697 2066.251953 -377.239197
v -194.505402 2079.383301 -385.821503
v -195.088898 2089.718994 -380.571106
v -195.265396 2073.672363 -380.938599
v -185.632202 2074.301758 -382.209198
v -194.505402 2079.383301 -385.821503
v -195.265396 2073.672363 -380.938599
v -189.000198 2097.958984 -373.946198
v -179.647400 2096.600586 -388.127686
v -179.944901 2097.108398 -379.335785
v -188.972107 2092.034424 -364.788910
v -189.000198 2097.958984 -373.946198
v -179.944901 2097.108398 -379.335785
v -176.363205 2057.945068 -363.732300
v -174.106506 2060.762695 -357.699707
v -168.003693 2062.258789 -363.474701
v -176.363205 2057.945068 -363.732300
v -185.467300 2055.980957 -371.865814
v -180.513397 2061.795166 -357.457703
v -184.222397 2065.000244 -382.829193
v -169.337799 2067.875244 -384.874298
v -180.059296 2071.192139 -386.004486
v -180.059296 2071.192139 -386.004486
v -185.632202 2074.301758 -382.209198
v -184.222397 2065.000244 -382.829193
v -161.991196 2074.731201 -358.689087
v -158.604095 2077.900635 -363.263306
v -161.528595 2070.426270 -378.407013
v -161.991196 2074.731201 -358.689087
v -163.789001 2080.981201 -358.760803
v -158.604095 2077.900635 -363.263306
v -171.063797 2092.798828 -363.752289
v -187.753403 2090.105957 -359.947601
v -188.972107 2092.034424 -364.788910
v -187.753403 2090.105957 -359.947601
v -196.329300 2085.497559 -366.544403
v -188.972107 2092.034424 -364.788910
v -190.850998 2080.673584 -357.895599
v -184.999695 2076.260986 -353.544312
v -194.140900 2073.805420 -356.437805
v -190.850998 2080.673584 -357.895599
v -187.753403 2090.105957 -359.947601
v -184.999695 2076.260986 -353.544312
v -195.088898 2089.718994 -380.571106
v -183.067703 2089.866455 -389.981598
v -179.647400 2096.600586 -388.127686
v -177.806107 2085.792480 -392.389893
v -179.647400 2096.600586 -388.127686
v -183.067703 2089.866455 -389.981598
v -197.418198 2089.225098 -377.404999
v -195.265396 2073.672363 -380.938599
v -195.088898 2089.718994 -380.571106
v -197.418198 2089.225098 -377.404999
v -195.088898 2089.718994 -380.571106
v -189.000198 2097.958984 -373.946198
v -172.335297 2093.295898 -374.720093
v -173.764206 2091.407471 -388.416412
v -170.353699 2086.448730 -383.362000
v -170.353699 2086.448730 -383.362000
v -173.764206 2091.407471 -388.416412
v -178.745407 2077.741699 -389.545013
v -167.481506 2086.781494 -359.876801
v -163.789001 2080.981201 -358.760803
v -172.173004 2084.275146 -364.085602
v -163.789001 2080.981201 -358.760803
v -167.481506 2086.781494 -359.876801
v -158.604095 2077.900635 -363.263306
v -172.114197 2073.906982 -388.545593
v -178.745407 2077.741699 -389.545013
v -180.059296 2071.192139 -386.004486
v -172.114197 2073.906982 -388.545593
v -170.353699 2086.448730 -383.362000
v -178.745407 2077.741699 -389.545013
v -158.604095 2077.900635 -363.263306
v -164.491898 2090.110352 -367.939911
v -157.860504 2082.797119 -370.352386
v -157.860504 2082.797119 -370.352386
v -164.491898 2090.110352 -367.939911
v -164.507095 2083.131104 -380.835388
v -194.140900 2073.805420 -356.437805
v -188.631104 2069.048340 -351.825195
v -193.782104 2067.945068 -358.365112
v -193.782104 2067.945068 -358.365112
v -198.872894 2081.214111 -367.899414
v -194.140900 2073.805420 -356.437805
v -164.467697 2066.251953 -377.239197
v -161.528595 2070.426270 -378.407013
v -164.872803 2074.451660 -385.626587
v -165.542206 2065.999268 -368.168213
v -161.528595 2070.426270 -378.407013
v -164.467697 2066.251953 -377.239197
v -171.728104 2061.987061 -375.134399
v -168.003693 2062.258789 -363.474701
v -165.542206 2065.999268 -368.168213
v -165.542206 2065.999268 -368.168213
v -168.003693 2062.258789 -363.474701
v -161.991196 2074.731201 -358.689087
v -176.391800 2069.426758 -351.479614
v -172.997894 2070.602295 -355.380310
v -174.106506 2060.762695 -357.699707
v -172.997894 2070.602295 -355.380310
v -176.391800 2069.426758 -351.479614
v -184.999695 2076.260986 -353.544312
v -180.513397 2061.795166 -357.457703
v -174.106506 2060.762695 -357.699707
v -176.363205 2057.945068 -363.732300
v -180.513397 2061.795166 -357.457703
v -176.391800 2069.426758 -351.479614
v -174.106506 2060.762695 -357.699707
v -191.830795 2065.252197 -380.284393
v -185.632202 2074.301758 -382.209198
v -195.265396 2073.672363 -380.938599
v -196.400894 2069.170166 -369.484802
v -191.830795 2065.252197 -380.284393
v -195.265396 2073.672363 -380.938599
v -194.140900 2073.805420 -356.437805
v -198.872894 2081.214111 -367.899414
v -196.329300 2085.497559 -366.544403
v -198.872894 2081.214111 -367.899414
v -197.418198 2089.225098 -377.404999
v -196.329300 2085.497559 -366.544403
v -180.059296 2071.192139 -386.004486
v -178.745407 2077.741699 -389.545013
v -194.505402 2079.383301 -385.821503
vt 0.478300 0.666100
vt 0.660700 0.678700
vt 0.473100 0.577700
vt 0.771500 0.439800
vt 0.811800 0.349800
vt 0.756900 0.354600
vt 0.560300 0.327000
vt 0.610800 0.240200
vt 0.418900 0.289300
vt 0.278500 0.552700
vt 0.371700 0.623200
vt 0.403900 0.556900
vt 0.107000 0.606700
vt 0.021600 0.686000
vt 0.068400 0.815900
vt 0.660700 0.678700
vt 0.506500 0.708400
vt 0.594100 0.852400
vt 0.843500 0.603700
vt 0.752900 0.573200
vt 0.660700 0.678700
vt 0.687500 0.383100
vt 0.771500 0.439800
vt 0.756900 0.354600
vt 0.669200 0.032500
vt 0.501300 0.148600
vt 0.623100 0.216700
vt 0.847700 0.204700
vt 0.800600 0.109000
vt 0.711500 0.258600
vt 0.771500 0.439800
vt 0.892500 0.459200
vt 0.811800 0.349800
vt 0.198700 0.670300
vt 0.177500 0.863400
vt 0.270500 0.823600
vt 0.384500 0.702300
vt 0.363100 0.832300
vt 0.451500 0.711000
vt 0.403900 0.556900
vt 0.371700 0.623200
vt 0.443200 0.614200
vt 0.560300 0.327000
vt 0.474400 0.386000
vt 0.575100 0.427800
vt 0.725400 0.531900
vt 0.655900 0.492800
vt 0.662500 0.597600
vt 0.614800 0.501000
vt 0.474400 0.386000
vt 0.473100 0.577700
vt 0.278500 0.552700
vt 0.403900 0.556900
vt 0.187700 0.439200
vt 0.771500 0.439800
vt 0.785900 0.524000
vt 0.892500 0.459200
vt 0.725400 0.531900
vt 0.721800 0.457000
vt 0.655900 0.492800
vt 0.687500 0.383100
vt 0.666900 0.447700
vt 0.721800 0.457000
vt 0.633500 0.441200
vt 0.560300 0.327000
vt 0.575100 0.427800
vt 0.274400 0.717100
vt 0.270500 0.823600
vt 0.384500 0.702300
vt 0.278500 0.552700
vt 0.198700 0.670300
vt 0.371700 0.623200
vt 0.800600 0.109000
vt 0.623100 0.216700
vt 0.711500 0.258600
vt 0.718000 0.308500
vt 0.610800 0.240200
vt 0.607100 0.338600
vt 0.388400 0.876800
vt 0.277600 0.924800
vt 0.444800 0.976500
vt 0.363100 0.832300
vt 0.497600 0.843100
vt 0.506500 0.708400
vt 0.403900 0.556900
vt 0.418900 0.289300
vt 0.187700 0.439200
vt 0.501300 0.148600
vt 0.418900 0.289300
vt 0.610800 0.240200
vt 0.892500 0.459200
vt 0.950200 0.348600
vt 0.811800 0.349800
vt 0.720300 0.111200
vt 0.623100 0.216700
vt 0.800600 0.109000
vt 0.107000 0.606700
vt 0.061600 0.495800
vt 0.021600 0.686000
vt 0.655900 0.492800
vt 0.614800 0.501000
vt 0.662500 0.597600
vt 0.473100 0.577700
vt 0.660700 0.678700
vt 0.614800 0.501000
vt 0.506500 0.708400
vt 0.660700 0.678700
vt 0.478300 0.666100
vt 0.443200 0.614200
vt 0.371700 0.623200
vt 0.451500 0.711000
vt 0.687500 0.383100
vt 0.607100 0.338600
vt 0.666900 0.447700
vt 0.607100 0.338600
vt 0.687500 0.383100
vt 0.718000 0.308500
vt 0.061600 0.495800
vt 0.107000 0.606700
vt 0.278500 0.552700
vt 0.187700 0.439200
vt 0.061600 0.495800
vt 0.278500 0.552700
vt 0.721800 0.457000
vt 0.771500 0.439800
vt 0.687500 0.383100
vt 0.771500 0.439800
vt 0.721800 0.457000
vt 0.725400 0.531900
vt 0.811800 0.349800
vt 0.783500 0.289000
vt 0.756900 0.354600
vt 0.711500 0.258600
vt 0.783500 0.289000
vt 0.843900 0.287200
vt 0.473100 0.577700
vt 0.403900 0.556900
vt 0.443200 0.614200
vt 0.403900 0.556900
vt 0.473100 0.577700
vt 0.474400 0.386000
vt 0.388400 0.876800
vt 0.444800 0.976500
vt 0.497600 0.843100
vt 0.892500 0.459200
vt 0.785900 0.524000
vt 0.843500 0.603700
vt 0.274400 0.717100
vt 0.198700 0.670300
vt 0.270500 0.823600
vt 0.371700 0.623200
vt 0.198700 0.670300
vt 0.274400 0.717100
vt 0.277600 0.924800
vt 0.270500 0.823600
vt 0.177500 0.863400
vt 0.932300 0.253800
vt 0.843900 0.287200
vt 0.950200 0.348600
vt 0.655900 0.492800
vt 0.633500 0.441200
vt 0.614800 0.501000
vt 0.721800 0.457000
vt 0.666900 0.447700
vt 0.655900 0.492800
vt 0.363100 0.832300
vt 0.384500 0.702300
vt 0.270500 0.823600
vt 0.270500 0.823600
vt 0.277600 0.924800
vt 0.388400 0.876800
vt 0.711500 0.258600
vt 0.623100 0.216700
vt 0.718000 0.308500
vt 0.783500 0.289000
vt 0.711500 0.258600
vt 0.718000 0.308500
vt 0.242600 0.286000
vt 0.061600 0.495800
vt 0.187700 0.439200
vt 0.418900 0.289300
vt 0.242600 0.286000
vt 0.187700 0.439200
vt 0.785900 0.524000
vt 0.752900 0.573200
vt 0.843500 0.603700
vt 0.785900 0.524000
vt 0.771500 0.439800
vt 0.725400 0.531900
vt 0.811800 0.349800
vt 0.950200 0.348600
vt 0.843900 0.287200
vt 0.843900 0.287200
vt 0.783500 0.289000
vt 0.811800 0.349800
vt 0.506500 0.708400
vt 0.451500 0.711000
vt 0.363100 0.832300
vt 0.506500 0.708400
vt 0.478300 0.666100
vt 0.451500 0.711000
vt 0.403900 0.556900
vt 0.474400 0.386000
vt 0.418900 0.289300
vt 0.474400 0.386000
vt 0.560300 0.327000
vt 0.418900 0.289300
vt 0.575100 0.427800
vt 0.614800 0.501000
vt 0.633500 0.441200
vt 0.575100 0.427800
vt 0.474400 0.386000
vt 0.614800 0.501000
vt 0.623100 0.216700
vt 0.720300 0.111200
vt 0.669200 0.032500
vt 0.800600 0.109000
vt 0.669200 0.032500
vt 0.720300 0.111200
vt 0.610800 0.240200
vt 0.718000 0.308500
vt 0.623100 0.216700
vt 0.610800 0.240200
vt 0.623100 0.216700
vt 0.501300 0.148600
vt 0.278500 0.552700
vt 0.107000 0.606700
vt 0.198700 0.670300
vt 0.198700 0.670300
vt 0.107000 0.606700
vt 0.068400 0.815900
vt 0.443200 0.614200
vt 0.478300 0.666100
vt 0.473100 0.577700
vt 0.478300 0.666100
vt 0.443200 0.614200
vt 0.451500 0.711000
vt 0.932300 0.253800
vt 0.847700 0.204700
vt 0.843900 0.287200
vt 0.177500 0.863400
vt 0.198700 0.670300
vt 0.068400 0.815900
vt 0.451500 0.711000
vt 0.371700 0.623200
vt 0.384500 0.702300
vt 0.384500 0.702300
vt 0.371700 0.623200
vt 0.274400 0.717100
vt 0.633500 0.441200
vt 0.655900 0.492800
vt 0.666900 0.447700
vt 0.666900 0.447700
vt 0.607100 0.338600
vt 0.633500 0.441200
vt 0.388400 0.876800
vt 0.363100 0.832300
vt 0.270500 0.823600
vt 0.497600 0.843100
vt 0.363100 0.832300
vt 0.388400 0.876800
vt 0.444800 0.976500
vt 0.594100 0.852400
vt 0.497600 0.843100
vt 0.497600 0.843100
vt 0.594100 0.852400
vt 0.506500 0.708400
vt 0.662500 0.597600
vt 0.660700 0.678700
vt 0.752900 0.573200
vt 0.660700 0.678700
vt 0.662500 0.597600
vt 0.614800 0.501000
vt 0.725400 0.531900
vt 0.752900 0.573200
vt 0.785900 0.524000
vt 0.725400 0.531900
vt 0.662500 0.597600
vt 0.752900 0.573200
vt 0.756900 0.354600
vt 0.783500 0.289000
vt 0.718000 0.308500
vt 0.687500 0.383100
vt 0.756900 0.354600
vt 0.718000 0.308500
vt 0.633500 0.441200
vt 0.607100 0.338600
vt 0.560300 0.327000
vt 0.607100 0.338600
vt 0.610800 0.240200
vt 0.560300 0.327000
vt 0.843900 0.287200
vt 0.847700 0.204700
vt 0.711500 0.258600
vt 0.478300 0.666100
vt 0.660700 0.678700
vt 0.473100 0.577700
vt 0.771500 0.439800
vt 0.811800 0.349800
vt 0.756900 0.354600
vt 0.560300 0.327000
vt 0.610800 0.240200
vt 0.418900 0.289300
vt 0.278500 0.552700
vt 0.371700 0.623200
vt 0.403900 0.556900
vt 0.107000 0.606700
vt 0.021600 0.686000
vt 0.068400 0.815900
vt 0.660700 0.678700
vt 0.506500 0.708400
vt 0.594100 0.852400
vt 0.843500 0.603700
vt 0.752900 0.573200
vt 0.660700 0.678700
vt 0.687500 0.383100
vt 0.771500 0.439800
vt 0.756900 0.354600
vt 0.669200 0.032500
vt 0.501300 0.148600
vt 0.623100 0.216700
vt 0.847700 0.204700
vt 0.800600 0.109000
vt 0.711500 0.258600
vt 0.771500 0.439800
vt 0.892500 0.459200
vt 0.811800 0.349800
vt 0.198700 0.670300
vt 0.177500 0.863400
vt 0.270500 0.823600
vt 0.384500 0.702300
vt 0.363100 0.832300
vt 0.451500 0.711000
vt 0.403900 0.556900
vt 0.371700 0.623200
vt 0.443200 0.614200
vt 0.560300 0.327000
vt 0.474400 0.386000
vt 0.575100 0.427800
vt 0.725400 0.531900
vt 0.655900 0.492800
vt 0.662500 0.597600
vt 0.614800 0.501000
vt 0.474400 0.386000
vt 0.473100 0.577700
vt 0.278500 0.552700
vt 0.403900 0.556900
vt 0.187700 0.439200
vt 0.771500 0.439800
vt 0.785900 0.524000
vt 0.892500 0.459200
vt 0.725400 0.531900
vt 0.721800 0.457000
vt 0.655900 0.492800
vt 0.687500 0.383100
vt 0.666900 0.447700
vt 0.721800 0.457000
vt 0.633500 0.441200
vt 0.560300 0.327000
vt 0.575100 0.427800
vt 0.274400 0.717100
vt 0.270500 0.823600
vt 0.384500 0.702300
vt 0.278500 0.552700
vt 0.198700 0.670300
vt 0.371700 0.623200
vt 0.800600 0.109000
vt 0.623100 0.216700
vt 0.711500 0.258600
vt 0.718000 0.308500
vt 0.610800 0.240200
vt 0.607100 0.338600
vt 0.388400 0.876800
vt 0.277600 0.924800
vt 0.444800 0.976500
vt 0.363100 0.832300
vt 0.497600 0.843100
vt 0.506500 0.708400
vt 0.403900 0.556900
vt 0.418900 0.289300
vt 0.187700 0.439200
vt 0.501300 0.148600
vt 0.418900 0.289300
vt 0.610800 0.240200
vt 0.892500 0.459200
vt 0.950200 0.348600
vt 0.811800 0.349800
vt 0.720300 0.111200
vt 0.623100 0.216700
vt 0.800600 0.109000
vt 0.107000 0.606700
vt 0.061600 0.495800
vt 0.021600 0.686000
vt 0.655900 0.492800
vt 0.614800 0.501000
vt 0.662500 0.597600
vt 0.473100 0.577700
vt 0.660700 0.678700
vt 0.614800 0.501000
vt 0.506500 0.708400
vt 0.660700 0.678700
vt 0.478300 0.666100
vt 0.443200 0.614200
vt 0.371700 0.623200
vt 0.451500 0.711000
vt 0.687500 0.383100
vt 0.607100 0.338600
vt 0.666900 0.447700
vt 0.607100 0.338600
vt 0.687500 0.383100
vt 0.718000 0.308500
vt 0.061600 0.495800
vt 0.107000 0.606700
vt 0.278500 0.552700
vt 0.187700 0.439200
vt 0.061600 0.495800
vt 0.278500 0.552700
vt 0.721800 0.457000
vt 0.771500 0.439800
vt 0.687500 0.383100
vt 0.771500 0.439800
vt 0.721800 0.457000
vt 0.725400 0.531900
vt 0.811800 0.349800
vt 0.783500 0.289000
vt 0.756900 0.354600
vt 0.711500 0.258600
vt 0.783500 0.289000
vt 0.843900 0.287200
vt 0.473100 0.577700
vt 0.403900 0.556900
vt 0.443200 0.614200
vt 0.403900 0.556900
vt 0.473100 0.577700
vt 0.474400 0.386000
vt 0.388400 0.876800
vt 0.444800 0.976500
vt 0.497600 0.843100
vt 0.892500 0.459200
vt 0.785900 0.524000
vt 0.843500 0.603700
vt 0.274400 0.717100
vt 0.198700 0.670300
vt 0.270500 0.823600
vt 0.371700 0.623200
vt 0.198700 0.670300
vt 0.274400 0.717100
vt 0.277600 0.924800
vt 0.270500 0.823600
vt 0.177500 0.863400
vt 0.932300 0.253800
vt 0.843900 0.287200
vt 0.950200 0.348600
vt 0.655900 0.492800
vt 0.633500 0.441200
vt 0.614800 0.501000
vt 0.721800 0.457000
vt 0.666900 0.447700
vt 0.655900 0.492800
vt 0.363100 0.832300
vt 0.384500 0.702300
vt 0.270500 0.823600
vt 0.270500 0.823600
vt 0.277600 0.924800
vt 0.388400 0.876800
vt 0.711500 0.258600
vt 0.623100 0.216700
vt 0.718000 0.308500
vt 0.783500 0.289000
vt 0.711500 0.258600
vt 0.718000 0.308500
vt 0.242600 0.286000
vt 0.061600 0.495800
vt 0.187700 0.439200
vt 0.418900 0.289300
vt 0.242600 0.286000
vt 0.187700 0.439200
vt 0.785900 0.524000
vt 0.752900 0.573200
vt 0.843500 0.603700
vt 0.785900 0.524000
vt 0.771500 0.439800
vt 0.725400 0.531900
vt 0.811800 0.349800
vt 0.950200 0.348600
vt 0.843900 0.287200
vt 0.843900 0.287200
vt 0.783500 0.289000
vt 0.811800 0.349800
vt 0.506500 0.708400
vt 0.451500 0.711000
vt 0.363100 0.832300
vt 0.506500 0.708400
vt 0.478300 0.666100
vt 0.451500 0.711000
vt 0.403900 0.556900
vt 0.474400 0.386000
vt 0.418900 0.289300
vt 0.474400 0.386000
vt 0.560300 0.327000
vt 0.418900 0.289300
vt 0.575100 0.427800
vt 0.614800 0.501000
vt 0.633500 0.441200
vt 0.575100 0.427800
vt 0.474400 0.386000
vt 0.614800 0.501000
vt 0.623100 0.216700
vt 0.720300 0.111200
vt 0.669200 0.032500
vt 0.800600 0.109000
vt 0.669200 0.032500
vt 0.720300 0.111200
vt 0.610800 0.240200
vt 0.718000 0.308500
vt 0.623100 0.216700
vt 0.610800 0.240200
vt 0.623100 0.216700
vt 0.501300 0.148600
vt 0.278500 0.552700
vt 0.107000 0.606700
vt 0.198700 0.670300
vt 0.198700 0.670300
vt 0.107000 0.606700
vt 0.068400 0.815900
vt 0.443200 0.614200
vt 0.478300 0.666100
vt 0.473100 0.577700
vt 0.478300 0.666100
vt 0.443200 0.614200
vt 0.451500 0.711000
vt 0.932300 0.253800
vt 0.847700 0.204700
vt 0.843900 0.287200
vt 0.177500 0.863400
vt 0.198700 0.670300
vt 0.068400 0.815900
vt 0.451500 0.711000
vt 0.371700 0.623200
vt 0.384500 0.702300
vt 0.384500 0.702300
vt 0.371700 0.623200
vt 0.274400 0.717100
vt 0.633500 0.441200
vt 0.655900 0.492800
vt 0.666900 0.447700
vt 0.666900 0.447700
vt 0.607100 0.338600
vt 0.633500 0.441200
vt 0.388400 0.876800
vt 0.363100 0.832300
vt 0.270500 0.823600
vt 0.497600 0.843100
vt 0.363100 0.832300
vt 0.388400 0.876800
vt 0.444800 0.976500
vt 0.594100 0.852400
vt 0.497600 0.843100
vt 0.497600 0.843100
vt 0.594100 0.852400
vt 0.506500 0.708400
vt 0.662500 0.597600
vt 0.660700 0.678700
vt 0.752900 0.573200
vt 0.660700 0.678700
vt 0.662500 0.597600
vt 0.614800 0.501000
vt 0.725400 0.531900
vt 0.752900 0.573200
vt 0.785900 0.524000
vt 0.725400 0.531900
vt 0.662500 0.597600
vt 0.752900 0.573200
vt 0.756900 0.354600
vt 0.783500 0.289000
vt 0.718000 0.308500
vt 0.687500 0.383100
vt 0.756900 0.354600
vt 0.718000 0.308500
vt 0.633500 0.441200
vt 0.607100 0.338600
vt 0.560300 0.327000
vt 0.607100 0.338600
vt 0.610800 0.240200
vt 0.560300 0.327000
vt 0.843900 0.287200
vt 0.847700 0.204700
vt 0.711500 0.258600
vt 0.478300 0.666100
vt 0.660700 0.678700
vt 0.473100 0.577700
vt 0.771500 0.439800
vt 0.811800 0.349800
vt 0.756900 0.354600
vt 0.560300 0.327000
vt 0.610800 0.240200
vt 0.418900 0.289300
vt 0.278500 0.552700
vt 0.371700 0.623200
vt 0.403900 0.556900
vt 0.107000 0.606700
vt 0.021600 0.686000
vt 0.068400 0.815900
vt 0.660700 0.678700
vt 0.506500 0.708400
vt 0.594100 0.852400
vt 0.843500 0.603700
vt 0.752900 0.573200
vt 0.660700 0.678700
vt 0.687500 0.383100
vt 0.771500 0.439800
vt 0.756900 0.354600
vt 0.669200 0.032500
vt 0.501300 0.148600
vt 0.623100 0.216700
vt 0.847700 0.204700
vt 0.800600 0.109000
vt 0.711500 0.258600
vt 0.771500 0.439800
vt 0.892500 0.459200
vt 0.811800 0.349800
vt 0.198700 0.670300
vt 0.177500 0.863400
vt 0.270500 0.823600
vt 0.384500 0.702300
vt 0.363100 0.832300
vt 0.451500 0.711000
vt 0.403900 0.556900
vt 0.371700 0.623200
vt 0.443200 0.614200
vt 0.560300 0.327000
vt 0.474400 0.386000
vt 0.575100 0.427800
vt 0.725400 0.531900
vt 0.655900 0.492800
vt 0.662500 0.597600
vt 0.614800 0.501000
vt 0.474400 0.386000
vt 0.473100 0.577700
vt 0.278500 0.552700
vt 0.403900 0.556900
vt 0.187700 0.439200
vt 0.771500 0.439800
vt 0.785900 0.524000
vt 0.892500 0.459200
vt 0.725400 0.531900
vt 0.721800 0.457000
vt 0.655900 0.492800
vt 0.687500 0.383100
vt 0.666900 0.447700
vt 0.721800 0.457000
vt 0.633500 0.441200
vt 0.560300 0.327000
vt 0.575100 0.427800
vt 0.274400 0.717100
vt 0.270500 0.823600
vt 0.384500 0.702300
vt 0.278500 0.552700
vt 0.198700 0.670300
vt 0.371700 0.623200
vt 0.800600 0.109000
vt 0.623100 0.216700
vt 0.711500 0.258600
vt 0.718000 0.308500
vt 0.610800 0.240200
vt 0.607100 0.338600
vt 0.388400 0.876800
vt 0.277600 0.924800
vt 0.444800 0.976500
vt 0.363100 0.832300
vt 0.497600 0.843100
vt 0.506500 0.708400
vt 0.403900 0.556900
vt 0.418900 0.289300
vt 0.187700 0.439200
vt 0.501300 0.148600
vt 0.418900 0.289300
vt 0.610800 0.240200
vt 0.892500 0.459200
vt 0.950200 0.348600
vt 0.811800 0.349800
vt 0.720300 0.111200
vt 0.623100 0.216700
vt 0.800600 0.109000
vt 0.107000 0.606700
vt 0.061600 0.495800
vt 0.021600 0.686000
vt 0.655900 0.492800
vt 0.614800 0.501000
vt 0.662500 0.597600
vt 0.473100 0.577700
vt 0.660700 0.678700
vt 0.614800 0.501000
vt 0.506500 0.708400
vt 0.660700 0.678700
vt 0.478300 0.666100
vt 0.443200 0.614200
vt 0.371700 0.623200
vt 0.451500 0.711000
vt 0.687500 0.383100
vt 0.607100 0.338600
vt 0.666900 0.447700
vt 0.607100 0.338600
vt 0.687500 0.383100
vt 0.718000 0.308500
vt 0.061600 0.495800
vt 0.107000 0.606700
vt 0.278500 0.552700
vt 0.187700 0.439200
vt 0.061600 0.495800
vt 0.278500 0.552700
vt 0.721800 0.457000
vt 0.771500 0.439800
vt 0.687500 0.383100
vt 0.771500 0.439800
vt 0.721800 0.457000
vt 0.725400 0.531900
vt 0.811800 0.349800
vt 0.783500 0.289000
vt 0.756900 0.354600
vt 0.711500 0.258600
vt 0.783500 0.289000
vt 0.843900 0.287200
vt 0.473100 0.577700
vt 0.403900 0.556900
vt 0.443200 0.614200
vt 0.403900 0.556900
vt 0.473100 0.577700
vt 0.474400 0.386000
vt 0.388400 0.876800
vt 0.444800 0.976500
vt 0.497600 0.843100
vt 0.892500 0.459200
vt 0.785900 0.524000
vt 0.843500 0.603700
vt 0.274400 0.717100
vt 0.198700 0.670300
vt 0.270500 0.823600
vt 0.371700 0.623200
vt 0.198700 0.670300
vt 0.274400 0.717100
vt 0.277600 0.924800
vt 0.270500 0.823600
vt 0.177500 0.863400
vt 0.932300 0.253800
vt 0.843900 0.287200
vt 0.950200 0.348600
vt 0.655900 0.492800
vt 0.633500 0.441200
vt 0.614800 0.501000
vt 0.721800 0.457000
vt 0.666900 0.447700
vt 0.655900 0.492800
vt 0.363100 0.832300
vt 0.384500 0.702300
vt 0.270500 0.823600
vt 0.270500 0.823600
vt 0.277600 0.924800
vt 0.388400 0.876800
vt 0.711500 0.258600
vt 0.623100 0.216700
vt 0.718000 0.308500
vt 0.783500 0.289000
vt 0.711500 0.258600
vt 0.718000 0.308500
vt 0.242600 0.286000
vt 0.061600 0.495800
vt 0.187700 0.439200
vt 0.418900 0.289300
vt 0.242600 0.286000
vt 0.187700 0.439200
vt 0.785900 0.524000
vt 0.752900 0.573200
vt 0.843500 0.603700
vt 0.785900 0.524000
vt 0.771500 0.439800
vt 0.725400 0.531900
vt 0.811800 0.349800
vt 0.950200 0.348600
vt 0.843900 0.287200
vt 0.843900 0.287200
vt 0.783500 0.289000
vt 0.811800 0.349800
vt 0.506500 0.708400
vt 0.451500 0.711000
vt 0.363100 0.832300
vt 0.506500 0.708400
vt 0.478300 0.666100
vt 0.451500 0.711000
vt 0.403900 0.556900
vt 0.474400 0.386000
vt 0.418900 0.289300
vt 0.474400 0.386000
vt 0.560300 0.327000
vt 0.418900 0.289300
vt 0.575100 0.427800
vt 0.614800 0.501000
vt 0.633500 0.441200
vt 0.575100 0.427800
vt 0.474400 0.386000
vt 0.614800 0.501000
vt 0.623100 0.216700
vt 0.720300 0.111200
vt 0.669200 0.032500
vt 0.800600 0.109000
vt 0.669200 0.032500
vt 0.720300 0.111200
vt 0.610800 0.240200
vt 0.718000 0.308500
vt 0.623100 0.216700
vt 0.610800 0.240200
vt 0.623100 0.216700
vt 0.501300 0.148600
vt 0.278500 0.552700
vt 0.107000 0.606700
vt 0.198700 0.670300
vt 0.198700 0.670300
vt 0.107000 0.606700
vt 0.068400 0.815900
vt 0.443200 0.614200
vt 0.478300 0.666100
vt 0.473100 0.577700
vt 0.478300 0.666100
vt 0.443200 0.614200
vt 0.451500 0.711000
vt 0.932300 0.253800
vt 0.847700 0.204700
vt 0.843900 0.287200
vt 0.177500 0.863400
vt 0.198700 0.670300
vt 0.068400 0.815900
vt 0.451500 0.711000
vt 0.371700 0.623200
vt 0.384500 0.702300
vt 0.384500 0.702300
vt 0.371700 0.623200
vt 0.274400 0.717100
vt 0.633500 0.441200
vt 0.655900 0.492800
vt 0.666900 0.447700
vt 0.666900 0.447700
vt 0.607100 0.338600
vt 0.633500 0.441200
vt 0.388400 0.876800
vt 0.363100 0.832300
vt 0.270500 0.823600
vt 0.497600 0.843100
vt 0.363100 0.832300
vt 0.388400 0.876800
vt 0.444800 0.976500
vt 0.594100 0.852400
vt 0.497600 0.843100
vt 0.497600 0.843100
vt 0.594100 0.852400
vt 0.506500 0.708400
vt 0.662500 0.597600
vt 0.660700 0.678700
vt 0.752900 0.573200
vt 0.660700 0.678700
vt 0.662500 0.597600
vt 0.614800 0.501000
vt 0.725400 0.531900
vt 0.752900 0.573200
vt 0.785900 0.524000
vt 0.725400 0.531900
vt 0.662500 0.597600
vt 0.752900 0.573200
vt 0.756900 0.354600
vt 0.783500 0.289000
vt 0.718000 0.308500
vt 0.687500 0.383100
vt 0.756900 0.354600
vt 0.718000 0.308500
vt 0.633500 0.441200
vt 0.607100 0.338600
vt 0.560300 0.327000
vt 0.607100 0.338600
vt 0.610800 0.240200
vt 0.560300 0.327000
vt 0.843900 0.287200
vt 0.847700 0.204700
vt 0.711500 0.258600
vt 0.478300 0.666100
vt 0.660700 0.678700
vt 0.473100 0.577700
vt 0.771500 0.439800
vt 0.811800 0.349800
vt 0.756900 0.354600
vt 0.560300 0.327000
vt 0.610800 0.240200
vt 0.418900 0.289300
vt 0.278500 0.552700
vt 0.371700 0.623200
vt 0.403900 0.556900
vt 0.107000 0.606700
vt 0.021600 0.686000
vt 0.068400 0.815900
vt 0.660700 0.678700
vt 0.506500 0.708400
vt 0.594100 0.852400
vt 0.843500 0.603700
vt 0.752900 0.573200
vt 0.660700 0.678700
vt 0.687500 0.383100
vt 0.771500 0.439800
vt 0.756900 0.354600
vt 0.669200 0.032500
vt 0.501300 0.148600
vt 0.623100 0.216700
vt 0.847700 0.204700
vt 0.800600 0.109000
vt 0.711500 0.258600
vt 0.771500 0.439800
vt 0.892500 0.459200
vt 0.811800 0.349800
vt 0.198700 0.670300
vt 0.177500 0.863400
vt 0.270500 0.823600
vt 0.384500 0.702300
vt 0.363100 0.832300
vt 0.451500 0.711000
vt 0.403900 0.556900
vt 0.371700 0.623200
vt 0.443200 0.614200
vt 0.560300 0.327000
vt 0.474400 0.386000
vt 0.575100 0.427800
vt 0.725400 0.531900
vt 0.655900 0.492800
vt 0.662500 0.597600
vt 0.614800 0.501000
vt 0.474400 0.386000
vt 0.473100 0.577700
vt 0.278500 0.552700
vt 0.403900 0.556900
vt 0.187700 0.439200
vt 0.771500 0.439800
vt 0.785900 0.524000
vt 0.892500 0.459200
vt 0.725400 0.531900
vt 0.721800 0.457000
vt 0.655900 0.492800
vt 0.687500 0.383100
vt 0.666900 0.447700
vt 0.721800 0.457000
vt 0.633500 0.441200
vt 0.560300 0.327000
vt 0.575100 0.427800
vt 0.274400 0.717100
vt 0.270500 0.823600
vt 0.384500 0.702300
vt 0.278500 0.552700
vt 0.198700 0.670300
vt 0.371700 0.623200
vt 0.800600 0.109000
vt 0.623100 0.216700
vt 0.711500 0.258600
vt 0.718000 0.308500
vt 0.610800 0.240200
vt 0.607100 0.338600
vt 0.388400 0.876800
vt 0.277600 0.924800
vt 0.444800 0.976500
vt 0.363100 0.832300
vt 0.497600 0.843100
vt 0.506500 0.708400
vt 0.403900 0.556900
vt 0.418900 0.289300
vt 0.187700 0.439200
vt 0.501300 0.148600
vt 0.418900 0.289300
vt 0.610800 0.240200
vt 0.892500 0.459200
vt 0.950200 0.348600
vt 0.811800 0.349800
vt 0.720300 0.111200
vt 0.623100 0.216700
vt 0.800600 0.109000
vt 0.107000 0.606700
vt 0.061600 0.495800
vt 0.021600 0.686000
vt 0.655900 0.492800
vt 0.614800 0.501000
vt 0.662500 0.597600
vt 0.473100 0.577700
vt 0.660700 0.678700
vt 0.614800 0.501000
vt 0.506500 0.708400
vt 0.660700 0.678700
vt 0.478300 0.666100
vt 0.443200 0.614200
vt 0.371700 0.623200
vt 0.451500 0.711000
vt 0.687500 0.383100
vt 0.607100 0.338600
vt 0.666900 0.447700
vt 0.607100 0.338600
vt 0.687500 0.383100
vt 0.718000 0.308500
vt 0.061600 0.495800
vt 0.107000 0.606700
vt 0.278500 0.552700
vt 0.187700 0.439200
vt 0.061600 0.495800
vt 0.278500 0.552700
vt 0.721800 0.457000
vt 0.771500 0.439800
vt 0.687500 0.383100
vt 0.771500 0.439800
vt 0.721800 0.457000
vt 0.725400 0.531900
vt 0.811800 0.349800
vt 0.783500 0.289000
vt 0.756900 0.354600
vt 0.711500 0.258600
vt 0.783500 0.289000
vt 0.843900 0.287200
vt 0.473100 0.577700
vt 0.403900 0.556900
vt 0.443200 0.614200
vt 0.403900 0.556900
vt 0.473100 0.577700
vt 0.474400 0.386000
vt 0.388400 0.876800
vt 0.444800 0.976500
vt 0.497600 0.843100
vt 0.892500 0.459200
vt 0.785900 0.524000
vt 0.843500 0.603700
vt 0.274400 0.717100
vt 0.198700 0.670300
vt 0.270500 0.823600
vt 0.371700 0.623200
vt 0.198700 0.670300
vt 0.274400 0.717100
vt 0.277600 0.924800
vt 0.270500 0.823600
vt 0.177500 0.863400
vt 0.932300 0.253800
vt 0.843900 0.287200
vt 0.950200 0.348600
vt 0.655900 0.492800
vt 0.633500 0.441200
vt 0.614800 0.501000
vt 0.721800 0.457000
vt 0.666900 0.447700
vt 0.655900 0.492800
vt 0.363100 0.832300
vt 0.384500 0.702300
vt 0.270500 0.823600
vt 0.270500 0.823600
vt 0.277600 0.924800
vt 0.388400 0.876800
vt 0.711500 0.258600
vt 0.623100 0.216700
vt 0.718000 0.308500
vt 0.783500 0.289000
vt 0.711500 0.258600
vt 0.718000 0.308500
vt 0.242600 0.286000
vt 0.061600 0.495800
vt 0.187700 0.439200
vt 0.418900 0.289300
vt 0.242600 0.286000
vt 0.187700 0.439200
vt 0.785900 0.524000
vt 0.752900 0.573200
vt 0.843500 0.603700
vt 0.785900 0.524000
vt 0.771500 0.439800
vt 0.725400 0.531900
vt 0.811800 0.349800
vt 0.950200 0.348600
vt 0.843900 0.287200
vt 0.843900 0.287200
vt 0.783500 0.289000
vt 0.811800 0.349800
vt 0.506500 0.708400
vt 0.451500 0.711000
vt 0.363100 0.832300
vt 0.506500 0.708400
vt 0.478300 0.666100
vt 0.451500 0.711000
vt 0.403900 0.556900
vt 0.474400 0.386000
vt 0.418900 0.289300
vt 0.474400 0.386000
vt 0.560300 0.327000
vt 0.418900 0.289300
vt 0.575100 0.427800
vt 0.614800 0.501000
vt 0.633500 0.441200
vt 0.575100 0.427800
vt 0.474400 0.386000
vt 0.614800 0.501000
vt 0.623100 0.216700
vt 0.720300 0.111200
vt 0.669200 0.032500
vt 0.800600 0.109000
vt 0.669200 0.032500
vt 0.720300 0.111200
vt 0.610800 0.240200
vt 0.718000 0.308500
vt 0.623100 0.216700
vt 0.610800 0.240200
vt 0.623100 0.216700
vt 0.501300 0.148600
vt 0.278500 0.552700
vt 0.107000 0.606700
vt 0.198700 0.670300
vt 0.198700 0.670300
vt 0.107000 0.606700
vt 0.068400 0.815900
vt 0.443200 0.614200
vt 0.478300 0.666100
vt 0.473100 0.577700
vt 0.478300 0.666100
vt 0.443200 0.614200
vt 0.451500 0.711000
vt 0.932300 0.253800
vt 0.847700 0.204700
vt 0.843900 0.287200
vt 0.177500 0.863400
vt 0.198700 0.670300
vt 0.068400 0.815900
vt 0.451500 0.711000
vt 0.371700 0.623200
vt 0.384500 0.702300
vt 0.384500 0.702300
vt 0.371700 0.623200
vt 0.274400 0.717100
vt 0.633500 0.441200
vt 0.655900 0.492800
vt 0.666900 0.447700
vt 0.666900 0.447700
vt 0.607100 0.338600
vt 0.633500 0.441200
vt 0.388400 0.876800
vt 0.363100 0.832300
vt 0.270500 0.823600
vt 0.497600 0.843100
vt 0.363100 0.832300
vt 0.388400 0.876800
vt 0.444800 0.976500
vt 0.594100 0.852400
vt 0.497600 0.843100
vt 0.497600 0.843100
vt 0.594100 0.852400
vt 0.506500 0.708400
vt 0.662500 0.597600
vt 0.660700 0.678700
vt 0.752900 0.573200
vt 0.660700 0.678700
vt 0.662500 0.597600
vt 0.614800 0.501000
vt 0.725400 0.531900
vt 0.752900 0.573200
vt 0.785900 0.524000
vt 0.725400 0.531900
vt 0.662500 0.597600
vt 0.752900 0.573200
vt 0.756900 0.354600
vt 0.783500 0.289000
vt 0.718000 0.308500
vt 0.687500 0.383100
vt 0.756900 0.354600
vt 0.718000 0.308500
vt 0.633500 0.441200
vt 0.607100 0.338600
vt 0.560300 0.327000
vt 0.607100 0.338600
vt 0.610800 0.240200
vt 0.560300 0.327000
vt 0.843900 0.287200
vt 0.847700 0.204700
vt 0.711500 0.258600
vt 0.478300 0.666100
vt 0.660700 0.678700
vt 0.473100 0.577700
vt 0.771500 0.439800
vt 0.811800 0.349800
vt 0.756900 0.354600
vt 0.560300 0.327000
vt 0.610800 0.240200
vt 0.418900 0.289300
vt 0.278500 0.552700
vt 0.371700 0.623200
vt 0.403900 0.556900
vt 0.107000 0.606700
vt 0.021600 0.686000
vt 0.068400 0.815900
vt 0.660700 0.678700
vt 0.506500 0.708400
vt 0.594100 0.852400
vt 0.843500 0.603700
vt 0.752900 0.573200
vt 0.660700 0.678700
vt 0.687500 0.383100
vt 0.771500 0.439800
vt 0.756900 0.354600
vt 0.669200 0.032500
vt 0.501300 0.148600
vt 0.623100 0.216700
vt 0.847700 0.204700
vt 0.800600 0.109000
vt 0.711500 0.258600
vt 0.771500 0.439800
vt 0.892500 0.459200
vt 0.811800 0.349800
vt 0.198700 0.670300
vt 0.177500 0.863400
vt 0.270500 0.823600
vt 0.384500 0.702300
vt 0.363100 0.832300
vt 0.451500 0.711000
vt 0.403900 0.556900
vt 0.371700 0.623200
vt 0.443200 0.614200
vt 0.560300 0.327000
vt 0.474400 0.386000
vt 0.575100 0.427800
vt 0.725400 0.531900
vt 0.655900 0.492800
vt 0.662500 0.597600
vt 0.614800 0.501000
vt 0.474400 0.386000
vt 0.473100 0.577700
vt 0.278500 0.552700
vt 0.403900 0.556900
vt 0.187700 0.439200
vt 0.771500 0.439800
vt 0.785900 0.524000
vt 0.892500 0.459200
vt 0.725400 0.531900
vt 0.721800 0.457000
vt 0.655900 0.492800
vt 0.687500 0.383100
vt 0.666900 0.447700
vt 0.721800 0.457000
vt 0.633500 0.441200
vt 0.560300 0.327000
vt 0.575100 0.427800
vt 0.274400 0.717100
vt 0.270500 0.823600
vt 0.384500 0.702300
vt 0.278500 0.552700
vt 0.198700 0.670300
vt 0.371700 0.623200
vt 0.800600 0.109000
vt 0.623100 0.216700
vt 0.711500 0.258600
vt 0.718000 0.308500
vt 0.610800 0.240200
vt 0.607100 0.338600
vt 0.388400 0.876800
vt 0.277600 0.924800
vt 0.444800 0.976500
vt 0.363100 0.832300
vt 0.497600 0.843100
vt 0.506500 0.708400
vt 0.403900 0.556900
vt 0.418900 0.289300
vt 0.187700 0.439200
vt 0.501300 0.148600
vt 0.418900 0.289300
vt 0.610800 0.240200
vt 0.892500 0.459200
vt 0.950200 0.348600
vt 0.811800 0.349800
vt 0.720300 0.111200
vt 0.623100 0.216700
vt 0.800600 0.109000
vt 0.107000 0.606700
vt 0.061600 0.495800
vt 0.021600 0.686000
vt 0.655900 0.492800
vt 0.614800 0.501000
vt 0.662500 0.597600
vt 0.473100 0.577700
vt 0.660700 0.678700
vt 0.614800 0.501000
vt 0.506500 0.708400
vt 0.660700 0.678700
vt 0.478300 0.666100
vt 0.443200 0.614200
vt 0.371700 0.623200
vt 0.451500 0.711000
vt 0.687500 0.383100
vt 0.607100 0.338600
vt 0.666900 0.447700
vt 0.607100 0.338600
vt 0.687500 0.383100
vt 0.718000 0.308500
vt 0.061600 0.495800
vt 0.107000 0.606700
vt 0.278500 0.552700
vt 0.187700 0.439200
vt 0.061600 0.495800
vt 0.278500 0.552700
vt 0.721800 0.457000
vt 0.771500 0.439800
vt 0.687500 0.383100
vt 0.771500 0.439800
vt 0.721800 0.457000
vt 0.725400 0.531900
vt 0.811800 0.349800
vt 0.783500 0.289000
vt 0.756900 0.354600
vt 0.711500 0.258600
vt 0.783500 0.289000
vt 0.843900 0.287200
vt 0.473100 0.577700
vt 0.403900 0.556900
vt 0.443200 0.614200
vt 0.403900 0.556900
vt 0.473100 0.577700
vt 0.474400 0.386000
vt 0.388400 0.876800
vt 0.444800 0.976500
vt 0.497600 0.843100
vt 0.892500 0.459200
vt 0.785900 0.524000
vt 0.843500 0.603700
vt 0.274400 0.717100
vt 0.198700 0.670300
vt 0.270500 0.823600
vt 0.371700 0.623200
vt 0.198700 0.670300
vt 0.274400 0.717100
vt 0.277600 0.924800
vt 0.270500 0.823600
vt 0.177500 0.863400
vt 0.932300 0.253800
vt 0.843900 0.287200
vt 0.950200 0.348600
vt 0.655900 0.492800
vt 0.633500 0.441200
vt 0.614800 0.501000
vt 0.721800 0.457000
vt 0.666900 0.447700
vt 0.655900 0.492800
vt 0.363100 0.832300
vt 0.384500 0.702300
vt 0.270500 0.823600
vt 0.270500 0.823600
vt 0.277600 0.924800
vt 0.388400 0.876800
vt 0.711500 0.258600
vt 0.623100 0.216700
vt 0.718000 0.308500
vt 0.783500 0.289000
vt 0.711500 0.258600
vt 0.718000 0.308500
vt 0.242600 0.286000
vt 0.061600 0.495800
vt 0.187700 0.439200
vt 0.418900 0.289300
vt 0.242600 0.286000
vt 0.187700 0.439200
vt 0.785900 0.524000
vt 0.752900 0.573200
vt 0.843500 0.603700
vt 0.785900 0.524000
vt 0.771500 0.439800
vt 0.725400 0.531900
vt 0.811800 0.349800
vt 0.950200 0.348600
vt 0.843900 0.287200
vt 0.843900 0.287200
vt 0.783500 0.289000
vt 0.811800 0.349800
vt 0.506500 0.708400
vt 0.451500 0.711000
vt 0.363100 0.832300
vt 0.506500 0.708400
vt 0.478300 0.666100
vt 0.451500 0.711000
vt 0.403900 0.556900
vt 0.474400 0.386000
vt 0.418900 0.289300
vt 0.474400 0.386000
vt 0.560300 0.327000
vt 0.418900 0.289300
vt 0.575100 0.427800
vt 0.614800 0.501000
vt 0.633500 0.441200
vt 0.575100 0.427800
vt 0.474400 0.386000
vt 0.614800 0.501000
vt 0.623100 0.216700
vt 0.720300 0.111200
vt 0.669200 0.032500
vt 0.800600 0.109000
vt 0.669200 0.032500
vt 0.720300 0.111200
vt 0.610800 0.240200
vt 0.718000 0.308500
vt 0.623100 0.216700
vt 0.610800 0.240200
vt 0.623100 0.216700
vt 0.501300 0.148600
vt 0.278500 0.552700
vt 0.107000 0.606700
vt 0.198700 0.670300
vt 0.198700 0.670300
vt 0.107000 0.606700
vt 0.068400 0.815900
vt 0.443200 0.614200
vt 0.478300 0.666100
vt 0.473100 0.577700
vt 0.478300 0.666100
vt 0.443200 0.614200
vt 0.451500 0.711000
vt 0.932300 0.253800
vt 0.847700 0.204700
vt 0.843900 0.287200
vt 0.177500 0.863400
vt 0.198700 0.670300
vt 0.068400 0.815900
vt 0.451500 0.711000
vt 0.371700 0.623200
vt 0.384500 0.702300
vt 0.384500 0.702300
vt 0.371700 0.623200
vt 0.274400 0.717100
vt 0.633500 0.441200
vt 0.655900 0.492800
vt 0.666900 0.447700
vt 0.666900 0.447700
vt 0.607100 0.338600
vt 0.633500 0.441200
vt 0.388400 0.876800
vt 0.363100 0.832300
vt 0.270500 0.823600
vt 0.497600 0.843100
vt 0.363100 0.832300
vt 0.388400 0.876800
vt 0.444800 0.976500
vt 0.594100 0.852400
vt 0.497600 0.843100
vt 0.497600 0.843100
vt 0.594100 0.852400
vt 0.506500 0.708400
vt 0.662500 0.597600
vt 0.660700 0.678700
vt 0.752900 0.573200
vt 0.660700 0.678700
vt 0.662500 0.597600
vt 0.614800 0.501000
vt 0.725400 0.531900
vt 0.752900 0.573200
vt 0.785900 0.524000
vt 0.725400 0.531900
vt 0.662500 0.597600
vt 0.752900 0.573200
vt 0.756900 0.354600
vt 0.783500 0.289000
vt 0.718000 0.308500
vt 0.687500 0.383100
vt 0.756900 0.354600
vt 0.718000 0.308500
vt 0.633500 0.441200
vt 0.607100 0.338600
vt 0.560300 0.327000
vt 0.607100 0.338600
vt 0.610800 0.240200
vt 0.560300 0.327000
vt 0.843900 0.287200
vt 0.847700 0.204700
vt 0.711500 0.258600
vt 0.478300 0.666100
vt 0.660700 0.678700
vt 0.473100 0.577700
vt 0.771500 0.439800
vt 0.811800 0.349800
vt 0.756900 0.354600
vt 0.560300 0.327000
vt 0.610800 0.240200
vt 0.418900 0.289300
vt 0.278500 0.552700
vt 0.371700 0.623200
vt 0.403900 0.556900
vt 0.107000 0.606700
vt 0.021600 0.686000
vt 0.068400 0.815900
vt 0.660700 0.678700
vt 0.506500 0.708400
vt 0.594100 0.852400
vt 0.843500 0.603700
vt 0.752900 0.573200
vt 0.660700 0.678700
vt 0.687500 0.383100
vt 0.771500 0.439800
vt 0.756900 0.354600
vt 0.669200 0.032500
vt 0.501300 0.148600
vt 0.623100 0.216700
vt 0.847700 0.204700
vt 0.800600 0.109000
vt 0.711500 0.258600
vt 0.771500 0.439800
vt 0.892500 0.459200
vt 0.811800 0.349800
vt 0.198700 0.670300
vt 0.177500 0.863400
vt 0.270500 0.823600
vt 0.384500 0.702300
vt 0.363100 0.832300
vt 0.451500 0.711000
vt 0.403900 0.556900
vt 0.371700 0.623200
vt 0.443200 0.614200
vt 0.560300 0.327000
vt 0.474400 0.386000
vt 0.575100 0.427800
vt 0.725400 0.531900
vt 0.655900 0.492800
vt 0.662500 0.597600
vt 0.614800 0.501000
vt 0.474400 0.386000
vt 0.473100 0.577700
vt 0.278500 0.552700
vt 0.403900 0.556900
vt 0.187700 0.439200
vt 0.771500 0.439800
vt 0.785900 0.524000
vt 0.892500 0.459200
vt 0.725400 0.531900
vt 0.721800 0.457000
vt 0.655900 0.492800
vt 0.687500 0.383100
vt 0.666900 0.447700
vt 0.721800 0.457000
vt 0.633500 0.441200
vt 0.560300 0.327000
vt 0.575100 0.427800
vt 0.274400 0.717100
vt 0.270500 0.823600
vt 0.384500 0.702300
vt 0.278500 0.552700
vt 0.198700 0.670300
vt 0.371700 0.623200
vt 0.800600 0.109000
vt 0.623100 0.216700
vt 0.711500 0.258600
vt 0.718000 0.308500
vt 0.610800 0.240200
vt 0.607100 0.338600
vt 0.388400 0.876800
vt 0.277600 0.924800
vt 0.444800 0.976500
vt 0.363100 0.832300
vt 0.497600 0.843100
vt 0.506500 0.708400
vt 0.403900 0.556900
vt 0.418900 0.289300
vt 0.187700 0.439200
vt 0.501300 0.148600
vt 0.418900 0.289300
vt 0.610800 0.240200
vt 0.892500 0.459200
vt 0.950200 0.348600
vt 0.811800 0.349800
vt 0.720300 0.111200
vt 0.623100 0.216700
vt 0.800600 0.109000
vt 0.107000 0.606700
vt 0.061600 0.495800
vt 0.021600 0.686000
vt 0.655900 0.492800
vt 0.614800 0.501000
vt 0.662500 0.597600
vt 0.473100 0.577700
vt 0.660700 0.678700
vt 0.614800 0.501000
vt 0.506500 0.708400
vt 0.660700 0.678700
vt 0.478300 0.666100
vt 0.443200 0.614200
vt 0.371700 0.623200
vt 0.451500 0.711000
vt 0.687500 0.383100
vt 0.607100 0.338600
vt 0.666900 0.447700
vt 0.607100 0.338600
vt 0.687500 0.383100
vt 0.718000 0.308500
vt 0.061600 0.495800
vt 0.107000 0.606700
vt 0.278500 0.552700
vt 0.187700 0.439200
vt 0.061600 0.495800
vt 0.278500 0.552700
vt 0.721800 0.457000
vt 0.771500 0.439800
vt 0.687500 0.383100
vt 0.771500 0.439800
vt 0.721800 0.457000
vt 0.725400 0.531900
vt 0.811800 0.349800
vt 0.783500 0.289000
vt 0.756900 0.354600
vt 0.711500 0.258600
vt 0.783500 0.289000
vt 0.843900 0.287200
vt 0.473100 0.577700
vt 0.403900 0.556900
vt 0.443200 0.614200
vt 0.403900 0.556900
vt 0.473100 0.577700
vt 0.474400 0.386000
vt 0.388400 0.876800
vt 0.444800 0.976500
vt 0.497600 0.843100
vt 0.892500 0.459200
vt 0.785900 0.524000
vt 0.843500 0.603700
vt 0.274400 0.717100
vt 0.198700 0.670300
vt 0.270500 0.823600
vt 0.371700 0.623200
vt 0.198700 0.670300
vt 0.274400 0.717100
vt 0.277600 0.924800
vt 0.270500 0.823600
vt 0.177500 0.863400
vt 0.932300 0.253800
vt 0.843900 0.287200
vt 0.950200 0.348600
vt 0.655900 0.492800
vt 0.633500 0.441200
vt 0.614800 0.501000
vt 0.721800 0.457000
vt 0.666900 0.447700
vt 0.655900 0.492800
vt 0.363100 0.832300
vt 0.384500 0.702300
vt 0.270500 0.823600
vt 0.270500 0.823600
vt 0.277600 0.924800
vt 0.388400 0.876800
vt 0.711500 0.258600
vt 0.623100 0.216700
vt 0.718000 0.308500
vt 0.783500 0.289000
vt 0.711500 0.258600
vt 0.718000 0.308500
vt 0.242600 0.286000
vt 0.061600 0.495800
vt 0.187700 0.439200
vt 0.418900 0.289300
vt 0.242600 0.286000
vt 0.187700 0.439200
vt 0.785900 0.524000
vt 0.752900 0.573200
vt 0.843500 0.603700
vt 0.785900 0.524000
vt 0.771500 0.439800
vt 0.725400 0.531900
vt 0.811800 0.349800
vt 0.950200 0.348600
vt 0.843900 0.287200
vt 0.843900 0.287200
vt 0.783500 0.289000
vt 0.811800 0.349800
vt 0.506500 0.708400
vt 0.451500 0.711000
vt 0.363100 0.832300
vt 0.506500 0.708400
vt 0.478300 0.666100
vt 0.451500 0.711000
vt 0.403900 0.556900
vt 0.474400 0.386000
vt 0.418900 0.289300
vt 0.474400 0.386000
vt 0.560300 0.327000
vt 0.418900 0.289300
vt 0.575100 0.427800
vt 0.614800 0.501000
vt 0.633500 0.441200
vt 0.575100 0.427800
vt 0.474400 0.386000
vt 0.614800 0.501000
vt 0.623100 0.216700
vt 0.720300 0.111200
vt 0.669200 0.032500
vt 0.800600 0.109000
vt 0.669200 0.032500
vt 0.720300 0.111200
vt 0.610800 0.240200
vt 0.718000 0.308500
vt 0.623100 0.216700
vt 0.610800 0.240200
vt 0.623100 0.216700
vt 0.501300 0.148600
vt 0.278500 0.552700
vt 0.107000 0.606700
vt 0.198700 0.670300
vt 0.198700 0.670300
vt 0.107000 0.606700
vt 0.068400 0.815900
vt 0.443200 0.614200
vt 0.478300 0.666100
vt 0.473100 0.577700
vt 0.478300 0.666100
vt 0.443200 0.614200
vt 0.451500 0.711000
vt 0.932300 0.253800
vt 0.847700 0.204700
vt 0.843900 0.287200
vt 0.177500 0.863400
vt 0.198700 0.670300
vt 0.068400 0.815900
vt 0.451500 0.711000
vt 0.371700 0.623200
vt 0.384500 0.702300
vt 0.384500 0.702300
vt 0.371700 0.623200
vt 0.274400 0.717100
vt 0.633500 0.441200
vt 0.655900 0.492800
vt 0.666900 0.447700
vt 0.666900 0.447700
vt 0.607100 0.338600
vt 0.633500 0.441200
vt 0.388400 0.876800
vt 0.363100 0.832300
vt 0.270500 0.823600
vt 0.497600 0.843100
vt 0.363100 0.832300
vt 0.388400 0.876800
vt 0.444800 0.976500
vt 0.594100 0.852400
vt 0.497600 0.843100
vt 0.497600 0.843100
vt 0.594100 0.852400
vt 0.506500 0.708400
vt 0.662500 0.597600
vt 0.660700 0.678700
vt 0.752900 0.573200
vt 0.660700 0.678700
vt 0.662500 0.597600
vt 0.614800 0.501000
vt 0.725400 0.531900
vt 0.752900 0.573200
vt 0.785900 0.524000
vt 0.725400 0.531900
vt 0.662500 0.597600
vt 0.752900 0.573200
vt 0.756900 0.354600
vt 0.783500 0.289000
vt 0.718000 0.308500
vt 0.687500 0.383100
vt 0.756900 0.354600
vt 0.718000 0.308500
vt 0.633500 0.441200
vt 0.607100 0.338600
vt 0.560300 0.327000
vt 0.607100 0.338600
vt 0.610800 0.240200
vt 0.560300 0.327000
vt 0.843900 0.287200
vt 0.847700 0.204700
vt 0.711500 0.258600
vt 0.478300 0.666100
vt 0.660700 0.678700
vt 0.473100 0.577700
vt 0.771500 0.439800
vt 0.811800 0.349800
vt 0.756900 0.354600
vt 0.560300 0.327000
vt 0.610800 0.240200
vt 0.418900 0.289300
vt 0.278500 0.552700
vt 0.371700 0.623200
vt 0.403900 0.556900
vt 0.107000 0.606700
vt 0.021600 0.686000
vt 0.068400 0.815900
vt 0.660700 0.678700
vt 0.506500 0.708400
vt 0.594100 0.852400
vt 0.843500 0.603700
vt 0.752900 0.573200
vt 0.660700 0.678700
vt 0.687500 0.383100
vt 0.771500 0.439800
vt 0.756900 0.354600
vt 0.669200 0.032500
vt 0.501300 0.148600
vt 0.623100 0.216700
vt 0.847700 0.204700
vt 0.800600 0.109000
vt 0.711500 0.258600
vt 0.771500 0.439800
vt 0.892500 0.459200
vt 0.811800 0.349800
vt 0.198700 0.670300
vt 0.177500 0.863400
vt 0.270500 0.823600
vt 0.384500 0.702300
vt 0.363100 0.832300
vt 0.451500 0.711000
vt 0.403900 0.556900
vt 0.371700 0.623200
vt 0.443200 0.614200
vt 0.560300 0.327000
vt 0.474400 0.386000
vt 0.575100 0.427800
vt 0.725400 0.531900
vt 0.655900 0.492800
vt 0.662500 0.597600
vt 0.614800 0.501000
vt 0.474400 0.386000
vt 0.473100 0.577700
vt 0.278500 0.552700
vt 0.403900 0.556900
vt 0.187700 0.439200
vt 0.771500 0.439800
vt 0.785900 0.524000
vt 0.892500 0.459200
vt 0.725400 0.531900
vt 0.721800 0.457000
vt 0.655900 0.492800
vt 0.687500 0.383100
vt 0.666900 0.447700
vt 0.721800 0.457000
vt 0.633500 0.441200
vt 0.560300 0.327000
vt 0.575100 0.427800
vt 0.274400 0.717100
vt 0.270500 0.823600
vt 0.384500 0.702300
vt 0.278500 0.552700
vt 0.198700 0.670300
vt 0.371700 0.623200
vt 0.800600 0.109000
vt 0.623100 0.216700
vt 0.711500 0.258600
vt 0.718000 0.308500
vt 0.610800 0.240200
vt 0.607100 0.338600
vt 0.388400 0.876800
vt 0.277600 0.924800
vt 0.444800 0.976500
vt 0.363100 0.832300
vt 0.497600 0.843100
vt 0.506500 0.708400
vt 0.403900 0.556900
vt 0.418900 0.289300
vt 0.187700 0.439200
vt 0.501300 0.148600
vt 0.418900 0.289300
vt 0.610800 0.240200
vt 0.892500 0.459200
vt 0.950200 0.348600
vt 0.811800 0.349800
vt 0.720300 0.111200
vt 0.623100 0.216700
vt 0.800600 0.109000
vt 0.107000 0.606700
vt 0.061600 0.495800
vt 0.021600 0.686000
vt 0.655900 0.492800
vt 0.614800 0.501000
vt 0.662500 0.597600
vt 0.473100 0.577700
vt 0.660700 0.678700
vt 0.614800 0.501000
vt 0.506500 0.708400
vt 0.660700 0.678700
vt 0.478300 0.666100
vt 0.443200 0.614200
vt 0.371700 0.623200
vt 0.451500 0.711000
vt 0.687500 0.383100
vt 0.607100 0.338600
vt 0.666900 0.447700
vt 0.607100 0.338600
vt 0.687500 0.383100
vt 0.718000 0.308500
vt 0.061600 0.495800
vt 0.107000 0.606700
vt 0.278500 0.552700
vt 0.187700 0.439200
vt 0.061600 0.495800
vt 0.278500 0.552700
vt 0.721800 0.457000
vt 0.771500 0.439800
vt 0.687500 0.383100
vt 0.771500 0.439800
vt 0.721800 0.457000
vt 0.725400 0.531900
vt 0.811800 0.349800
vt 0.783500 0.289000
vt 0.756900 0.354600
vt 0.711500 0.258600
vt 0.783500 0.289000
vt 0.843900 0.287200
vt 0.473100 0.577700
vt 0.403900 0.556900
vt 0.443200 0.614200
vt 0.403900 0.556900
vt 0.473100 0.577700
vt 0.474400 0.386000
vt 0.388400 0.876800
vt 0.444800 0.976500
vt 0.497600 0.843100
vt 0.892500 0.459200
vt 0.785900 0.524000
vt 0.843500 0.603700
vt 0.274400 0.717100
vt 0.198700 0.670300
vt 0.270500 0.823600
vt 0.371700 0.623200
vt 0.198700 0.670300
vt 0.274400 0.717100
vt 0.277600 0.924800
vt 0.270500 0.823600
vt 0.177500 0.863400
vt 0.932300 0.253800
vt 0.843900 0.287200
vt 0.950200 0.348600
vt 0.655900 0.492800
vt 0.633500 0.441200
vt 0.614800 0.501000
vt 0.721800 0.457000
vt 0.666900 0.447700
vt 0.655900 0.492800
vt 0.363100 0.832300
vt 0.384500 0.702300
vt 0.270500 0.823600
vt 0.270500 0.823600
vt 0.277600 0.924800
vt 0.388400 0.876800
vt 0.711500 0.258600
vt 0.623100 0.216700
vt 0.718000 0.308500
vt 0.783500 0.289000
vt 0.711500 0.258600
vt 0.718000 0.308500
vt 0.242600 0.286000
vt 0.061600 0.495800
vt 0.187700 0.439200
vt 0.418900 0.289300
vt 0.242600 0.286000
vt 0.187700 0.439200
vt 0.785900 0.524000
vt 0.752900 0.573200
vt 0.843500 0.603700
vt 0.785900 0.524000
vt 0.771500 0.439800
vt 0.725400 0.531900
vt 0.811800 0.349800
vt 0.950200 0.348600
vt 0.843900 0.287200
vt 0.843900 0.287200
vt 0.783500 0.289000
vt 0.811800 0.349800
vt 0.506500 0.708400
vt 0.451500 0.711000
vt 0.363100 0.832300
vt 0.506500 0.708400
vt 0.478300 0.666100
vt 0.451500 0.711000
vt 0.403900 0.556900
vt 0.474400 0.386000
vt 0.418900 0.289300
vt 0.474400 0.386000
vt 0.560300 0.327000
vt 0.418900 0.289300
vt 0.575100 0.427800
vt 0.614800 0.501000
vt 0.633500 0.441200
vt 0.575100 0.427800
vt 0.474400 0.386000
vt 0.614800 0.501000
vt 0.623100 0.216700
vt 0.720300 0.111200
vt 0.669200 0.032500
vt 0.800600 0.109000
vt 0.669200 0.032500
vt 0.720300 0.111200
vt 0.610800 0.240200
vt 0.718000 0.308500
vt 0.623100 0.216700
vt 0.610800 0.240200
vt 0.623100 0.216700
vt 0.501300 0.148600
vt 0.278500 0.552700
vt 0.107000 0.606700
vt 0.198700 0.670300
vt 0.198700 0.670300
vt 0.107000 0.606700
vt 0.068400 0.815900
vt 0.443200 0.614200
vt 0.478300 0.666100
vt 0.473100 0.577700
vt 0.478300 0.666100
vt 0.443200 0.614200
vt 0.451500 0.711000
vt 0.932300 0.253800
vt 0.847700 0.204700
vt 0.843900 0.287200
vt 0.177500 0.863400
vt 0.198700 0.670300
vt 0.068400 0.815900
vt 0.451500 0.711000
vt 0.371700 0.623200
vt 0.384500 0.702300
vt 0.384500 0.702300
vt 0.371700 0.623200
vt 0.274400 0.717100
vt 0.633500 0.441200
vt 0.655900 0.492800
vt 0.666900 0.447700
vt 0.666900 0.447700
vt 0.607100 0.338600
vt 0.633500 0.441200
vt 0.388400 0.876800
vt 0.363100 0.832300
vt 0.270500 0.823600
vt 0.497600 0.843100
vt 0.363100 0.832300
vt 0.388400 0.876800
vt 0.444800 0.976500
vt 0.594100 0.852400
vt 0.497600 0.843100
vt 0.497600 0.843100
vt 0.594100 0.852400
vt 0.506500 0.708400
vt 0.662500 0.597600
vt 0.660700 0.678700
vt 0.752900 0.573200
vt 0.660700 0.678700
vt 0.662500 0.597600
vt 0.614800 0.501000
vt 0.725400 0.531900
vt 0.752900 0.573200
vt 0.785900 0.524000
vt 0.725400 0.531900
vt 0.662500 0.597600
vt 0.752900 0.573200
vt 0.756900 0.354600
vt 0.783500 0.289000
vt 0.718000 0.308500
vt 0.687500 0.383100
vt 0.756900 0.354600
vt 0.718000 0.308500
vt 0.633500 0.441200
vt 0.607100 0.338600
vt 0.560300 0.327000
vt 0.607100 0.338600
vt 0.610800 0.240200
vt 0.560300 0.327000
vt 0.843900 0.287200
vt 0.847700 0.204700
vt 0.711500 0.258600
vt 0.478300 0.666100
vt 0.660700 0.678700
vt 0.473100 0.577700
vt 0.771500 0.439800
vt 0.811800 0.349800
vt 0.756900 0.354600
vt 0.560300 0.327000
vt 0.610800 0.240200
vt 0.418900 0.289300
vt 0.278500 0.552700
vt 0.371700 0.623200
vt 0.403900 0.556900
vt 0.107000 0.606700
vt 0.021600 0.686000
vt 0.068400 0.815900
vt 0.660700 0.678700
vt 0.506500 0.708400
vt 0.594100 0.852400
vt 0.843500 0.603700
vt 0.752900 0.573200
vt 0.660700 0.678700
vt 0.687500 0.383100
vt 0.771500 0.439800
vt 0.756900 0.354600
vt 0.669200 0.032500
vt 0.501300 0.148600
vt 0.623100 0.216700
vt 0.847700 0.204700
vt 0.800600 0.109000
vt 0.711500 0.258600
vt 0.771500 0.439800
vt 0.892500 0.459200
vt 0.811800 0.349800
vt 0.198700 0.670300
vt 0.177500 0.863400
vt 0.270500 0.823600
vt 0.384500 0.702300
vt 0.363100 0.832300
vt 0.451500 0.711000
vt 0.403900 0.556900
vt 0.371700 0.623200
vt 0.443200 0.614200
vt 0.560300 0.327000
vt 0.474400 0.386000
vt 0.575100 0.427800
vt 0.725400 0.531900
vt 0.655900 0.492800
vt 0.662500 0.597600
vt 0.614800 0.501000
vt 0.474400 0.386000
vt 0.473100 0.577700
vt 0.278500 0.552700
vt 0.403900 0.556900
vt 0.187700 0.439200
vt 0.771500 0.439800
vt 0.785900 0.524000
vt 0.892500 0.459200
vt 0.725400 0.531900
vt 0.721800 0.457000
vt 0.655900 0.492800
vt 0.687500 0.383100
vt 0.666900 0.447700
vt 0.721800 0.457000
vt 0.633500 0.441200
vt 0.560300 0.327000
vt 0.575100 0.427800
vt 0.274400 0.717100
vt 0.270500 0.823600
vt 0.384500 0.702300
vt 0.278500 0.552700
vt 0.198700 0.670300
vt 0.371700 0.623200
vt 0.800600 0.109000
vt 0.623100 0.216700
vt 0.711500 0.258600
vt 0.718000 0.308500
vt 0.610800 0.240200
vt 0.607100 0.338600
vt 0.388400 0.876800
vt 0.277600 0.924800
vt 0.444800 0.976500
vt 0.363100 0.832300
vt 0.497600 0.843100
vt 0.506500 0.708400
vt 0.403900 0.556900
vt 0.418900 0.289300
vt 0.187700 0.439200
vt 0.501300 0.148600
vt 0.418900 0.289300
vt 0.610800 0.240200
vt 0.892500 0.459200
vt 0.950200 0.348600
vt 0.811800 0.349800
vt 0.720300 0.111200
vt 0.623100 0.216700
vt 0.800600 0.109000
vt 0.107000 0.606700
vt 0.061600 0.495800
vt 0.021600 0.686000
vt 0.655900 0.492800
vt 0.614800 0.501000
vt 0.662500 0.597600
vt 0.473100 0.577700
vt 0.660700 0.678700
vt 0.614800 0.501000
vt 0.506500 0.708400
vt 0.660700 0.678700
vt 0.478300 0.666100
vt 0.443200 0.614200
vt 0.371700 0.623200
vt 0.451500 0.711000
vt 0.687500 0.383100
vt 0.607100 0.338600
vt 0.666900 0.447700
vt 0.607100 0.338600
vt 0.687500 0.383100
vt 0.718000 0.308500
vt 0.061600 0.495800
vt 0.107000 0.606700
vt 0.278500 0.552700
vt 0.187700 0.439200
vt 0.061600 0.495800
vt 0.278500 0.552700
vt 0.721800 0.457000
vt 0.771500 0.439800
vt 0.687500 0.383100
vt 0.771500 0.439800
vt 0.721800 0.457000
vt 0.725400 0.531900
vt 0.811800 0.349800
vt 0.783500 0.289000
vt 0.756900 0.354600
vt 0.711500 0.258600
vt 0.783500 0.289000
vt 0.843900 0.287200
vt 0.473100 0.577700
vt 0.403900 0.556900
vt 0.443200 0.614200
vt 0.403900 0.556900
vt 0.473100 0.577700
vt 0.474400 0.386000
vt 0.388400 0.876800
vt 0.444800 0.976500
vt 0.497600 0.843100
vt 0.892500 0.459200
vt 0.785900 0.524000
vt 0.843500 0.603700
vt 0.274400 0.717100
vt 0.198700 0.670300
vt 0.270500 0.823600
vt 0.371700 0.623200
vt 0.198700 0.670300
vt 0.274400 0.717100
vt 0.277600 0.924800
vt 0.270500 0.823600
vt 0.177500 0.863400
vt 0.932300 0.253800
vt 0.843900 0.287200
vt 0.950200 0.348600
vt 0.655900 0.492800
vt 0.633500 0.441200
vt 0.614800 0.501000
vt 0.721800 0.457000
vt 0.666900 0.447700
vt 0.655900 0.492800
vt 0.363100 0.832300
vt 0.384500 0.702300
vt 0.270500 0.823600
vt 0.270500 0.823600
vt 0.277600 0.924800
vt 0.388400 0.876800
vt 0.711500 0.258600
vt 0.623100 0.216700
vt 0.718000 0.308500
vt 0.783500 0.289000
vt 0.711500 0.258600
vt 0.718000 0.308500
vt 0.242600 0.286000
vt 0.061600 0.495800
vt 0.187700 0.439200
vt 0.418900 0.289300
vt 0.242600 0.286000
vt 0.187700 0.439200
vt 0.785900 0.524000
vt 0.752900 0.573200
vt 0.843500 0.603700
vt 0.785900 0.524000
vt 0.771500 0.439800
vt 0.725400 0.531900
vt 0.811800 0.349800
vt 0.950200 0.348600
vt 0.843900 0.287200
vt 0.843900 0.287200
vt 0.783500 0.289000
vt 0.811800 0.349800
vt 0.506500 0.708400
vt 0.451500 0.711000
vt 0.363100 0.832300
vt 0.506500 0.708400
vt 0.478300 0.666100
vt 0.451500 0.711000
vt 0.403900 0.556900
vt 0.474400 0.386000
vt 0.418900 0.289300
vt 0.474400 0.386000
vt 0.560300 0.327000
vt 0.418900 0.289300
vt 0.575100 0.427800
vt 0.614800 0.501000
vt 0.633500 0.441200
vt 0.575100 0.427800
vt 0.474400 0.386000
vt 0.614800 0.501000
vt 0.623100 0.216700
vt 0.720300 0.111200
vt 0.669200 0.032500
vt 0.800600 0.109000
vt 0.669200 0.032500
vt 0.720300 0.111200
vt 0.610800 0.240200
vt 0.718000 0.308500
vt 0.623100 0.216700
vt 0.610800 0.240200
vt 0.623100 0.216700
vt 0.501300 0.148600
vt 0.278500 0.552700
vt 0.107000 0.606700
vt 0.198700 0.670300
vt 0.198700 0.670300
vt 0.107000 0.606700
vt 0.068400 0.815900
vt 0.443200 0.614200
vt 0.478300 0.666100
vt 0.473100 0.577700
vt 0.478300 0.666100
vt 0.443200 0.614200
vt 0.451500 0.711000
vt 0.932300 0.253800
vt 0.847700 0.204700
vt 0.843900 0.287200
vt 0.177500 0.863400
vt 0.198700 0.670300
vt 0.068400 0.815900
vt 0.451500 0.711000
vt 0.371700 0.623200
vt 0.384500 0.702300
vt 0.384500 0.702300
vt 0.371700 0.623200
vt 0.274400 0.717100
vt 0.633500 0.441200
vt 0.655900 0.492800
vt 0.666900 0.447700
vt 0.666900 0.447700
vt 0.607100 0.338600
vt 0.633500 0.441200
vt 0.388400 0.876800
vt 0.363100 0.832300
vt 0.270500 0.823600
vt 0.497600 0.843100
vt 0.363100 0.832300
vt 0.388400 0.876800
vt 0.444800 0.976500
vt 0.594100 0.852400
vt 0.497600 0.843100
vt 0.497600 0.843100
vt 0.594100 0.852400
vt 0.506500 0.708400
vt 0.662500 0.597600
vt 0.660700 0.678700
vt 0.752900 0.573200
vt 0.660700 0.678700
vt 0.662500 0.597600
vt 0.614800 0.501000
vt 0.725400 0.531900
vt 0.752900 0.573200
vt 0.785900 0.524000
vt 0.725400 0.531900
vt 0.662500 0.597600
vt 0.752900 0.573200
vt 0.756900 0.354600
vt 0.783500 0.289000
vt 0.718000 0.308500
vt 0.687500 0.383100
vt 0.756900 0.354600
vt 0.718000 0.308500
vt 0.633500 0.441200
vt 0.607100 0.338600
vt 0.560300 0.327000
vt 0.607100 0.338600
vt 0.610800 0.240200
vt 0.560300 0.327000
vt 0.843900 0.287200
vt 0.847700 0.204700
vt 0.711500 0.258600
vt 0.478300 0.666100
vt 0.660700 0.678700
vt 0.473100 0.577700
vt 0.771500 0.439800
vt 0.811800 0.349800
vt 0.756900 0.354600
vt 0.560300 0.327000
vt 0.610800 0.240200
vt 0.418900 0.289300
vt 0.278500 0.552700
vt 0.371700 0.623200
vt 0.403900 0.556900
vt 0.107000 0.606700
vt 0.021600 0.686000
vt 0.068400 0.815900
vt 0.660700 0.678700
vt 0.506500 0.708400
vt 0.594100 0.852400
vt 0.843500 0.603700
vt 0.752900 0.573200
vt 0.660700 0.678700
vt 0.687500 0.383100
vt 0.771500 0.439800
vt 0.756900 0.354600
vt 0.669200 0.032500
vt 0.501300 0.148600
vt 0.623100 0.216700
vt 0.847700 0.204700
vt 0.800600 0.109000
vt 0.711500 0.258600
vt 0.771500 0.439800
vt 0.892500 0.459200
vt 0.811800 0.349800
vt 0.198700 0.670300
vt 0.177500 0.863400
vt 0.270500 0.823600
vt 0.384500 0.702300
vt 0.363100 0.832300
vt 0.451500 0.711000
vt 0.403900 0.556900
vt 0.371700 0.623200
vt 0.443200 0.614200
vt 0.560300 0.327000
vt 0.474400 0.386000
vt 0.575100 0.427800
vt 0.725400 0.531900
vt 0.655900 0.492800
vt 0.662500 0.597600
vt 0.614800 0.501000
vt 0.474400 0.386000
vt 0.473100 0.577700
vt 0.278500 0.552700
vt 0.403900 0.556900
vt 0.187700 0.439200
vt 0.771500 0.439800
vt 0.785900 0.524000
vt 0.892500 0.459200
vt 0.725400 0.531900
vt 0.721800 0.457000
vt 0.655900 0.492800
vt 0.687500 0.383100
vt 0.666900 0.447700
vt 0.721800 0.457000
vt 0.633500 0.441200
vt 0.560300 0.327000
vt 0.575100 0.427800
vt 0.274400 0.717100
vt 0.270500 0.823600
vt 0.384500 0.702300
vt 0.278500 0.552700
vt 0.198700 0.670300
vt 0.371700 0.623200
vt 0.800600 0.109000
vt 0.623100 0.216700
vt 0.711500 0.258600
vt 0.718000 0.308500
vt 0.610800 0.240200
vt 0.607100 0.338600
vt 0.388400 0.876800
vt 0.277600 0.924800
vt 0.444800 0.976500
vt 0.363100 0.832300
vt 0.497600 0.843100
vt 0.506500 0.708400
vt 0.403900 0.556900
vt 0.418900 0.289300
vt 0.187700 0.439200
vt 0.501300 0.148600
vt 0.418900 0.289300
vt 0.610800 0.240200
vt 0.892500 0.459200
vt 0.950200 0.348600
vt 0.811800 0.349800
vt 0.720300 0.111200
vt 0.623100 0.216700
vt 0.800600 0.109000
vt 0.107000 0.606700
vt 0.061600 0.495800
vt 0.021600 0.686000
vt 0.655900 0.492800
vt 0.614800 0.501000
vt 0.662500 0.597600
vt 0.473100 0.577700
vt 0.660700 0.678700
vt 0.614800 0.501000
vt 0.506500 0.708400
vt 0.660700 0.678700
vt 0.478300 0.666100
vt 0.443200 0.614200
vt 0.371700 0.623200
vt 0.451500 0.711000
vt 0.687500 0.383100
vt 0.607100 0.338600
vt 0.666900 0.447700
vt 0.607100 0.338600
vt 0.687500 0.383100
vt 0.718000 0.308500
vt 0.061600 0.495800
vt 0.107000 0.606700
vt 0.278500 0.552700
vt 0.187700 0.439200
vt 0.061600 0.495800
vt 0.278500 0.552700
vt 0.721800 0.457000
vt 0.771500 0.439800
vt 0.687500 0.383100
vt 0.771500 0.439800
vt 0.721800 0.457000
vt 0.725400 0.531900
vt 0.811800 0.349800
vt 0.783500 0.289000
vt 0.756900 0.354600
vt 0.711500 0.258600
vt 0.783500 0.289000
vt 0.843900 0.287200
vt 0.473100 0.577700
vt 0.403900 0.556900
vt 0.443200 0.614200
vt 0.403900 0.556900
vt 0.473100 0.577700
vt 0.474400 0.386000
vt 0.388400 0.876800
vt 0.444800 0.976500
vt 0.497600 0.843100
vt 0.892500 0.459200
vt 0.785900 0.524000
vt 0.843500 0.603700
vt 0.274400 0.717100
vt 0.198700 0.670300
vt 0.270500 0.823600
vt 0.371700 0.623200
vt 0.198700 0.670300
vt 0.274400 0.717100
vt 0.277600 0.924800
vt 0.270500 0.823600
vt 0.177500 0.863400
vt 0.932300 0.253800
vt 0.843900 0.287200
vt 0.950200 0.348600
vt 0.655900 0.492800
vt 0.633500 0.441200
vt 0.614800 0.501000
vt 0.721800 0.457000
vt 0.666900 0.447700
vt 0.655900 0.492800
vt 0.363100 0.832300
vt 0.384500 0.702300
vt 0.270500 0.823600
vt 0.270500 0.823600
vt 0.277600 0.924800
vt 0.388400 0.876800
vt 0.711500 0.258600
vt 0.623100 0.216700
vt 0.718000 0.308500
vt 0.783500 0.289000
vt 0.711500 0.258600
vt 0.718000 0.308500
vt 0.242600 0.286000
vt 0.061600 0.495800
vt 0.187700 0.439200
vt 0.418900 0.289300
vt 0.242600 0.286000
vt 0.187700 0.439200
vt 0.785900 0.524000
vt 0.752900 0.573200
vt 0.843500 0.603700
vt 0.785900 0.524000
vt 0.771500 0.439800
vt 0.725400 0.531900
vt 0.811800 0.349800
vt 0.950200 0.348600
vt 0.843900 0.287200
vt 0.843900 0.287200
vt 0.783500 0.289000
vt 0.811800 0.349800
vt 0.506500 0.708400
vt 0.451500 0.711000
vt 0.363100 0.832300
vt 0.506500 0.708400
vt 0.478300 0.666100
vt 0.451500 0.711000
vt 0.403900 0.556900
vt 0.474400 0.386000
vt 0.418900 0.289300
vt 0.474400 0.386000
vt 0.560300 0.327000
vt 0.418900 0.289300
vt 0.575100 0.427800
vt 0.614800 0.501000
vt 0.633500 0.441200
vt 0.575100 0.427800
vt 0.474400 0.386000
vt 0.614800 0.501000
vt 0.623100 0.216700
vt 0.720300 0.111200
vt 0.669200 0.032500
vt 0.800600 0.109000
vt 0.669200 0.032500
vt 0.720300 0.111200
vt 0.610800 0.240200
vt 0.718000 0.308500
vt 0.623100 0.216700
vt 0.610800 0.240200
vt 0.623100 0.216700
vt 0.501300 0.148600
vt 0.278500 0.552700
vt 0.107000 0.606700
vt 0.198700 0.670300
vt 0.198700 0.670300
vt 0.107000 0.606700
vt 0.068400 0.815900
vt 0.443200 0.614200
vt 0.478300 0.666100
vt 0.473100 0.577700
vt 0.478300 0.666100
vt 0.443200 0.614200
vt 0.451500 0.711000
vt 0.932300 0.253800
vt 0.847700 0.204700
vt 0.843900 0.287200
vt 0.177500 0.863400
vt 0.198700 0.670300
vt 0.068400 0.815900
vt 0.451500 0.711000
vt 0.371700 0.623200
vt 0.384500 0.702300
vt 0.384500 0.702300
vt 0.371700 0.623200
vt 0.274400 0.717100
vt 0.633500 0.441200
vt 0.655900 0.492800
vt 0.666900 0.447700
vt 0.666900 0.447700
vt 0.607100 0.338600
vt 0.633500 0.441200
vt 0.388400 0.876800
vt 0.363100 0.832300
vt 0.270500 0.823600
vt 0.497600 0.843100
vt 0.363100 0.832300
vt 0.388400 0.876800
vt 0.444800 0.976500
vt 0.594100 0.852400
vt 0.497600 0.843100
vt 0.497600 0.843100
vt 0.594100 0.852400
vt 0.506500 0.708400
vt 0.662500 0.597600
vt 0.660700 0.678700
vt 0.752900 0.573200
vt 0.660700 0.678700
vt 0.662500 0.597600
vt 0.614800 0.501000
vt 0.725400 0.531900
vt 0.752900 0.573200
vt 0.785900 0.524000
vt 0.725400 0.531900
vt 0.662500 0.597600
vt 0.752900 0.573200
vt 0.756900 0.354600
vt 0.783500 0.289000
vt 0.718000 0.308500
vt 0.687500 0.383100
vt 0.756900 0.354600
vt 0.718000 0.308500
vt 0.633500 0.441200
vt 0.607100 0.338600
vt 0.560300 0.327000
vt 0.607100 0.338600
vt 0.610800 0.240200
vt 0.560300 0.327000
vt 0.843900 0.287200
vt 0.847700 0.204700
vt 0.711500 0.258600
vt 0.478300 0.666100
vt 0.660700 0.678700
vt 0.473100 0.577700
vt 0.771500 0.439800
vt 0.811800 0.349800
vt 0.756900 0.354600
vt 0.560300 0.327000
vt 0.610800 0.240200
vt 0.418900 0.289300
vt 0.278500 0.552700
vt 0.371700 0.623200
vt 0.403900 0.556900
vt 0.107000 0.606700
vt 0.021600 0.686000
vt 0.068400 0.815900
vt 0.660700 0.678700
vt 0.506500 0.708400
vt 0.594100 0.852400
vt 0.843500 0.603700
vt 0.752900 0.573200
vt 0.660700 0.678700
vt 0.687500 0.383100
vt 0.771500 0.439800
vt 0.756900 0.354600
vt 0.669200 0.032500
vt 0.501300 0.148600
vt 0.623100 0.216700
vt 0.847700 0.204700
vt 0.800600 0.109000
vt 0.711500 0.258600
vt 0.771500 0.439800
vt 0.892500 0.459200
vt 0.811800 0.349800
vt 0.198700 0.670300
vt 0.177500 0.863400
vt 0.270500 0.823600
vt 0.384500 0.702300
vt 0.363100 0.832300
vt 0.451500 0.711000
vt 0.403900 0.556900
vt 0.371700 0.623200
vt 0.443200 0.614200
vt 0.560300 0.327000
vt 0.474400 0.386000
vt 0.575100 0.427800
vt 0.725400 0.531900
vt 0.655900 0.492800
vt 0.662500 0.597600
vt 0.614800 0.501000
vt 0.474400 0.386000
vt 0.473100 0.577700
vt 0.278500 0.552700
vt 0.403900 0.556900
vt 0.187700 0.439200
vt 0.771500 0.439800
vt 0.785900 0.524000
vt 0.892500 0.459200
vt 0.725400 0.531900
vt 0.721800 0.457000
vt 0.655900 0.492800
vt 0.687500 0.383100
vt 0.666900 0.447700
vt 0.721800 0.457000
vt 0.633500 0.441200
vt 0.560300 0.327000
vt 0.575100 0.427800
vt 0.274400 0.717100
vt 0.270500 0.823600
vt 0.384500 0.702300
vt 0.278500 0.552700
vt 0.198700 0.670300
vt 0.371700 0.623200
vt 0.800600 0.109000
vt 0.623100 0.216700
vt 0.711500 0.258600
vt 0.718000 0.308500
vt 0.610800 0.240200
vt 0.607100 0.338600
vt 0.388400 0.876800
vt 0.277600 0.924800
vt 0.444800 0.976500
vt 0.363100 0.832300
vt 0.497600 0.843100
vt 0.506500 0.708400
vt 0.403900 0.556900
vt 0.418900 0.289300
vt 0.187700 0.439200
vt 0.501300 0.148600
vt 0.418900 0.289300
vt 0.610800 0.240200
vt 0.892500 0.459200
vt 0.950200 0.348600
vt 0.811800 0.349800
vt 0.720300 0.111200
vt 0.623100 0.216700
vt 0.800600 0.109000
vt 0.107000 0.606700
vt 0.061600 0.495800
vt 0.021600 0.686000
vt 0.655900 0.492800
vt 0.614800 0.501000
vt 0.662500 0.597600
vt 0.473100 0.577700
vt 0.660700 0.678700
vt 0.614800 0.501000
vt 0.506500 0.708400
vt 0.660700 0.678700
vt 0.478300 0.666100
vt 0.443200 0.614200
vt 0.371700 0.623200
vt 0.451500 0.711000
vt 0.687500 0.383100
vt 0.607100 0.338600
vt 0.666900 0.447700
vt 0.607100 0.338600
vt 0.687500 0.383100
vt 0.718000 0.308500
vt 0.061600 0.495800
vt 0.107000 0.606700
vt 0.278500 0.552700
vt 0.187700 0.439200
vt 0.061600 0.495800
vt 0.278500 0.552700
vt 0.721800 0.457000
vt 0.771500 0.439800
vt 0.687500 0.383100
vt 0.771500 0.439800
vt 0.721800 0.457000
vt 0.725400 0.531900
vt 0.811800 0.349800
vt 0.783500 0.289000
vt 0.756900 0.354600
vt 0.711500 0.258600
vt 0.783500 0.289000
vt 0.843900 0.287200
vt 0.473100 0.577700
vt 0.403900 0.556900
vt 0.443200 0.614200
vt 0.403900 0.556900
vt 0.473100 0.577700
vt 0.474400 0.386000
vt 0.388400 0.876800
vt 0.444800 0.976500
vt 0.497600 0.843100
vt 0.892500 0.459200
vt 0.785900 0.524000
vt 0.843500 0.603700
vt 0.274400 0.717100
vt 0.198700 0.670300
vt 0.270500 0.823600
vt 0.371700 0.623200
vt 0.198700 0.670300
vt 0.274400 0.717100
vt 0.277600 0.924800
vt 0.270500 0.823600
vt 0.177500 0.863400
vt 0.932300 0.253800
vt 0.843900 0.287200
vt 0.950200 0.348600
vt 0.655900 0.492800
vt 0.633500 0.441200
vt 0.614800 0.501000
vt 0.721800 0.457000
vt 0.666900 0.447700
vt 0.655900 0.492800
vt 0.363100 0.832300
vt 0.384500 0.702300
vt 0.270500 0.823600
vt 0.270500 0.823600
vt 0.277600 0.924800
vt 0.388400 0.876800
vt 0.711500 0.258600
vt 0.623100 0.216700
vt 0.718000 0.308500
vt 0.783500 0.289000
vt 0.711500 0.258600
vt 0.718000 0.308500
vt 0.242600 0.286000
vt 0.061600 0.495800
vt 0.187700 0.439200
vt 0.418900 0.289300
vt 0.242600 0.286000
vt 0.187700 0.439200
vt 0.785900 0.524000
vt 0.752900 0.573200
vt 0.843500 0.603700
vt 0.785900 0.524000
vt 0.771500 0.439800
vt 0.725400 0.531900
vt 0.811800 0.349800
vt 0.950200 0.348600
vt 0.843900 0.287200
vt 0.843900 0.287200
vt 0.783500 0.289000
vt 0.811800 0.349800
vt 0.506500 0.708400
vt 0.451500 0.711000
vt 0.363100 0.832300
vt 0.506500 0.708400
vt 0.478300 0.666100
vt 0.451500 0.711000
vt 0.403900 0.556900
vt 0.474400 0.386000
vt 0.418900 0.289300
vt 0.474400 0.386000
vt 0.560300 0.327000
vt 0.418900 0.289300
vt 0.575100 0.427800
vt 0.614800 0.501000
vt 0.633500 0.441200
vt 0.575100 0.427800
vt 0.474400 0.386000
vt 0.614800 0.501000
vt 0.623100 0.216700
vt 0.720300 0.111200
vt 0.669200 0.032500
vt 0.800600 0.109000
vt 0.669200 0.032500
vt 0.720300 0.111200
vt 0.610800 0.240200
vt 0.718000 0.308500
vt 0.623100 0.216700
vt 0.610800 0.240200
vt 0.623100 0.216700
vt 0.501300 0.148600
vt 0.278500 0.552700
vt 0.107000 0.606700
vt 0.198700 0.670300
vt 0.198700 0.670300
vt 0.107000 0.606700
vt 0.068400 0.815900
vt 0.443200 0.614200
vt 0.478300 0.666100
vt 0.473100 0.577700
vt 0.478300 0.666100
vt 0.443200 0.614200
vt 0.451500 0.711000
vt 0.932300 0.253800
vt 0.847700 0.204700
vt 0.843900 0.287200
vt 0.177500 0.863400
vt 0.198700 0.670300
vt 0.068400 0.815900
vt 0.451500 0.711000
vt 0.371700 0.623200
vt 0.384500 0.702300
vt 0.384500 0.702300
vt 0.371700 0.623200
vt 0.274400 0.717100
vt 0.633500 0.441200
vt 0.655900 0.492800
vt 0.666900 0.447700
vt 0.666900 0.447700
vt 0.607100 0.338600
vt 0.633500 0.441200
vt 0.388400 0.876800
vt 0.363100 0.832300
vt 0.270500 0.823600
vt 0.497600 0.843100
vt 0.363100 0.832300
vt 0.388400 0.876800
vt 0.444800 0.976500
vt 0.594100 0.852400
vt 0.497600 0.843100
vt 0.497600 0.843100
vt 0.594100 0.852400
vt 0.506500 0.708400
vt 0.662500 0.597600
vt 0.660700 0.678700
vt 0.752900 0.573200
vt 0.660700 0.678700
vt 0.662500 0.597600
vt 0.614800 0.501000
vt 0.725400 0.531900
vt 0.752900 0.573200
vt 0.785900 0.524000
vt 0.725400 0.531900
vt 0.662500 0.597600
vt 0.752900 0.573200
vt 0.756900 0.354600
vt 0.783500 0.289000
vt 0.718000 0.308500
vt 0.687500 0.383100
vt 0.756900 0.354600
vt 0.718000 0.308500
vt 0.633500 0.441200
vt 0.607100 0.338600
vt 0.560300 0.327000
vt 0.607100 0.338600
vt 0.610800 0.240200
vt 0.560300 0.327000
vt 0.843900 0.287200
vt 0.847700 0.204700
vt 0.711500 0.258600
vt 0.478300 0.666100
vt 0.660700 0.678700
vt 0.473100 0.577700
vt 0.771500 0.439800
vt 0.811800 0.349800
vt 0.756900 0.354600
vt 0.560300 0.327000
vt 0.610800 0.240200
vt 0.418900 0.289300
vt 0.278500 0.552700
vt 0.371700 0.623200
vt 0.403900 0.556900
vt 0.107000 0.606700
vt 0.021600 0.686000
vt 0.068400 0.815900
vt 0.660700 0.678700
vt 0.506500 0.708400
vt 0.594100 0.852400
vt 0.843500 0.603700
vt 0.752900 0.573200
vt 0.660700 0.678700
vt 0.687500 0.383100
vt 0.771500 0.439800
vt 0.756900 0.354600
vt 0.669200 0.032500
vt 0.501300 0.148600
vt 0.623100 0.216700
vt 0.847700 0.204700
vt 0.800600 0.109000
vt 0.711500 0.258600
vt 0.771500 0.439800
vt 0.892500 0.459200
vt 0.811800 0.349800
vt 0.198700 0.670300
vt 0.177500 0.863400
vt 0.270500 0.823600
vt 0.384500 0.702300
vt 0.363100 0.832300
vt 0.451500 0.711000
vt 0.403900 0.556900
vt 0.371700 0.623200
vt 0.443200 0.614200
vt 0.560300 0.327000
vt 0.474400 0.386000
vt 0.575100 0.427800
vt 0.725400 0.531900
vt 0.655900 0.492800
vt 0.662500 0.597600
vt 0.614800 0.501000
vt 0.474400 0.386000
vt 0.473100 0.577700
vt 0.278500 0.552700
vt 0.403900 0.556900
vt 0.187700 0.439200
vt 0.771500 0.439800
vt 0.785900 0.524000
vt 0.892500 0.459200
vt 0.725400 0.531900
vt 0.721800 0.457000
vt 0.655900 0.492800
vt 0.687500 0.383100
vt 0.666900 0.447700
vt 0.721800 0.457000
vt 0.633500 0.441200
vt 0.560300 0.327000
vt 0.575100 0.427800
vt 0.274400 0.717100
vt 0.270500 0.823600
vt 0.384500 0.702300
vt 0.278500 0.552700
vt 0.198700 0.670300
vt 0.371700 0.623200
vt 0.800600 0.109000
vt 0.623100 0.216700
vt 0.711500 0.258600
vt 0.718000 0.308500
vt 0.610800 0.240200
vt 0.607100 0.338600
vt 0.388400 0.876800
vt 0.277600 0.924800
vt 0.444800 0.976500
vt 0.363100 0.832300
vt 0.497600 0.843100
vt 0.506500 0.708400
vt 0.403900 0.556900
vt 0.418900 0.289300
vt 0.187700 0.439200
vt 0.501300 0.148600
vt 0.418900 0.289300
vt 0.610800 0.240200
vt 0.892500 0.459200
vt 0.950200 0.348600
vt 0.811800 0.349800
vt 0.720300 0.111200
vt 0.623100 0.216700
vt 0.800600 0.109000
vt 0.107000 0.606700
vt 0.061600 0.495800
vt 0.021600 0.686000
vt 0.655900 0.492800
vt 0.614800 0.501000
vt 0.662500 0.597600
vt 0.473100 0.577700
vt 0.660700 0.678700
vt 0.614800 0.501000
vt 0.506500 0.708400
vt 0.660700 0.678700
vt 0.478300 0.666100
vt 0.443200 0.614200
vt 0.371700 0.623200
vt 0.451500 0.711000
vt 0.687500 0.383100
vt 0.607100 0.338600
vt 0.666900 0.447700
vt 0.607100 0.338600
vt 0.687500 0.383100
vt 0.718000 0.308500
vt 0.061600 0.495800
vt 0.107000 0.606700
vt 0.278500 0.552700
vt 0.187700 0.439200
vt 0.061600 0.495800
vt 0.278500 0.552700
vt 0.721800 0.457000
vt 0.771500 0.439800
vt 0.687500 0.383100
vt 0.771500 0.439800
vt 0.721800 0.457000
vt 0.725400 0.531900
vt 0.811800 0.349800
vt 0.783500 0.289000
vt 0.756900 0.354600
vt 0.711500 0.258600
vt 0.783500 0.289000
vt 0.843900 0.287200
vt 0.473100 0.577700
vt 0.403900 0.556900
vt 0.443200 0.614200
vt 0.403900 0.556900
vt 0.473100 0.577700
vt 0.474400 0.386000
vt 0.388400 0.876800
vt 0.444800 0.976500
vt 0.497600 0.843100
vt 0.892500 0.459200
vt 0.785900 0.524000
vt 0.843500 0.603700
vt 0.274400 0.717100
vt 0.198700 0.670300
vt 0.270500 0.823600
vt 0.371700 0.623200
vt 0.198700 0.670300
vt 0.274400 0.717100
vt 0.277600 0.924800
vt 0.270500 0.823600
vt 0.177500 0.863400
vt 0.932300 0.253800
vt 0.843900 0.287200
vt 0.950200 0.348600
vt 0.655900 0.492800
vt 0.633500 0.441200
vt 0.614800 0.501000
vt 0.721800 0.457000
vt 0.666900 0.447700
vt 0.655900 0.492800
vt 0.363100 0.832300
vt 0.384500 0.702300
vt 0.270500 0.823600
vt 0.270500 0.823600
vt 0.277600 0.924800
vt 0.388400 0.876800
vt 0.711500 0.258600
vt 0.623100 0.216700
vt 0.718000 0.308500
vt 0.783500 0.289000
vt 0.711500 0.258600
vt 0.718000 0.308500
vt 0.242600 0.286000
vt 0.061600 0.495800
vt 0.187700 0.439200
vt 0.418900 0.289300
vt 0.242600 0.286000
vt 0.187700 0.439200
vt 0.785900 0.524000
vt 0.752900 0.573200
vt 0.843500 0.603700
vt 0.785900 0.524000
vt 0.771500 0.439800
vt 0.725400 0.531900
vt 0.811800 0.349800
vt 0.950200 0.348600
vt 0.843900 0.287200
vt 0.843900 0.287200
vt 0.783500 0.289000
vt 0.811800 0.349800
vt 0.506500 0.708400
vt 0.451500 0.711000
vt 0.363100 0.832300
vt 0.506500 0.708400
vt 0.478300 0.666100
vt 0.451500 0.711000
vt 0.403900 0.556900
vt 0.474400 0.386000
vt 0.418900 0.289300
vt 0.474400 0.386000
vt 0.560300 0.327000
vt 0.418900 0.289300
vt 0.575100 0.427800
vt 0.614800 0.501000
vt 0.633500 0.441200
vt 0.575100 0.427800
vt 0.474400 0.386000
vt 0.614800 0.501000
vt 0.623100 0.216700
vt 0.720300 0.111200
vt 0.669200 0.032500
vt 0.800600 0.109000
vt 0.669200 0.032500
vt 0.720300 0.111200
vt 0.610800 0.240200
vt 0.718000 0.308500
vt 0.623100 0.216700
vt 0.610800 0.240200
vt 0.623100 0.216700
vt 0.501300 0.148600
vt 0.278500 0.552700
vt 0.107000 0.606700
vt 0.198700 0.670300
vt 0.198700 0.670300
vt 0.107000 0.606700
vt 0.068400 0.815900
vt 0.443200 0.614200
vt 0.478300 0.666100
vt 0.473100 0.577700
vt 0.478300 0.666100
vt 0.443200 0.614200
vt 0.451500 0.711000
vt 0.932300 0.253800
vt 0.847700 0.204700
vt 0.843900 0.287200
vt 0.177500 0.863400
vt 0.198700 0.670300
vt 0.068400 0.815900
vt 0.451500 0.711000
vt 0.371700 0.623200
vt 0.384500 0.702300
vt 0.384500 0.702300
vt 0.371700 0.623200
vt 0.274400 0.717100
vt 0.633500 0.441200
vt 0.655900 0.492800
vt 0.666900 0.447700
vt 0.666900 0.447700
vt 0.607100 0.338600
vt 0.633500 0.441200
vt 0.388400 0.876800
vt 0.363100 0.832300
vt 0.270500 0.823600
vt 0.497600 0.843100
vt 0.363100 0.832300
vt 0.388400 0.876800
vt 0.444800 0.976500
vt 0.594100 0.852400
vt 0.497600 0.843100
vt 0.497600 0.843100
vt 0.594100 0.852400
vt 0.506500 0.708400
vt 0.662500 0.597600
vt 0.660700 0.678700
vt 0.752900 0.573200
vt 0.660700 0.678700
vt 0.662500 0.597600
vt 0.614800 0.501000
vt 0.725400 0.531900
vt 0.752900 0.573200
vt 0.785900 0.524000
vt 0.725400 0.531900
vt 0.662500 0.597600
vt 0.752900 0.573200
vt 0.756900 0.354600
vt 0.783500 0.289000
vt 0.718000 0.308500
vt 0.687500 0.383100
vt 0.756900 0.354600
vt 0.718000 0.308500
vt 0.633500 0.441200
vt 0.607100 0.338600
vt 0.560300 0.327000
vt 0.607100 0.338600
vt 0.610800 0.240200
vt 0.560300 0.327000
vt 0.843900 0.287200
vt 0.847700 0.204700
vt 0.711500 0.258600
vt 0.478300 0.666100
vt 0.660700 0.678700
vt 0.473100 0.577700
vt 0.771500 0.439800
vt 0.811800 0.349800
vt 0.756900 0.354600
vt 0.560300 0.327000
vt 0.610800 0.240200
vt 0.418900 0.289300
vt 0.278500 0.552700
vt 0.371700 0.623200
vt 0.403900 0.556900
vt 0.107000 0.606700
vt 0.021600 0.686000
vt 0.068400 0.815900
vt 0.660700 0.678700
vt 0.506500 0.708400
vt 0.594100 0.852400
vt 0.843500 0.603700
vt 0.752900 0.573200
vt 0.660700 0.678700
vt 0.687500 0.383100
vt 0.771500 0.439800
vt 0.756900 0.354600
vt 0.669200 0.032500
vt 0.501300 0.148600
vt 0.623100 0.216700
vt 0.847700 0.204700
vt 0.800600 0.109000
vt 0.711500 0.258600
vt 0.771500 0.439800
vt 0.892500 0.459200
vt 0.811800 0.349800
vt 0.198700 0.670300
vt 0.177500 0.863400
vt 0.270500 0.823600
vt 0.384500 0.702300
vt 0.363100 0.832300
vt 0.451500 0.711000
vt 0.403900 0.556900
vt 0.371700 0.623200
vt 0.443200 0.614200
vt 0.560300 0.327000
vt 0.474400 0.386000
vt 0.575100 0.427800
vt 0.725400 0.531900
vt 0.655900 0.492800
vt 0.662500 0.597600
vt 0.614800 0.501000
vt 0.474400 0.386000
vt 0.473100 0.577700
vt 0.278500 0.552700
vt 0.403900 0.556900
vt 0.187700 0.439200
vt 0.771500 0.439800
vt 0.785900 0.524000
vt 0.892500 0.459200
vt 0.725400 0.531900
vt 0.721800 0.457000
vt 0.655900 0.492800
vt 0.687500 0.383100
vt 0.666900 0.447700
vt 0.721800 0.457000
vt 0.633500 0.441200
vt 0.560300 0.327000
vt 0.575100 0.427800
vt 0.274400 0.717100
vt 0.270500 0.823600
vt 0.384500 0.702300
vt 0.278500 0.552700
vt 0.198700 0.670300
vt 0.371700 0.623200
vt 0.800600 0.109000
vt 0.623100 0.216700
vt 0.711500 0.258600
vt 0.718000 0.308500
vt 0.610800 0.240200
vt 0.607100 0.338600
vt 0.388400 0.876800
vt 0.277600 0.924800
vt 0.444800 0.976500
vt 0.363100 0.832300
vt 0.497600 0.843100
vt 0.506500 0.708400
vt 0.403900 0.556900
vt 0.418900 0.289300
vt 0.187700 0.439200
vt 0.501300 0.148600
vt 0.418900 0.289300
vt 0.610800 0.240200
vt 0.892500 0.459200
vt 0.950200 0.348600
vt 0.811800 0.349800
vt 0.720300 0.111200
vt 0.623100 0.216700
vt 0.800600 0.109000
vt 0.107000 0.606700
vt 0.061600 0.495800
vt 0.021600 0.686000
vt 0.655900 0.492800
vt 0.614800 0.501000
vt 0.662500 0.597600
vt 0.473100 0.577700
vt 0.660700 0.678700
vt 0.614800 0.501000
vt 0.506500 0.708400
vt 0.660700 0.678700
vt 0.478300 0.666100
vt 0.443200 0.614200
vt 0.371700 0.623200
vt 0.451500 0.711000
vt 0.687500 0.383100
vt 0.607100 0.338600
vt 0.666900 0.447700
vt 0.607100 0.338600
vt 0.687500 0.383100
vt 0.718000 0.308500
vt 0.061600 0.495800
vt 0.107000 0.606700
vt 0.278500 0.552700
vt 0.187700 0.439200
vt 0.061600 0.495800
vt 0.278500 0.552700
vt 0.721800 0.457000
vt 0.771500 0.439800
vt 0.687500 0.383100
vt 0.771500 0.439800
vt 0.721800 0.457000
vt 0.725400 0.531900
vt 0.811800 0.349800
vt 0.783500 0.289000
vt 0.756900 0.354600
vt 0.711500 0.258600
vt 0.783500 0.289000
vt 0.843900 0.287200
vt 0.473100 0.577700
vt 0.403900 0.556900
vt 0.443200 0.614200
vt 0.403900 0.556900
vt 0.473100 0.577700
vt 0.474400 0.386000
vt 0.388400 0.876800
vt 0.444800 0.976500
vt 0.497600 0.843100
vt 0.892500 0.459200
vt 0.785900 0.524000
vt 0.843500 0.603700
vt 0.274400 0.717100
vt 0.198700 0.670300
vt 0.270500 0.823600
vt 0.371700 0.623200
vt 0.198700 0.670300
vt 0.274400 0.717100
vt 0.277600 0.924800
vt 0.270500 0.823600
vt 0.177500 0.863400
vt 0.932300 0.253800
vt 0.843900 0.287200
vt 0.950200 0.348600
vt 0.655900 0.492800
vt 0.633500 0.441200
vt 0.614800 0.501000
vt 0.721800 0.457000
vt 0.666900 0.447700
vt 0.655900 0.492800
vt 0.363100 0.832300
vt 0.384500 0.702300
vt 0.270500 0.823600
vt 0.270500 0.823600
vt 0.277600 0.924800
vt 0.388400 0.876800
vt 0.711500 0.258600
vt 0.623100 0.216700
vt 0.718000 0.308500
vt 0.783500 0.289000
vt 0.711500 0.258600
vt 0.718000 0.308500
vt 0.242600 0.286000
vt 0.061600 0.495800
vt 0.187700 0.439200
vt 0.418900 0.289300
vt 0.242600 0.286000
vt 0.187700 0.439200
vt 0.785900 0.524000
vt 0.752900 0.573200
vt 0.843500 0.603700
vt 0.785900 0.524000
vt 0.771500 0.439800
vt 0.725400 0.531900
vt 0.811800 0.349800
vt 0.950200 0.348600
vt 0.843900 0.287200
vt 0.843900 0.287200
vt 0.783500 0.289000
vt 0.811800 0.349800
vt 0.506500 0.708400
vt 0.451500 0.711000
vt 0.363100 0.832300
vt 0.506500 0.708400
vt 0.478300 0.666100
vt 0.451500 0.711000
vt 0.403900 0.556900
vt 0.474400 0.386000
vt 0.418900 0.289300
vt 0.474400 0.386000
vt 0.560300 0.327000
vt 0.418900 0.289300
vt 0.575100 0.427800
vt 0.614800 0.501000
vt 0.633500 0.441200
vt 0.575100 0.427800
vt 0.474400 0.386000
vt 0.614800 0.501000
vt 0.623100 0.216700
vt 0.720300 0.111200
vt 0.669200 0.032500
vt 0.800600 0.109000
vt 0.669200 0.032500
vt 0.720300 0.111200
vt 0.610800 0.240200
vt 0.718000 0.308500
vt 0.623100 0.216700
vt 0.610800 0.240200
vt 0.623100 0.216700
vt 0.501300 0.148600
vt 0.278500 0.552700
vt 0.107000 0.606700
vt 0.198700 0.670300
vt 0.198700 0.670300
vt 0.107000 0.606700
vt 0.068400 0.815900
vt 0.443200 0.614200
vt 0.478300 0.666100
vt 0.473100 0.577700
vt 0.478300 0.666100
vt 0.443200 0.614200
vt 0.451500 0.711000
vt 0.932300 0.253800
vt 0.847700 0.204700
vt 0.843900 0.287200
vt 0.177500 0.863400
vt 0.198700 0.670300
vt 0.068400 0.815900
vt 0.451500 0.711000
vt 0.371700 0.623200
vt 0.384500 0.702300
vt 0.384500 0.702300
vt 0.371700 0.623200
vt 0.274400 0.717100
vt 0.633500 0.441200
vt 0.655900 0.492800
vt 0.666900 0.447700
vt 0.666900 0.447700
vt 0.607100 0.338600
vt 0.633500 0.441200
vt 0.388400 0.876800
vt 0.363100 0.832300
vt 0.270500 0.823600
vt 0.497600 0.843100
vt 0.363100 0.832300
vt 0.388400 0.876800
vt 0.444800 0.976500
vt 0.594100 0.852400
vt 0.497600 0.843100
vt 0.497600 0.843100
vt 0.594100 0.852400
vt 0.506500 0.708400
vt 0.662500 0.597600
vt 0.660700 0.678700
vt 0.752900 0.573200
vt 0.660700 0.678700
vt 0.662500 0.597600
vt 0.614800 0.501000
vt 0.725400 0.531900
vt 0.752900 0.573200
vt 0.785900 0.524000
vt 0.725400 0.531900
vt 0.662500 0.597600
vt 0.752900 0.573200
vt 0.756900 0.354600
vt 0.783500 0.289000
vt 0.718000 0.308500
vt 0.687500 0.383100
vt 0.756900 0.354600
vt 0.718000 0.308500
vt 0.633500 0.441200
vt 0.607100 0.338600
vt 0.560300 0.327000
vt 0.607100 0.338600
vt 0.610800 0.240200
vt 0.560300 0.327000
vt 0.843900 0.287200
vt 0.847700 0.204700
vt 0.711500 0.258600
vt 0.478300 0.666100
vt 0.660700 0.678700
vt 0.473100 0.577700
vt 0.771500 0.439800
vt 0.811800 0.349800
vt 0.756900 0.354600
vt 0.560300 0.327000
vt 0.610800 0.240200
vt 0.418900 0.289300
vt 0.278500 0.552700
vt 0.371700 0.623200
vt 0.403900 0.556900
vt 0.107000 0.606700
vt 0.021600 0.686000
vt 0.068400 0.815900
vt 0.660700 0.678700
vt 0.506500 0.708400
vt 0.594100 0.852400
vt 0.843500 0.603700
vt 0.752900 0.573200
vt 0.660700 0.678700
vt 0.687500 0.383100
vt 0.771500 0.439800
vt 0.756900 0.354600
vt 0.669200 0.032500
vt 0.501300 0.148600
vt 0.623100 0.216700
vt 0.847700 0.204700
vt 0.800600 0.109000
vt 0.711500 0.258600
vt 0.771500 0.439800
vt 0.892500 0.459200
vt 0.811800 0.349800
vt 0.198700 0.670300
vt 0.177500 0.863400
vt 0.270500 0.823600
vt 0.384500 0.702300
vt 0.363100 0.832300
vt 0.451500 0.711000
vt 0.403900 0.556900
vt 0.371700 0.623200
vt 0.443200 0.614200
vt 0.560300 0.327000
vt 0.474400 0.386000
vt 0.575100 0.427800
vt 0.725400 0.531900
vt 0.655900 0.492800
vt 0.662500 0.597600
vt 0.614800 0.501000
vt 0.474400 0.386000
vt 0.473100 0.577700
vt 0.278500 0.552700
vt 0.403900 0.556900
vt 0.187700 0.439200
vt 0.771500 0.439800
vt 0.785900 0.524000
vt 0.892500 0.459200
vt 0.725400 0.531900
vt 0.721800 0.457000
vt 0.655900 0.492800
vt 0.687500 0.383100
vt 0.666900 0.447700
vt 0.721800 0.457000
vt 0.633500 0.441200
vt 0.560300 0.327000
vt 0.575100 0.427800
vt 0.274400 0.717100
vt 0.270500 0.823600
vt 0.384500 0.702300
vt 0.278500 0.552700
vt 0.198700 0.670300
vt 0.371700 0.623200
vt 0.800600 0.109000
vt 0.623100 0.216700
vt 0.711500 0.258600
vt 0.718000 0.308500
vt 0.610800 0.240200
vt 0.607100 0.338600
vt 0.388400 0.876800
vt 0.277600 0.924800
vt 0.444800 0.976500
vt 0.363100 0.832300
vt 0.497600 0.843100
vt 0.506500 0.708400
vt 0.403900 0.556900
vt 0.418900 0.289300
vt 0.187700 0.439200
vt 0.501300 0.148600
vt 0.418900 0.289300
vt 0.610800 0.240200
vt 0.892500 0.459200
vt 0.950200 0.348600
vt 0.811800 0.349800
vt 0.720300 0.111200
vt 0.623100 0.216700
vt 0.800600 0.109000
vt 0.107000 0.606700
vt 0.061600 0.495800
vt 0.021600 0.686000
vt 0.655900 0.492800
vt 0.614800 0.501000
vt 0.662500 0.597600
vt 0.473100 0.577700
vt 0.660700 0.678700
vt 0.614800 0.501000
vt 0.506500 0.708400
vt 0.660700 0.678700
vt 0.478300 0.666100
vt 0.443200 0.614200
vt 0.371700 0.623200
vt 0.451500 0.711000
vt 0.687500 0.383100
vt 0.607100 0.338600
vt 0.666900 0.447700
vt 0.607100 0.338600
vt 0.687500 0.383100
vt 0.718000 0.308500
vt 0.061600 0.495800
vt 0.107000 0.606700
vt 0.278500 0.552700
vt 0.187700 0.439200
vt 0.061600 0.495800
vt 0.278500 0.552700
vt 0.721800 0.457000
vt 0.771500 0.439800
vt 0.687500 0.383100
vt 0.771500 0.439800
vt 0.721800 0.457000
vt 0.725400 0.531900
vt 0.811800 0.349800
vt 0.783500 0.289000
vt 0.756900 0.354600
vt 0.711500 0.258600
vt 0.783500 0.289000
vt 0.843900 0.287200
vt 0.473100 0.577700
vt 0.403900 0.556900
vt 0.443200 0.614200
vt 0.403900 0.556900
vt 0.473100 0.577700
vt 0.474400 0.386000
vt 0.388400 0.876800
vt 0.444800 0.976500
vt 0.497600 0.843100
vt 0.892500 0.459200
vt 0.785900 0.524000
vt 0.843500 0.603700
vt 0.274400 0.717100
vt 0.198700 0.670300
vt 0.270500 0.823600
vt 0.371700 0.623200
vt 0.198700 0.670300
vt 0.274400 0.717100
vt 0.277600 0.924800
vt 0.270500 0.823600
vt 0.177500 0.863400
vt 0.932300 0.253800
vt 0.843900 0.287200
vt 0.950200 0.348600
vt 0.655900 0.492800
vt 0.633500 0.441200
vt 0.614800 0.501000
vt 0.721800 0.457000
vt 0.666900 0.447700
vt 0.655900 0.492800
vt 0.363100 0.832300
vt 0.384500 0.702300
vt 0.270500 0.823600
vt 0.270500 0.823600
vt 0.277600 0.924800
vt 0.388400 0.876800
vt 0.711500 0.258600
vt 0.623100 0.216700
vt 0.718000 0.308500
vt 0.783500 0.289000
vt 0.711500 0.258600
vt 0.718000 0.308500
vt 0.242600 0.286000
vt 0.061600 0.495800
vt 0.187700 0.439200
vt 0.418900 0.289300
vt 0.242600 0.286000
vt 0.187700 0.439200
vt 0.785900 0.524000
vt 0.752900 0.573200
vt 0.843500 0.603700
vt 0.785900 0.524000
vt 0.771500 0.439800
vt 0.725400 0.531900
vt 0.811800 0.349800
vt 0.950200 0.348600
vt 0.843900 0.287200
vt 0.843900 0.287200
vt 0.783500 0.289000
vt 0.811800 0.349800
vt 0.506500 0.708400
vt 0.451500 0.711000
vt 0.363100 0.832300
vt 0.506500 0.708400
vt 0.478300 0.666100
vt 0.451500 0.711000
vt 0.403900 0.556900
vt 0.474400 0.386000
vt 0.418900 0.289300
vt 0.474400 0.386000
vt 0.560300 0.327000
vt 0.418900 0.289300
vt 0.575100 0.427800
vt 0.614800 0.501000
vt 0.633500 0.441200
vt 0.575100 0.427800
vt 0.474400 0.386000
vt 0.614800 0.501000
vt 0.623100 0.216700
vt 0.720300 0.111200
vt 0.669200 0.032500
vt 0.800600 0.109000
vt 0.669200 0.032500
vt 0.720300 0.111200
vt 0.610800 0.240200
vt 0.718000 0.308500
vt 0.623100 0.216700
vt 0.610800 0.240200
vt 0.623100 0.216700
vt 0.501300 0.148600
vt 0.278500 0.552700
vt 0.107000 0.606700
vt 0.198700 0.670300
vt 0.198700 0.670300
vt 0.107000 0.606700
vt 0.068400 0.815900
vt 0.443200 0.614200
vt 0.478300 0.666100
vt 0.473100 0.577700
vt 0.478300 0.666100
vt 0.443200 0.614200
vt 0.451500 0.711000
vt 0.932300 0.253800
vt 0.847700 0.204700
vt 0.843900 0.287200
vt 0.177500 0.863400
vt 0.198700 0.670300
vt 0.068400 0.815900
vt 0.451500 0.711000
vt 0.371700 0.623200
vt 0.384500 0.702300
vt 0.384500 0.702300
vt 0.371700 0.623200
vt 0.274400 0.717100
vt 0.633500 0.441200
vt 0.655900 0.492800
vt 0.666900 0.447700
vt 0.666900 0.447700
vt 0.607100 0.338600
vt 0.633500 0.441200
vt 0.388400 0.876800
vt 0.363100 0.832300
vt 0.270500 0.823600
vt 0.497600 0.843100
vt 0.363100 0.832300
vt 0.388400 0.876800
vt 0.444800 0.976500
vt 0.594100 0.852400
vt 0.497600 0.843100
vt 0.497600 0.843100
vt 0.594100 0.852400
vt 0.506500 0.708400
vt 0.662500 0.597600
vt 0.660700 0.678700
vt 0.752900 0.573200
vt 0.660700 0.678700
vt 0.662500 0.597600
vt 0.614800 0.501000
vt 0.725400 0.531900
vt 0.752900 0.573200
vt 0.785900 0.524000
vt 0.725400 0.531900
vt 0.662500 0.597600
vt 0.752900 0.573200
vt 0.756900 0.354600
vt 0.783500 0.289000
vt 0.718000 0.308500
vt 0.687500 0.383100
vt 0.756900 0.354600
vt 0.718000 0.308500
vt 0.633500 0.441200
vt 0.607100 0.338600
vt 0.560300 0.327000
vt 0.607100 0.338600
vt 0.610800 0.240200
vt 0.560300 0.327000
vt 0.843900 0.287200
vt 0.847700 0.204700
vt 0.711500 0.258600
vt 0.478300 0.666100
vt 0.660700 0.678700
vt 0.473100 0.577700
vt 0.771500 0.439800
vt 0.811800 0.349800
vt 0.756900 0.354600
vt 0.560300 0.327000
vt 0.610800 0.240200
vt 0.418900 0.289300
vt 0.278500 0.552700
vt 0.371700 0.623200
vt 0.403900 0.556900
vt 0.107000 0.606700
vt 0.021600 0.686000
vt 0.068400 0.815900
vt 0.660700 0.678700
vt 0.506500 0.708400
vt 0.594100 0.852400
vt 0.843500 0.603700
vt 0.752900 0.573200
vt 0.660700 0.678700
vt 0.687500 0.383100
vt 0.771500 0.439800
vt 0.756900 0.354600
vt 0.669200 0.032500
vt 0.501300 0.148600
vt 0.623100 0.216700
vt 0.847700 0.204700
vt 0.800600 0.109000
vt 0.711500 0.258600
vt 0.771500 0.439800
vt 0.892500 0.459200
vt 0.811800 0.349800
vt 0.198700 0.670300
vt 0.177500 0.863400
vt 0.270500 0.823600
vt 0.384500 0.702300
vt 0.363100 0.832300
vt 0.451500 0.711000
vt 0.403900 0.556900
vt 0.371700 0.623200
vt 0.443200 0.614200
vt 0.560300 0.327000
vt 0.474400 0.386000
vt 0.575100 0.427800
vt 0.725400 0.531900
vt 0.655900 0.492800
vt 0.662500 0.597600
vt 0.614800 0.501000
vt 0.474400 0.386000
vt 0.473100 0.577700
vt 0.278500 0.552700
vt 0.403900 0.556900
vt 0.187700 0.439200
vt 0.771500 0.439800
vt 0.785900 0.524000
vt 0.892500 0.459200
vt 0.725400 0.531900
vt 0.721800 0.457000
vt 0.655900 0.492800
vt 0.687500 0.383100
vt 0.666900 0.447700
vt 0.721800 0.457000
vt 0.633500 0.441200
vt 0.560300 0.327000
vt 0.575100 0.427800
vt 0.274400 0.717100
vt 0.270500 0.823600
vt 0.384500 0.702300
vt 0.278500 0.552700
vt 0.198700 0.670300
vt 0.371700 0.623200
vt 0.800600 0.109000
vt 0.623100 0.216700
vt 0.711500 0.258600
vt 0.718000 0.308500
vt 0.610800 0.240200
vt 0.607100 0.338600
vt 0.388400 0.876800
vt 0.277600 0.924800
vt 0.444800 0.976500
vt 0.363100 0.832300
vt 0.497600 0.843100
vt 0.506500 0.708400
vt 0.403900 0.556900
vt 0.418900 0.289300
vt 0.187700 0.439200
vt 0.501300 0.148600
vt 0.418900 0.289300
vt 0.610800 0.240200
vt 0.892500 0.459200
vt 0.950200 0.348600
vt 0.811800 0.349800
vt 0.720300 0.111200
vt 0.623100 0.216700
vt 0.800600 0.109000
vt 0.107000 0.606700
vt 0.061600 0.495800
vt 0.021600 0.686000
vt 0.655900 0.492800
vt 0.614800 0.501000
vt 0.662500 0.597600
vt 0.473100 0.577700
vt 0.660700 0.678700
vt 0.614800 0.501000
vt 0.506500 0.708400
vt 0.660700 0.678700
vt 0.478300 0.666100
vt 0.443200 0.614200
vt 0.371700 0.623200
vt 0.451500 0.711000
vt 0.687500 0.383100
vt 0.607100 0.338600
vt 0.666900 0.447700
vt 0.607100 0.338600
vt 0.687500 0.383100
vt 0.718000 0.308500
vt 0.061600 0.495800
vt 0.107000 0.606700
vt 0.278500 0.552700
vt 0.187700 0.439200
vt 0.061600 0.495800
vt 0.278500 0.552700
vt 0.721800 0.457000
vt 0.771500 0.439800
vt 0.687500 0.383100
vt 0.771500 0.439800
vt 0.721800 0.457000
vt 0.725400 0.531900
vt 0.811800 0.349800
vt 0.783500 0.289000
vt 0.756900 0.354600
vt 0.711500 0.258600
vt 0.783500 0.289000
vt 0.843900 0.287200
vt 0.473100 0.577700
vt 0.403900 0.556900
vt 0.443200 0.614200
vt 0.403900 0.556900
vt 0.473100 0.577700
vt 0.474400 0.386000
vt 0.388400 0.876800
vt 0.444800 0.976500
vt 0.497600 0.843100
vt 0.892500 0.459200
vt 0.785900 0.524000
vt 0.843500 0.603700
vt 0.274400 0.717100
vt 0.198700 0.670300
vt 0.270500 0.823600
vt 0.371700 0.623200
vt 0.198700 0.670300
vt 0.274400 0.717100
vt 0.277600 0.924800
vt 0.270500 0.823600
vt 0.177500 0.863400
vt 0.932300 0.253800
vt 0.843900 0.287200
vt 0.950200 0.348600
vt 0.655900 0.492800
vt 0.633500 0.441200
vt 0.614800 0.501000
vt 0.721800 0.457000
vt 0.666900 0.447700
vt 0.655900 0.492800
vt 0.363100 0.832300
vt 0.384500 0.702300
vt 0.270500 0.823600
vt 0.270500 0.823600
vt 0.277600 0.924800
vt 0.388400 0.876800
vt 0.711500 0.258600
vt 0.623100 0.216700
vt 0.718000 0.308500
vt 0.783500 0.289000
vt 0.711500 0.258600
vt 0.718000 0.308500
vt 0.242600 0.286000
vt 0.061600 0.495800
vt 0.187700 0.439200
vt 0.418900 0.289300
vt 0.242600 0.286000
vt 0.187700 0.439200
vt 0.785900 0.524000
vt 0.752900 0.573200
vt 0.843500 0.603700
vt 0.785900 0.524000
vt 0.771500 0.439800
vt 0.725400 0.531900
vt 0.811800 0.349800
vt 0.950200 0.348600
vt 0.843900 0.287200
vt 0.843900 0.287200
vt 0.783500 0.289000
vt 0.811800 0.349800
vt 0.506500 0.708400
vt 0.451500 0.711000
vt 0.363100 0.832300
vt 0.506500 0.708400
vt 0.478300 0.666100
vt 0.451500 0.711000
vt 0.403900 0.556900
vt 0.474400 0.386000
vt 0.418900 0.289300
vt 0.474400 0.386000
vt 0.560300 0.327000
vt 0.418900 0.289300
vt 0.575100 0.427800
vt 0.614800 0.501000
vt 0.633500 0.441200
vt 0.575100 0.427800
vt 0.474400 0.386000
vt 0.614800 0.501000
vt 0.623100 0.216700
vt 0.720300 0.111200
vt 0.669200 0.032500
vt 0.800600 0.109000
vt 0.669200 0.032500
vt 0.720300 0.111200
vt 0.610800 0.240200
vt 0.718000 0.308500
vt 0.623100 0.216700
vt 0.610800 0.240200
vt 0.623100 0.216700
vt 0.501300 0.148600
vt 0.278500 0.552700
vt 0.107000 0.606700
vt 0.198700 0.670300
vt 0.198700 0.670300
vt 0.107000 0.606700
vt 0.068400 0.815900
vt 0.443200 0.614200
vt 0.478300 0.666100
vt 0.473100 0.577700
vt 0.478300 0.666100
vt 0.443200 0.614200
vt 0.451500 0.711000
vt 0.932300 0.253800
vt 0.847700 0.204700
vt 0.843900 0.287200
vt 0.177500 0.863400
vt 0.198700 0.670300
vt 0.068400 0.815900
vt 0.451500 0.711000
vt 0.371700 0.623200
vt 0.384500 0.702300
vt 0.384500 0.702300
vt 0.371700 0.623200
vt 0.274400 0.717100
vt 0.633500 0.441200
vt 0.655900 0.492800
vt 0.666900 0.447700
vt 0.666900 0.447700
vt 0.607100 0.338600
vt 0.633500 0.441200
vt 0.388400 0.876800
vt 0.363100 0.832300
vt 0.270500 0.823600
vt 0.497600 0.843100
vt 0.363100 0.832300
vt 0.388400 0.876800
vt 0.444800 0.976500
vt 0.594100 0.852400
vt 0.497600 0.843100
vt 0.497600 0.843100
vt 0.594100 0.852400
vt 0.506500 0.708400
vt 0.662500 0.597600
vt 0.660700 0.678700
vt 0.752900 0.573200
vt 0.660700 0.678700
vt 0.662500 0.597600
vt 0.614800 0.501000
vt 0.725400 0.531900
vt 0.752900 0.573200
vt 0.785900 0.524000
vt 0.725400 0.531900
vt 0.662500 0.597600
vt 0.752900 0.573200
vt 0.756900 0.354600
vt 0.783500 0.289000
vt 0.718000 0.308500
vt 0.687500 0.383100
vt 0.756900 0.354600
vt 0.718000 0.308500
vt 0.633500 0.441200
vt 0.607100 0.338600
vt 0.560300 0.327000
vt 0.607100 0.338600
vt 0.610800 0.240200
vt 0.560300 0.327000
vt 0.843900 0.287200
vt 0.847700 0.204700
vt 0.711500 0.258600
vt 0.478300 0.666100
vt 0.660700 0.678700
vt 0.473100 0.577700
vt 0.771500 0.439800
vt 0.811800 0.349800
vt 0.756900 0.354600
vt 0.560300 0.327000
vt 0.610800 0.240200
vt 0.418900 0.289300
vt 0.278500 0.552700
vt 0.371700 0.623200
vt 0.403900 0.556900
vt 0.107000 0.606700
vt 0.021600 0.686000
vt 0.068400 0.815900
vt 0.660700 0.678700
vt 0.506500 0.708400
vt 0.594100 0.852400
vt 0.843500 0.603700
vt 0.752900 0.573200
vt 0.660700 0.678700
vt 0.687500 0.383100
vt 0.771500 0.439800
vt 0.756900 0.354600
vt 0.669200 0.032500
vt 0.501300 0.148600
vt 0.623100 0.216700
vt 0.847700 0.204700
vt 0.800600 0.109000
vt 0.711500 0.258600
vt 0.771500 0.439800
vt 0.892500 0.459200
vt 0.811800 0.349800
vt 0.198700 0.670300
vt 0.177500 0.863400
vt 0.270500 0.823600
vt 0.384500 0.702300
vt 0.363100 0.832300
vt 0.451500 0.711000
vt 0.403900 0.556900
vt 0.371700 0.623200
vt 0.443200 0.614200
vt 0.560300 0.327000
vt 0.474400 0.386000
vt 0.575100 0.427800
vt 0.725400 0.531900
vt 0.655900 0.492800
vt 0.662500 0.597600
vt 0.614800 0.501000
vt 0.474400 0.386000
vt 0.473100 0.577700
vt 0.278500 0.552700
vt 0.403900 0.556900
vt 0.187700 0.439200
vt 0.771500 0.439800
vt 0.785900 0.524000
vt 0.892500 0.459200
vt 0.725400 0.531900
vt 0.721800 0.457000
vt 0.655900 0.492800
vt 0.687500 0.383100
vt 0.666900 0.447700
vt 0.721800 0.457000
vt 0.633500 0.441200
vt 0.560300 0.327000
vt 0.575100 0.427800
vt 0.274400 0.717100
vt 0.270500 0.823600
vt 0.384500 0.702300
vt 0.278500 0.552700
vt 0.198700 0.670300
vt 0.371700 0.623200
vt 0.800600 0.109000
vt 0.623100 0.216700
vt 0.711500 0.258600
vt 0.718000 0.308500
vt 0.610800 0.240200
vt 0.607100 0.338600
vt 0.388400 0.876800
vt 0.277600 0.924800
vt 0.444800 0.976500
vt 0.363100 0.832300
vt 0.497600 0.843100
vt 0.506500 0.708400
vt 0.403900 0.556900
vt 0.418900 0.289300
vt 0.187700 0.439200
vt 0.501300 0.148600
vt 0.418900 0.289300
vt 0.610800 0.240200
vt 0.892500 0.459200
vt 0.950200 0.348600
vt 0.811800 0.349800
vt 0.720300 0.111200
vt 0.623100 0.216700
vt 0.800600 0.109000
vt 0.107000 0.606700
vt 0.061600 0.495800
vt 0.021600 0.686000
vt 0.655900 0.492800
vt 0.614800 0.501000
vt 0.662500 0.597600
vt 0.473100 0.577700
vt 0.660700 0.678700
vt 0.614800 0.501000
vt 0.506500 0.708400
vt 0.660700 0.678700
vt 0.478300 0.666100
vt 0.443200 0.614200
vt 0.371700 0.623200
vt 0.451500 0.711000
vt 0.687500 0.383100
vt 0.607100 0.338600
vt 0.666900 0.447700
vt 0.607100 0.338600
vt 0.687500 0.383100
vt 0.718000 0.308500
vt 0.061600 0.495800
vt 0.107000 0.606700
vt 0.278500 0.552700
vt 0.187700 0.439200
vt 0.061600 0.495800
vt 0.278500 0.552700
vt 0.721800 0.457000
vt 0.771500 0.439800
vt 0.687500 0.383100
vt 0.771500 0.439800
vt 0.721800 0.457000
vt 0.725400 0.531900
vt 0.811800 0.349800
vt 0.783500 0.289000
vt 0.756900 0.354600
vt 0.711500 0.258600
vt 0.783500 0.289000
vt 0.843900 0.287200
vt 0.473100 0.577700
vt 0.403900 0.556900
vt 0.443200 0.614200
vt 0.403900 0.556900
vt 0.473100 0.577700
vt 0.474400 0.386000
vt 0.388400 0.876800
vt 0.444800 0.976500
vt 0.497600 0.843100
vt 0.892500 0.459200
vt 0.785900 0.524000
vt 0.843500 0.603700
vt 0.274400 0.717100
vt 0.198700 0.670300
vt 0.270500 0.823600
vt 0.371700 0.623200
vt 0.198700 0.670300
vt 0.274400 0.717100
vt 0.277600 0.924800
vt 0.270500 0.823600
vt 0.177500 0.863400
vt 0.932300 0.253800
vt 0.843900 0.287200
vt 0.950200 0.348600
vt 0.655900 0.492800
vt 0.633500 0.441200
vt 0.614800 0.501000
vt 0.721800 0.457000
vt 0.666900 0.447700
vt 0.655900 0.492800
vt 0.363100 0.832300
vt 0.384500 0.702300
vt 0.270500 0.823600
vt 0.270500 0.823600
vt 0.277600 0.924800
vt 0.388400 0.876800
vt 0.711500 0.258600
vt 0.623100 0.216700
vt 0.718000 0.308500
vt 0.783500 0.289000
vt 0.711500 0.258600
vt 0.718000 0.308500
vt 0.242600 0.286000
vt 0.061600 0.495800
vt 0.187700 0.439200
vt 0.418900 0.289300
vt 0.242600 0.286000
vt 0.187700 0.439200
vt 0.785900 0.524000
vt 0.752900 0.573200
vt 0.843500 0.603700
vt 0.785900 0.524000
vt 0.771500 0.439800
vt 0.725400 0.531900
vt 0.811800 0.349800
vt 0.950200 0.348600
vt 0.843900 0.287200
vt 0.843900 0.287200
vt 0.783500 0.289000
vt 0.811800 0.349800
vt 0.506500 0.708400
vt 0.451500 0.711000
vt 0.363100 0.832300
vt 0.506500 0.708400
vt 0.478300 0.666100
vt 0.451500 0.711000
vt 0.403900 0.556900
vt 0.474400 0.386000
vt 0.418900 0.289300
vt 0.474400 0.386000
vt 0.560300 0.327000
vt 0.418900 0.289300
vt 0.575100 0.427800
vt 0.614800 0.501000
vt 0.633500 0.441200
vt 0.575100 0.427800
vt 0.474400 0.386000
vt 0.614800 0.501000
vt 0.623100 0.216700
vt 0.720300 0.111200
vt 0.669200 0.032500
vt 0.800600 0.109000
vt 0.669200 0.032500
vt 0.720300 0.111200
vt 0.610800 0.240200
vt 0.718000 0.308500
vt 0.623100 0.216700
vt 0.610800 0.240200
vt 0.623100 0.216700
vt 0.501300 0.148600
vt 0.278500 0.552700
vt 0.107000 0.606700
vt 0.198700 0.670300
vt 0.198700 0.670300
vt 0.107000 0.606700
vt 0.068400 0.815900
vt 0.443200 0.614200
vt 0.478300 0.666100
vt 0.473100 0.577700
vt 0.478300 0.666100
vt 0.443200 0.614200
vt 0.451500 0.711000
vt 0.932300 0.253800
vt 0.847700 0.204700
vt 0.843900 0.287200
vt 0.177500 0.863400
vt 0.198700 0.670300
vt 0.068400 0.815900
vt 0.451500 0.711000
vt 0.371700 0.623200
vt 0.384500 0.702300
vt 0.384500 0.702300
vt 0.371700 0.623200
vt 0.274400 0.717100
vt 0.633500 0.441200
vt 0.655900 0.492800
vt 0.666900 0.447700
vt 0.666900 0.447700
vt 0.607100 0.338600
vt 0.633500 0.441200
vt 0.388400 0.876800
vt 0.363100 0.832300
vt 0.270500 0.823600
vt 0.497600 0.843100
vt 0.363100 0.832300
vt 0.388400 0.876800
vt 0.444800 0.976500
vt 0.594100 0.852400
vt 0.497600 0.843100
vt 0.497600 0.843100
vt 0.594100 0.852400
vt 0.506500 0.708400
vt 0.662500 0.597600
vt 0.660700 0.678700
vt 0.752900 0.573200
vt 0.660700 0.678700
vt 0.662500 0.597600
vt 0.614800 0.501000
vt 0.725400 0.531900
vt 0.752900 0.573200
vt 0.785900 0.524000
vt 0.725400 0.531900
vt 0.662500 0.597600
vt 0.752900 0.573200
vt 0.756900 0.354600
vt 0.783500 0.289000
vt 0.718000 0.308500
vt 0.687500 0.383100
vt 0.756900 0.354600
vt 0.718000 0.308500
vt 0.633500 0.441200
vt 0.607100 0.338600
vt 0.560300 0.327000
vt 0.607100 0.338600
vt 0.610800 0.240200
vt 0.560300 0.327000
vt 0.843900 0.287200
vt 0.847700 0.204700
vt 0.711500 0.258600
vt 0.478300 0.666100
vt 0.660700 0.678700
vt 0.473100 0.577700
vt 0.771500 0.439800
vt 0.811800 0.349800
vt 0.756900 0.354600
vt 0.560300 0.327000
vt 0.610800 0.240200
vt 0.418900 0.289300
vt 0.278500 0.552700
vt 0.371700 0.623200
vt 0.403900 0.556900
vt 0.107000 0.606700
vt 0.021600 0.686000
vt 0.068400 0.815900
vt 0.660700 0.678700
vt 0.506500 0.708400
vt 0.594100 0.852400
vt 0.843500 0.603700
vt 0.752900 0.573200
vt 0.660700 0.678700
vt 0.687500 0.383100
vt 0.771500 0.439800
vt 0.756900 0.354600
vt 0.669200 0.032500
vt 0.501300 0.148600
vt 0.623100 0.216700
vt 0.847700 0.204700
vt 0.800600 0.109000
vt 0.711500 0.258600
vt 0.771500 0.439800
vt 0.892500 0.459200
vt 0.811800 0.349800
vt 0.198700 0.670300
vt 0.177500 0.863400
vt 0.270500 0.823600
vt 0.384500 0.702300
vt 0.363100 0.832300
vt 0.451500 0.711000
vt 0.403900 0.556900
vt 0.371700 0.623200
vt 0.443200 0.614200
vt 0.560300 0.327000
vt 0.474400 0.386000
vt 0.575100 0.427800
vt 0.725400 0.531900
vt 0.655900 0.492800
vt 0.662500 0.597600
vt 0.614800 0.501000
vt 0.474400 0.386000
vt 0.473100 0.577700
vt 0.278500 0.552700
vt 0.403900 0.556900
vt 0.187700 0.439200
vt 0.771500 0.439800
vt 0.785900 0.524000
vt 0.892500 0.459200
vt 0.725400 0.531900
vt 0.721800 0.457000
vt 0.655900 0.492800
vt 0.687500 0.383100
vt 0.666900 0.447700
vt 0.721800 0.457000
vt 0.633500 0.441200
vt 0.560300 0.327000
vt 0.575100 0.427800
vt 0.274400 0.717100
vt 0.270500 0.823600
vt 0.384500 0.702300
vt 0.278500 0.552700
vt 0.198700 0.670300
vt 0.371700 0.623200
vt 0.800600 0.109000
vt 0.623100 0.216700
vt 0.711500 0.258600
vt 0.718000 0.308500
vt 0.610800 0.240200
vt 0.607100 0.338600
vt 0.388400 0.876800
vt 0.277600 0.924800
vt 0.444800 0.976500
vt 0.363100 0.832300
vt 0.497600 0.843100
vt 0.506500 0.708400
vt 0.403900 0.556900
vt 0.418900 0.289300
vt 0.187700 0.439200
vt 0.501300 0.148600
vt 0.418900 0.289300
vt 0.610800 0.240200
vt 0.892500 0.459200
vt 0.950200 0.348600
vt 0.811800 0.349800
vt 0.720300 0.111200
vt 0.623100 0.216700
vt 0.800600 0.109000
vt 0.107000 0.606700
vt 0.061600 0.495800
vt 0.021600 0.686000
vt 0.655900 0.492800
vt 0.614800 0.501000
vt 0.662500 0.597600
vt 0.473100 0.577700
vt 0.660700 0.678700
vt 0.614800 0.501000
vt 0.506500 0.708400
vt 0.660700 0.678700
vt 0.478300 0.666100
vt 0.443200 0.614200
vt 0.371700 0.623200
vt 0.451500 0.711000
vt 0.687500 0.383100
vt 0.607100 0.338600
vt 0.666900 0.447700
vt 0.607100 0.338600
vt 0.687500 0.383100
vt 0.718000 0.308500
vt 0.061600 0.495800
vt 0.107000 0.606700
vt 0.278500 0.552700
vt 0.187700 0.439200
vt 0.061600 0.495800
vt 0.278500 0.552700
vt 0.721800 0.457000
vt 0.771500 0.439800
vt 0.687500 0.383100
vt 0.771500 0.439800
vt 0.721800 0.457000
vt 0.725400 0.531900
vt 0.811800 0.349800
vt 0.783500 0.289000
vt 0.756900 0.354600
vt 0.711500 0.258600
vt 0.783500 0.289000
vt 0.843900 0.287200
vt 0.473100 0.577700
vt 0.403900 0.556900
vt 0.443200 0.614200
vt 0.403900 0.556900
vt 0.473100 0.577700
vt 0.474400 0.386000
vt 0.388400 0.876800
vt 0.444800 0.976500
vt 0.497600 0.843100
vt 0.892500 0.459200
vt 0.785900 0.524000
vt 0.843500 0.603700
vt 0.274400 0.717100
vt 0.198700 0.670300
vt 0.270500 0.823600
vt 0.371700 0.623200
vt 0.198700 0.670300
vt 0.274400 0.717100
vt 0.277600 0.924800
vt 0.270500 0.823600
vt 0.177500 0.863400
vt 0.932300 0.253800
vt 0.843900 0.287200
vt 0.950200 0.348600
vt 0.655900 0.492800
vt 0.633500 0.441200
vt 0.614800 0.501000
vt 0.721800 0.457000
vt 0.666900 0.447700
vt 0.655900 0.492800
vt 0.363100 0.832300
vt 0.384500 0.702300
vt 0.270500 0.823600
vt 0.270500 0.823600
vt 0.277600 0.924800
vt 0.388400 0.876800
vt 0.711500 0.258600
vt 0.623100 0.216700
vt 0.718000 0.308500
vt 0.783500 0.289000
vt 0.711500 0.258600
vt 0.718000 0.308500
vt 0.242600 0.286000
vt 0.061600 0.495800
vt 0.187700 0.439200
vt 0.418900 0.289300
vt 0.242600 0.286000
vt 0.187700 0.439200
vt 0.785900 0.524000
vt 0.752900 0.573200
vt 0.843500 0.603700
vt 0.785900 0.524000
vt 0.771500 0.439800
vt 0.725400 0.531900
vt 0.811800 0.349800
vt 0.950200 0.348600
vt 0.843900 0.287200
vt 0.843900 0.287200
vt 0.783500 0.289000
vt 0.811800 0.349800
vt 0.506500 0.708400
vt 0.451500 0.711000
vt 0.363100 0.832300
vt 0.506500 0.708400
vt 0.478300 0.666100
vt 0.451500 0.711000
vt 0.403900 0.556900
vt 0.474400 0.386000
vt 0.418900 0.289300
vt 0.474400 0.386000
vt 0.560300 0.327000
vt 0.418900 0.289300
vt 0.575100 0.427800
vt 0.614800 0.501000
vt 0.633500 0.441200
vt 0.575100 0.427800
vt 0.474400 0.386000
vt 0.614800 0.501000
vt 0.623100 0.216700
vt 0.720300 0.111200
vt 0.669200 0.032500
vt 0.800600 0.109000
vt 0.669200 0.032500
vt 0.720300 0.111200
vt 0.610800 0.240200
vt 0.718000 0.308500
vt 0.623100 0.216700
vt 0.610800 0.240200
vt 0.623100 0.216700
vt 0.501300 0.148600
vt 0.278500 0.552700
vt 0.107000 0.606700
vt 0.198700 0.670300
vt 0.198700 0.670300
vt 0.107000 0.606700
vt 0.068400 0.815900
vt 0.443200 0.614200
vt 0.478300 0.666100
vt 0.473100 0.577700
vt 0.478300 0.666100
vt 0.443200 0.614200
vt 0.451500 0.711000
vt 0.932300 0.253800
vt 0.847700 0.204700
vt 0.843900 0.287200
vt 0.177500 0.863400
vt 0.198700 0.670300
vt 0.068400 0.815900
vt 0.451500 0.711000
vt 0.371700 0.623200
vt 0.384500 0.702300
vt 0.384500 0.702300
vt 0.371700 0.623200
vt 0.274400 0.717100
vt 0.633500 0.441200
vt 0.655900 0.492800
vt 0.666900 0.447700
vt 0.666900 0.447700
vt 0.607100 0.338600
vt 0.633500 0.441200
vt 0.388400 0.876800
vt 0.363100 0.832300
vt 0.270500 0.823600
vt 0.497600 0.843100
vt 0.363100 0.832300
vt 0.388400 0.876800
vt 0.444800 0.976500
vt 0.594100 0.852400
vt 0.497600 0.843100
vt 0.497600 0.843100
vt 0.594100 0.852400
vt 0.506500 0.708400
vt 0.662500 0.597600
vt 0.660700 0.678700
vt 0.752900 0.573200
vt 0.660700 0.678700
vt 0.662500 0.597600
vt 0.614800 0.501000
vt 0.725400 0.531900
vt 0.752900 0.573200
vt 0.785900 0.524000
vt 0.725400 0.531900
vt 0.662500 0.597600
vt 0.752900 0.573200
vt 0.756900 0.354600
vt 0.783500 0.289000
vt 0.718000 0.308500
vt 0.687500 0.383100
vt 0.756900 0.354600
vt 0.718000 0.308500
vt 0.633500 0.441200
vt 0.607100 0.338600
vt 0.560300 0.327000
vt 0.607100 0.338600
vt 0.610800 0.240200
vt 0.560300 0.327000
vt 0.843900 0.287200
vt 0.847700 0.204700
vt 0.711500 0.258600
vt 0.478300 0.666100
vt 0.660700 0.678700
vt 0.473100 0.577700
vt 0.771500 0.439800
vt 0.811800 0.349800
vt 0.756900 0.354600
vt 0.560300 0.327000
vt 0.610800 0.240200
vt 0.418900 0.289300
vt 0.278500 0.552700
vt 0.371700 0.623200
vt 0.403900 0.556900
vt 0.107000 0.606700
vt 0.021600 0.686000
vt 0.068400 0.815900
vt 0.660700 0.678700
vt 0.506500 0.708400
vt 0.594100 0.852400
vt 0.843500 0.603700
vt 0.752900 0.573200
vt 0.660700 0.678700
vt 0.687500 0.383100
vt 0.771500 0.439800
vt 0.756900 0.354600
vt 0.669200 0.032500
vt 0.501300 0.148600
vt 0.623100 0.216700
vt 0.847700 0.204700
vt 0.800600 0.109000
vt 0.711500 0.258600
vt 0.771500 0.439800
vt 0.892500 0.459200
vt 0.811800 0.349800
vt 0.198700 0.670300
vt 0.177500 0.863400
vt 0.270500 0.823600
vt 0.384500 0.702300
vt 0.363100 0.832300
vt 0.451500 0.711000
vt 0.403900 0.556900
vt 0.371700 0.623200
vt 0.443200 0.614200
vt 0.560300 0.327000
vt 0.474400 0.386000
vt 0.575100 0.427800
vt 0.725400 0.531900
vt 0.655900 0.492800
vt 0.662500 0.597600
vt 0.614800 0.501000
vt 0.474400 0.386000
vt 0.473100 0.577700
vt 0.278500 0.552700
vt 0.403900 0.556900
vt 0.187700 0.439200
vt 0.771500 0.439800
vt 0.785900 0.524000
vt 0.892500 0.459200
vt 0.725400 0.531900
vt 0.721800 0.457000
vt 0.655900 0.492800
vt 0.687500 0.383100
vt 0.666900 0.447700
vt 0.721800 0.457000
vt 0.633500 0.441200
vt 0.560300 0.327000
vt 0.575100 0.427800
vt 0.274400 0.717100
vt 0.270500 0.823600
vt 0.384500 0.702300
vt 0.278500 0.552700
vt 0.198700 0.670300
vt 0.371700 0.623200
vt 0.800600 0.109000
vt 0.623100 0.216700
vt 0.711500 0.258600
vt 0.718000 0.308500
vt 0.610800 0.240200
vt 0.607100 0.338600
vt 0.388400 0.876800
vt 0.277600 0.924800
vt 0.444800 0.976500
vt 0.363100 0.832300
vt 0.497600 0.843100
vt 0.506500 0.708400
vt 0.403900 0.556900
vt 0.418900 0.289300
vt 0.187700 0.439200
vt 0.501300 0.148600
vt 0.418900 0.289300
vt 0.610800 0.240200
vt 0.892500 0.459200
vt 0.950200 0.348600
vt 0.811800 0.349800
vt 0.720300 0.111200
vt 0.623100 0.216700
vt 0.800600 0.109000
vt 0.107000 0.606700
vt 0.061600 0.495800
vt 0.021600 0.686000
vt 0.655900 0.492800
vt 0.614800 0.501000
vt 0.662500 0.597600
vt 0.473100 0.577700
vt 0.660700 0.678700
vt 0.614800 0.501000
vt 0.506500 0.708400
vt 0.660700 0.678700
vt 0.478300 0.666100
vt 0.443200 0.614200
vt 0.371700 0.623200
vt 0.451500 0.711000
vt 0.687500 0.383100
vt 0.607100 0.338600
vt 0.666900 0.447700
vt 0.607100 0.338600
vt 0.687500 0.383100
vt 0.718000 0.308500
vt 0.061600 0.495800
vt 0.107000 0.606700
vt 0.278500 0.552700
vt 0.187700 0.439200
vt 0.061600 0.495800
vt 0.278500 0.552700
vt 0.721800 0.457000
vt 0.771500 0.439800
vt 0.687500 0.383100
vt 0.771500 0.439800
vt 0.721800 0.457000
vt 0.725400 0.531900
vt 0.811800 0.349800
vt 0.783500 0.289000
vt 0.756900 0.354600
vt 0.711500 0.258600
vt 0.783500 0.289000
vt 0.843900 0.287200
vt 0.473100 0.577700
vt 0.403900 0.556900
vt 0.443200 0.614200
vt 0.403900 0.556900
vt 0.473100 0.577700
vt 0.474400 0.386000
vt 0.388400 0.876800
vt 0.444800 0.976500
vt 0.497600 0.843100
vt 0.892500 0.459200
vt 0.785900 0.524000
vt 0.843500 0.603700
vt 0.274400 0.717100
vt 0.198700 0.670300
vt 0.270500 0.823600
vt 0.371700 0.623200
vt 0.198700 0.670300
vt 0.274400 0.717100
vt 0.277600 0.924800
vt 0.270500 0.823600
vt 0.177500 0.863400
vt 0.932300 0.253800
vt 0.843900 0.287200
vt 0.950200 0.348600
vt 0.655900 0.492800
vt 0.633500 0.441200
vt 0.614800 0.501000
vt 0.721800 0.457000
vt 0.666900 0.447700
vt 0.655900 0.492800
vt 0.363100 0.832300
vt 0.384500 0.702300
vt 0.270500 0.823600
vt 0.270500 0.823600
vt 0.277600 0.924800
vt 0.388400 0.876800
vt 0.711500 0.258600
vt 0.623100 0.216700
vt 0.718000 0.308500
vt 0.783500 0.289000
vt 0.711500 0.258600
vt 0.718000 0.308500
vt 0.242600 0.286000
vt 0.061600 0.495800
vt 0.187700 0.439200
vt 0.418900 0.289300
vt 0.242600 0.286000
vt 0.187700 0.439200
vt 0.785900 0.524000
vt 0.752900 0.573200
vt 0.843500 0.603700
vt 0.785900 0.524000
vt 0.771500 0.439800
vt 0.725400 0.531900
vt 0.811800 0.349800
vt 0.950200 0.348600
vt 0.843900 0.287200
vt 0.843900 0.287200
vt 0.783500 0.289000
vt 0.811800 0.349800
vt 0.506500 0.708400
vt 0.451500 0.711000
vt 0.363100 0.832300
vt 0.506500 0.708400
vt 0.478300 0.666100
vt 0.451500 0.711000
vt 0.403900 0.556900
vt 0.474400 0.386000
vt 0.418900 0.289300
vt 0.474400 0.386000
vt 0.560300 0.327000
vt 0.418900 0.289300
vt 0.575100 0.427800
vt 0.614800 0.501000
vt 0.633500 0.441200
vt 0.575100 0.427800
vt 0.474400 0.386000
vt 0.614800 0.501000
vt 0.623100 0.216700
vt 0.720300 0.111200
vt 0.669200 0.032500
vt 0.800600 0.109000
vt 0.669200 0.032500
vt 0.720300 0.111200
vt 0.610800 0.240200
vt 0.718000 0.308500
vt 0.623100 0.216700
vt 0.610800 0.240200
vt 0.623100 0.216700
vt 0.501300 0.148600
vt 0.278500 0.552700
vt 0.107000 0.606700
vt 0.198700 0.670300
vt 0.198700 0.670300
vt 0.107000 0.606700
vt 0.068400 0.815900
vt 0.443200 0.614200
vt 0.478300 0.666100
vt 0.473100 0.577700
vt 0.478300 0.666100
vt 0.443200 0.614200
vt 0.451500 0.711000
vt 0.932300 0.253800
vt 0.847700 0.204700
vt 0.843900 0.287200
vt 0.177500 0.863400
vt 0.198700 0.670300
vt 0.068400 0.815900
vt 0.451500 0.711000
vt 0.371700 0.623200
vt 0.384500 0.702300
vt 0.384500 0.702300
vt 0.371700 0.623200
vt 0.274400 0.717100
vt 0.633500 0.441200
vt 0.655900 0.492800
vt 0.666900 0.447700
vt 0.666900 0.447700
vt 0.607100 0.338600
vt 0.633500 0.441200
vt 0.388400 0.876800
vt 0.363100 0.832300
vt 0.270500 0.823600
vt 0.497600 0.843100
vt 0.363100 0.832300
vt 0.388400 0.876800
vt 0.444800 0.976500
vt 0.594100 0.852400
vt 0.497600 0.843100
vt 0.497600 0.843100
vt 0.594100 0.852400
vt 0.506500 0.708400
vt 0.662500 0.597600
vt 0.660700 0.678700
vt 0.752900 0.573200
vt 0.660700 0.678700
vt 0.662500 0.597600
vt 0.614800 0.501000
vt 0.725400 0.531900
vt 0.752900 0.573200
vt 0.785900 0.524000
vt 0.725400 0.531900
vt 0.662500 0.597600
vt 0.752900 0.573200
vt 0.756900 0.354600
vt 0.783500 0.289000
vt 0.718000 0.308500
vt 0.687500 0.383100
vt 0.756900 0.354600
vt 0.718000 0.308500
vt 0.633500 0.441200
vt 0.607100 0.338600
vt 0.560300 0.327000
vt 0.607100 0.338600
vt 0.610800 0.240200
vt 0.560300 0.327000
vt 0.843900 0.287200
vt 0.847700 0.204700
vt 0.711500 0.258600
vt 0.478300 0.666100
vt 0.660700 0.678700
vt 0.473100 0.577700
vt 0.771500 0.439800
vt 0.811800 0.349800
vt 0.756900 0.354600
vt 0.560300 0.327000
vt 0.610800 0.240200
vt 0.418900 0.289300
vt 0.278500 0.552700
vt 0.371700 0.623200
vt 0.403900 0.556900
vt 0.107000 0.606700
vt 0.021600 0.686000
vt 0.068400 0.815900
vt 0.660700 0.678700
vt 0.506500 0.708400
vt 0.594100 0.852400
vt 0.843500 0.603700
vt 0.752900 0.573200
vt 0.660700 0.678700
vt 0.687500 0.383100
vt 0.771500 0.439800
vt 0.756900 0.354600
vt 0.669200 0.032500
vt 0.501300 0.148600
vt 0.623100 0.216700
vt 0.847700 0.204700
vt 0.800600 0.109000
vt 0.711500 0.258600
vt 0.771500 0.439800
vt 0.892500 0.459200
vt 0.811800 0.349800
vt 0.198700 0.670300
vt 0.177500 0.863400
vt 0.270500 0.823600
vt 0.384500 0.702300
vt 0.363100 0.832300
vt 0.451500 0.711000
vt 0.403900 0.556900
vt 0.371700 0.623200
vt 0.443200 0.614200
vt 0.560300 0.327000
vt 0.474400 0.386000
vt 0.575100 0.427800
vt 0.725400 0.531900
vt 0.655900 0.492800
vt 0.662500 0.597600
vt 0.614800 0.501000
vt 0.474400 0.386000
vt 0.473100 0.577700
vt 0.278500 0.552700
vt 0.403900 0.556900
vt 0.187700 0.439200
vt 0.771500 0.439800
vt 0.785900 0.524000
vt 0.892500 0.459200
vt 0.725400 0.531900
vt 0.721800 0.457000
vt 0.655900 0.492800
vt 0.687500 0.383100
vt 0.666900 0.447700
vt 0.721800 0.457000
vt 0.633500 0.441200
vt 0.560300 0.327000
vt 0.575100 0.427800
vt 0.274400 0.717100
vt 0.270500 0.823600
vt 0.384500 0.702300
vt 0.278500 0.552700
vt 0.198700 0.670300
vt 0.371700 0.623200
vt 0.800600 0.109000
vt 0.623100 0.216700
vt 0.711500 0.258600
vt 0.718000 0.308500
vt 0.610800 0.240200
vt 0.607100 0.338600
vt 0.388400 0.876800
vt 0.277600 0.924800
vt 0.444800 0.976500
vt 0.363100 0.832300
vt 0.497600 0.843100
vt 0.506500 0.708400
vt 0.403900 0.556900
vt 0.418900 0.289300
vt 0.187700 0.439200
vt 0.501300 0.148600
vt 0.418900 0.289300
vt 0.610800 0.240200
vt 0.892500 0.459200
vt 0.950200 0.348600
vt 0.811800 0.349800
vt 0.720300 0.111200
vt 0.623100 0.216700
vt 0.800600 0.109000
vt 0.107000 0.606700
vt 0.061600 0.495800
vt 0.021600 0.686000
vt 0.655900 0.492800
vt 0.614800 0.501000
vt 0.662500 0.597600
vt 0.473100 0.577700
vt 0.660700 0.678700
vt 0.614800 0.501000
vt 0.506500 0.708400
vt 0.660700 0.678700
vt 0.478300 0.666100
vt 0.443200 0.614200
vt 0.371700 0.623200
vt 0.451500 0.711000
vt 0.687500 0.383100
vt 0.607100 0.338600
vt 0.666900 0.447700
vt 0.607100 0.338600
vt 0.687500 0.383100
vt 0.718000 0.308500
vt 0.061600 0.495800
vt 0.107000 0.606700
vt 0.278500 0.552700
vt 0.187700 0.439200
vt 0.061600 0.495800
vt 0.278500 0.552700
vt 0.721800 0.457000
vt 0.771500 0.439800
vt 0.687500 0.383100
vt 0.771500 0.439800
vt 0.721800 0.457000
vt 0.725400 0.531900
vt 0.811800 0.349800
vt 0.783500 0.289000
vt 0.756900 0.354600
vt 0.711500 0.258600
vt 0.783500 0.289000
vt 0.843900 0.287200
vt 0.473100 0.577700
vt 0.403900 0.556900
vt 0.443200 0.614200
vt 0.403900 0.556900
vt 0.473100 0.577700
vt 0.474400 0.386000
vt 0.388400 0.876800
vt 0.444800 0.976500
vt 0.497600 0.843100
vt 0.892500 0.459200
vt 0.785900 0.524000
vt 0.843500 0.603700
vt 0.274400 0.717100
vt 0.198700 0.670300
vt 0.270500 0.823600
vt 0.371700 0.623200
vt 0.198700 0.670300
vt 0.274400 0.717100
vt 0.277600 0.924800
vt 0.270500 0.823600
vt 0.177500 0.863400
vt 0.932300 0.253800
vt 0.843900 0.287200
vt 0.950200 0.348600
vt 0.655900 0.492800
vt 0.633500 0.441200
vt 0.614800 0.501000
vt 0.721800 0.457000
vt 0.666900 0.447700
vt 0.655900 0.492800
vt 0.363100 0.832300
vt 0.384500 0.702300
vt 0.270500 0.823600
vt 0.270500 0.823600
vt 0.277600 0.924800
vt 0.388400 0.876800
vt 0.711500 0.258600
vt 0.623100 0.216700
vt 0.718000 0.308500
vt 0.783500 0.289000
vt 0.711500 0.258600
vt 0.718000 0.308500
vt 0.242600 0.286000
vt 0.061600 0.495800
vt 0.187700 0.439200
vt 0.418900 0.289300
vt 0.242600 0.286000
vt 0.187700 0.439200
vt 0.785900 0.524000
vt 0.752900 0.573200
vt 0.843500 0.603700
vt 0.785900 0.524000
vt 0.771500 0.439800
vt 0.725400 0.531900
vt 0.811800 0.349800
vt 0.950200 0.348600
vt 0.843900 0.287200
vt 0.843900 0.287200
vt 0.783500 0.289000
vt 0.811800 0.349800
vt 0.506500 0.708400
vt 0.451500 0.711000
vt 0.363100 0.832300
vt 0.506500 0.708400
vt 0.478300 0.666100
vt 0.451500 0.711000
vt 0.403900 0.556900
vt 0.474400 0.386000
vt 0.418900 0.289300
vt 0.474400 0.386000
vt 0.560300 0.327000
vt 0.418900 0.289300
vt 0.575100 0.427800
vt 0.614800 0.501000
vt 0.633500 0.441200
vt 0.575100 0.427800
vt 0.474400 0.386000
vt 0.614800 0.501000
vt 0.623100 0.216700
vt 0.720300 0.111200
vt 0.669200 0.032500
vt 0.800600 0.109000
vt 0.669200 0.032500
vt 0.720300 0.111200
vt 0.610800 0.240200
vt 0.718000 0.308500
vt 0.623100 0.216700
vt 0.610800 0.240200
vt 0.623100 0.216700
vt 0.501300 0.148600
vt 0.278500 0.552700
vt 0.107000 0.606700
vt 0.198700 0.670300
vt 0.198700 0.670300
vt 0.107000 0.606700
vt 0.068400 0.815900
vt 0.443200 0.614200
vt 0.478300 0.666100
vt 0.473100 0.577700
vt 0.478300 0.666100
vt 0.443200 0.614200
vt 0.451500 0.711000
vt 0.932300 0.253800
vt 0.847700 0.204700
vt 0.843900 0.287200
vt 0.177500 0.863400
vt 0.198700 0.670300
vt 0.068400 0.815900
vt 0.451500 0.711000
vt 0.371700 0.623200
vt 0.384500 0.702300
vt 0.384500 0.702300
vt 0.371700 0.623200
vt 0.274400 0.717100
vt 0.633500 0.441200
vt 0.655900 0.492800
vt 0.666900 0.447700
vt 0.666900 0.447700
vt 0.607100 0.338600
vt 0.633500 0.441200
vt 0.388400 0.876800
vt 0.363100 0.832300
vt 0.270500 0.823600
vt 0.497600 0.843100
vt 0.363100 0.832300
vt 0.388400 0.876800
vt 0.444800 0.976500
vt 0.594100 0.852400
vt 0.497600 0.843100
vt 0.497600 0.843100
vt 0.594100 0.852400
vt 0.506500 0.708400
vt 0.662500 0.597600
vt 0.660700 0.678700
vt 0.752900 0.573200
vt 0.660700 0.678700
vt 0.662500 0.597600
vt 0.614800 0.501000
vt 0.725400 0.531900
vt 0.752900 0.573200
vt 0.785900 0.524000
vt 0.725400 0.531900
vt 0.662500 0.597600
vt 0.752900 0.573200
vt 0.756900 0.354600
vt 0.783500 0.289000
vt 0.718000 0.308500
vt 0.687500 0.383100
vt 0.756900 0.354600
vt 0.718000 0.308500
vt 0.633500 0.441200
vt 0.607100 0.338600
vt 0.560300 0.327000
vt 0.607100 0.338600
vt 0.610800 0.240200
vt 0.560300 0.327000
vt 0.843900 0.287200
vt 0.847700 0.204700
vt 0.711500 0.258600
vt 0.478300 0.666100
vt 0.660700 0.678700
vt 0.473100 0.577700
vt 0.771500 0.439800
vt 0.811800 0.349800
vt 0.756900 0.354600
vt 0.560300 0.327000
vt 0.610800 0.240200
vt 0.418900 0.289300
vt 0.278500 0.552700
vt 0.371700 0.623200
vt 0.403900 0.556900
vt 0.107000 0.606700
vt 0.021600 0.686000
vt 0.068400 0.815900
vt 0.660700 0.678700
vt 0.506500 0.708400
vt 0.594100 0.852400
vt 0.843500 0.603700
vt 0.752900 0.573200
vt 0.660700 0.678700
vt 0.687500 0.383100
vt 0.771500 0.439800
vt 0.756900 0.354600
vt 0.669200 0.032500
vt 0.501300 0.148600
vt 0.623100 0.216700
vt 0.847700 0.204700
vt 0.800600 0.109000
vt 0.711500 0.258600
vt 0.771500 0.439800
vt 0.892500 0.459200
vt 0.811800 0.349800
vt 0.198700 0.670300
vt 0.177500 0.863400
vt 0.270500 0.823600
vt 0.384500 0.702300
vt 0.363100 0.832300
vt 0.451500 0.711000
vt 0.403900 0.556900
vt 0.371700 0.623200
vt 0.443200 0.614200
vt 0.560300 0.327000
vt 0.474400 0.386000
vt 0.575100 0.427800
vt 0.725400 0.531900
vt 0.655900 0.492800
vt 0.662500 0.597600
vt 0.614800 0.501000
vt 0.474400 0.386000
vt 0.473100 0.577700
vt 0.278500 0.552700
vt 0.403900 0.556900
vt 0.187700 0.439200
vt 0.771500 0.439800
vt 0.785900 0.524000
vt 0.892500 0.459200
vt 0.725400 0.531900
vt 0.721800 0.457000
vt 0.655900 0.492800
vt 0.687500 0.383100
vt 0.666900 0.447700
vt 0.721800 0.457000
vt 0.633500 0.441200
vt 0.560300 0.327000
vt 0.575100 0.427800
vt 0.274400 0.717100
vt 0.270500 0.823600
vt 0.384500 0.702300
vt 0.278500 0.552700
vt 0.198700 0.670300
vt 0.371700 0.623200
vt 0.800600 0.109000
vt 0.623100 0.216700
vt 0.711500 0.258600
vt 0.718000 0.308500
vt 0.610800 0.240200
vt 0.607100 0.338600
vt 0.388400 0.876800
vt 0.277600 0.924800
vt 0.444800 0.976500
vt 0.363100 0.832300
vt 0.497600 0.843100
vt 0.506500 0.708400
vt 0.403900 0.556900
vt 0.418900 0.289300
vt 0.187700 0.439200
vt 0.501300 0.148600
vt 0.418900 0.289300
vt 0.610800 0.240200
vt 0.892500 0.459200
vt 0.950200 0.348600
vt 0.811800 0.349800
vt 0.720300 0.111200
vt 0.623100 0.216700
vt 0.800600 0.109000
vt 0.107000 0.606700
vt 0.061600 0.495800
vt 0.021600 0.686000
vt 0.655900 0.492800
vt 0.614800 0.501000
vt 0.662500 0.597600
vt 0.473100 0.577700
vt 0.660700 0.678700
vt 0.614800 0.501000
vt 0.506500 0.708400
vt 0.660700 0.678700
vt 0.478300 0.666100
vt 0.443200 0.614200
vt 0.371700 0.623200
vt 0.451500 0.711000
vt 0.687500 0.383100
vt 0.607100 0.338600
vt 0.666900 0.447700
vt 0.607100 0.338600
vt 0.687500 0.383100
vt 0.718000 0.308500
vt 0.061600 0.495800
vt 0.107000 0.606700
vt 0.278500 0.552700
vt 0.187700 0.439200
vt 0.061600 0.495800
vt 0.278500 0.552700
vt 0.721800 0.457000
vt 0.771500 0.439800
vt 0.687500 0.383100
vt 0.771500 0.439800
vt 0.721800 0.457000
vt 0.725400 0.531900
vt 0.811800 0.349800
vt 0.783500 0.289000
vt 0.756900 0.354600
vt 0.711500 0.258600
vt 0.783500 0.289000
vt 0.843900 0.287200
vt 0.473100 0.577700
vt 0.403900 0.556900
vt 0.443200 0.614200
vt 0.403900 0.556900
vt 0.473100 0.577700
vt 0.474400 0.386000
vt 0.388400 0.876800
vt 0.444800 0.976500
vt 0.497600 0.843100
vt 0.892500 0.459200
vt 0.785900 0.524000
vt 0.843500 0.603700
vt 0.274400 0.717100
vt 0.198700 0.670300
vt 0.270500 0.823600
vt 0.371700 0.623200
vt 0.198700 0.670300
vt 0.274400 0.717100
vt 0.277600 0.924800
vt 0.270500 0.823600
vt 0.177500 0.863400
vt 0.932300 0.253800
vt 0.843900 0.287200
vt 0.950200 0.348600
vt 0.655900 0.492800
vt 0.633500 0.441200
vt 0.614800 0.501000
vt 0.721800 0.457000
vt 0.666900 0.447700
vt 0.655900 0.492800
vt 0.363100 0.832300
vt 0.384500 0.702300
vt 0.270500 0.823600
vt 0.270500 0.823600
vt 0.277600 0.924800
vt 0.388400 0.876800
vt 0.711500 0.258600
vt 0.623100 0.216700
vt 0.718000 0.308500
vt 0.783500 0.289000
vt 0.711500 0.258600
vt 0.718000 0.308500
vt 0.242600 0.286000
vt 0.061600 0.495800
vt 0.187700 0.439200
vt 0.418900 0.289300
vt 0.242600 0.286000
vt 0.187700 0.439200
vt 0.785900 0.524000
vt 0.752900 0.573200
vt 0.843500 0.603700
vt 0.785900 0.524000
vt 0.771500 0.439800
vt 0.725400 0.531900
vt 0.811800 0.349800
vt 0.950200 0.348600
vt 0.843900 0.287200
vt 0.843900 0.287200
vt 0.783500 0.289000
vt 0.811800 0.349800
vt 0.506500 0.708400
vt 0.451500 0.711000
vt 0.363100 0.832300
vt 0.506500 0.708400
vt 0.478300 0.666100
vt 0.451500 0.711000
vt 0.403900 0.556900
vt 0.474400 0.386000
vt 0.418900 0.289300
vt 0.474400 0.386000
vt 0.560300 0.327000
vt 0.418900 0.289300
vt 0.575100 0.427800
vt 0.614800 0.501000
vt 0.633500 0.441200
vt 0.575100 0.427800
vt 0.474400 0.386000
vt 0.614800 0.501000
vt 0.623100 0.216700
vt 0.720300 0.111200
vt 0.669200 0.032500
vt 0.800600 0.109000
vt 0.669200 0.032500
vt 0.720300 0.111200
vt 0.610800 0.240200
vt 0.718000 0.308500
vt 0.623100 0.216700
vt 0.610800 0.240200
vt 0.623100 0.216700
vt 0.501300 0.148600
vt 0.278500 0.552700
vt 0.107000 0.606700
vt 0.198700 0.670300
vt 0.198700 0.670300
vt 0.107000 0.606700
vt 0.068400 0.815900
vt 0.443200 0.614200
vt 0.478300 0.666100
vt 0.473100 0.577700
vt 0.478300 0.666100
vt 0.443200 0.614200
vt 0.451500 0.711000
vt 0.932300 0.253800
vt 0.847700 0.204700
vt 0.843900 0.287200
vt 0.177500 0.863400
vt 0.198700 0.670300
vt 0.068400 0.815900
vt 0.451500 0.711000
vt 0.371700 0.623200
vt 0.384500 0.702300
vt 0.384500 0.702300
vt 0.371700 0.623200
vt 0.274400 0.717100
vt 0.633500 0.441200
vt 0.655900 0.492800
vt 0.666900 0.447700
vt 0.666900 0.447700
vt 0.607100 0.338600
vt 0.633500 0.441200
vt 0.388400 0.876800
vt 0.363100 0.832300
vt 0.270500 0.823600
vt 0.497600 0.843100
vt 0.363100 0.832300
vt 0.388400 0.876800
vt 0.444800 0.976500
vt 0.594100 0.852400
vt 0.497600 0.843100
vt 0.497600 0.843100
vt 0.594100 0.852400
vt 0.506500 0.708400
vt 0.662500 0.597600
vt 0.660700 0.678700
vt 0.752900 0.573200
vt 0.660700 0.678700
vt 0.662500 0.597600
vt 0.614800 0.501000
vt 0.725400 0.531900
vt 0.752900 0.573200
vt 0.785900 0.524000
vt 0.725400 0.531900
vt 0.662500 0.597600
vt 0.752900 0.573200
vt 0.756900 0.354600
vt 0.783500 0.289000
vt 0.718000 0.308500
vt 0.687500 0.383100
vt 0.756900 0.354600
vt 0.718000 0.308500
vt 0.633500 0.441200
vt 0.607100 0.338600
vt 0.560300 0.327000
vt 0.607100 0.338600
vt 0.610800 0.240200
vt 0.560300 0.327000
vt 0.843900 0.287200
vt 0.847700 0.204700
vt 0.711500 0.258600
vt 0.478300 0.666100
vt 0.660700 0.678700
vt 0.473100 0.577700
vt 0.771500 0.439800
vt 0.811800 0.349800
vt 0.756900 0.354600
vt 0.560300 0.327000
vt 0.610800 0.240200
vt 0.418900 0.289300
vt 0.278500 0.552700
vt 0.371700 0.623200
vt 0.403900 0.556900
vt 0.107000 0.606700
vt 0.021600 0.686000
vt 0.068400 0.815900
vt 0.660700 0.678700
vt 0.506500 0.708400
vt 0.594100 0.852400
vt 0.843500 0.603700
vt 0.752900 0.573200
vt 0.660700 0.678700
vt 0.687500 0.383100
vt 0.771500 0.439800
vt 0.756900 0.354600
vt 0.669200 0.032500
vt 0.501300 0.148600
vt 0.623100 0.216700
vt 0.847700 0.204700
vt 0.800600 0.109000
vt 0.711500 0.258600
vt 0.771500 0.439800
vt 0.892500 0.459200
vt 0.811800 0.349800
vt 0.198700 0.670300
vt 0.177500 0.863400
vt 0.270500 0.823600
vt 0.384500 0.702300
vt 0.363100 0.832300
vt 0.451500 0.711000
vt 0.403900 0.556900
vt 0.371700 0.623200
vt 0.443200 0.614200
vt 0.560300 0.327000
vt 0.474400 0.386000
vt 0.575100 0.427800
vt 0.725400 0.531900
vt 0.655900 0.492800
vt 0.662500 0.597600
vt 0.614800 0.501000
vt 0.474400 0.386000
vt 0.473100 0.577700
vt 0.278500 0.552700
vt 0.403900 0.556900
vt 0.187700 0.439200
vt 0.771500 0.439800
vt 0.785900 0.524000
vt 0.892500 0.459200
vt 0.725400 0.531900
vt 0.721800 0.457000
vt 0.655900 0.492800
vt 0.687500 0.383100
vt 0.666900 0.447700
vt 0.721800 0.457000
vt 0.633500 0.441200
vt 0.560300 0.327000
vt 0.575100 0.427800
vt 0.274400 0.717100
vt 0.270500 0.823600
vt 0.384500 0.702300
vt 0.278500 0.552700
vt 0.198700 0.670300
vt 0.371700 0.623200
vt 0.800600 0.109000
vt 0.623100 0.216700
vt 0.711500 0.258600
vt 0.718000 0.308500
vt 0.610800 0.240200
vt 0.607100 0.338600
vt 0.388400 0.876800
vt 0.277600 0.924800
vt 0.444800 0.976500
vt 0.363100 0.832300
vt 0.497600 0.843100
vt 0.506500 0.708400
vt 0.403900 0.556900
vt 0.418900 0.289300
vt 0.187700 0.439200
vt 0.501300 0.148600
vt 0.418900 0.289300
vt 0.610800 0.240200
vt 0.892500 0.459200
vt 0.950200 0.348600
vt 0.811800 0.349800
vt 0.720300 0.111200
vt 0.623100 0.216700
vt 0.800600 0.109000
vt 0.107000 0.606700
vt 0.061600 0.495800
vt 0.021600 0.686000
vt 0.655900 0.492800
vt 0.614800 0.501000
vt 0.662500 0.597600
vt 0.473100 0.577700
vt 0.660700 0.678700
vt 0.614800 0.501000
vt 0.506500 0.708400
vt 0.660700 0.678700
vt 0.478300 0.666100
vt 0.443200 0.614200
vt 0.371700 0.623200
vt 0.451500 0.711000
vt 0.687500 0.383100
vt 0.607100 0.338600
vt 0.666900 0.447700
vt 0.607100 0.338600
vt 0.687500 0.383100
vt 0.718000 0.308500
vt 0.061600 0.495800
vt 0.107000 0.606700
vt 0.278500 0.552700
vt 0.187700 0.439200
vt 0.061600 0.495800
vt 0.278500 0.552700
vt 0.721800 0.457000
vt 0.771500 0.439800
vt 0.687500 0.383100
vt 0.771500 0.439800
vt 0.721800 0.457000
vt 0.725400 0.531900
vt 0.811800 0.349800
vt 0.783500 0.289000
vt 0.756900 0.354600
vt 0.711500 0.258600
vt 0.783500 0.289000
vt 0.843900 0.287200
vt 0.473100 0.577700
vt 0.403900 0.556900
vt 0.443200 0.614200
vt 0.403900 0.556900
vt 0.473100 0.577700
vt 0.474400 0.386000
vt 0.388400 0.876800
vt 0.444800 0.976500
vt 0.497600 0.843100
vt 0.892500 0.459200
vt 0.785900 0.524000
vt 0.843500 0.603700
vt 0.274400 0.717100
vt 0.198700 0.670300
vt 0.270500 0.823600
vt 0.371700 0.623200
vt 0.198700 0.670300
vt 0.274400 0.717100
vt 0.277600 0.924800
vt 0.270500 0.823600
vt 0.177500 0.863400
vt 0.932300 0.253800
vt 0.843900 0.287200
vt 0.950200 0.348600
vt 0.655900 0.492800
vt 0.633500 0.441200
vt 0.614800 0.501000
vt 0.721800 0.457000
vt 0.666900 0.447700
vt 0.655900 0.492800
vt 0.363100 0.832300
vt 0.384500 0.702300
vt 0.270500 0.823600
vt 0.270500 0.823600
vt 0.277600 0.924800
vt 0.388400 0.876800
vt 0.711500 0.258600
vt 0.623100 0.216700
vt 0.718000 0.308500
vt 0.783500 0.289000
vt 0.711500 0.258600
vt 0.718000 0.308500
vt 0.242600 0.286000
vt 0.061600 0.495800
vt 0.187700 0.439200
vt 0.418900 0.289300
vt 0.242600 0.286000
vt 0.187700 0.439200
vt 0.785900 0.524000
vt 0.752900 0.573200
vt 0.843500 0.603700
vt 0.785900 0.524000
vt 0.771500 0.439800
vt 0.725400 0.531900
vt 0.811800 0.349800
vt 0.950200 0.348600
vt 0.843900 0.287200
vt 0.843900 0.287200
vt 0.783500 0.289000
vt 0.811800 0.349800
vt 0.506500 0.708400
vt 0.451500 0.711000
vt 0.363100 0.832300
vt 0.506500 0.708400
vt 0.478300 0.666100
vt 0.451500 0.711000
vt 0.403900 0.556900
vt 0.474400 0.386000
vt 0.418900 0.289300
vt 0.474400 0.386000
vt 0.560300 0.327000
vt 0.418900 0.289300
vt 0.575100 0.427800
vt 0.614800 0.501000
vt 0.633500 0.441200
vt 0.575100 0.427800
vt 0.474400 0.386000
vt 0.614800 0.501000
vt 0.623100 0.216700
vt 0.720300 0.111200
vt 0.669200 0.032500
vt 0.800600 0.109000
vt 0.669200 0.032500
vt 0.720300 0.111200
vt 0.610800 0.240200
vt 0.718000 0.308500
vt 0.623100 0.216700
vt 0.610800 0.240200
vt 0.623100 0.216700
vt 0.501300 0.148600
vt 0.278500 0.552700
vt 0.107000 0.606700
vt 0.198700 0.670300
vt 0.198700 0.670300
vt 0.107000 0.606700
vt 0.068400 0.815900
vt 0.443200 0.614200
vt 0.478300 0.666100
vt 0.473100 0.577700
vt 0.478300 0.666100
vt 0.443200 0.614200
vt 0.451500 0.711000
vt 0.932300 0.253800
vt 0.847700 0.204700
vt 0.843900 0.287200
vt 0.177500 0.863400
vt 0.198700 0.670300
vt 0.068400 0.815900
vt 0.451500 0.711000
vt 0.371700 0.623200
vt 0.384500 0.702300
vt 0.384500 0.702300
vt 0.371700 0.623200
vt 0.274400 0.717100
vt 0.633500 0.441200
vt 0.655900 0.492800
vt 0.666900 0.447700
vt 0.666900 0.447700
vt 0.607100 0.338600
vt 0.633500 0.441200
vt 0.388400 0.876800
vt 0.363100 0.832300
vt 0.270500 0.823600
vt 0.497600 0.843100
vt 0.363100 0.832300
vt 0.388400 0.876800
vt 0.444800 0.976500
vt 0.594100 0.852400
vt 0.497600 0.843100
vt 0.497600 0.843100
vt 0.594100 0.852400
vt 0.506500 0.708400
vt 0.662500 0.597600
vt 0.660700 0.678700
vt 0.752900 0.573200
vt 0.660700 0.678700
vt 0.662500 0.597600
vt 0.614800 0.501000
vt 0.725400 0.531900
vt 0.752900 0.573200
vt 0.785900 0.524000
vt 0.725400 0.531900
vt 0.662500 0.597600
vt 0.752900 0.573200
vt 0.756900 0.354600
vt 0.783500 0.289000
vt 0.718000 0.308500
vt 0.687500 0.383100
vt 0.756900 0.354600
vt 0.718000 0.308500
vt 0.633500 0.441200
vt 0.607100 0.338600
vt 0.560300 0.327000
vt 0.607100 0.338600
vt 0.610800 0.240200
vt 0.560300 0.327000
vt 0.843900 0.287200
vt 0.847700 0.204700
vt 0.711500 0.258600
vt 0.478300 0.666100
vt 0.660700 0.678700
vt 0.473100 0.577700
vt 0.771500 0.439800
vt 0.811800 0.349800
vt 0.756900 0.354600
vt 0.560300 0.327000
vt 0.610800 0.240200
vt 0.418900 0.289300
vt 0.278500 0.552700
vt 0.371700 0.623200
vt 0.403900 0.556900
vt 0.107000 0.606700
vt 0.021600 0.686000
vt 0.068400 0.815900
vt 0.660700 0.678700
vt 0.506500 0.708400
vt 0.594100 0.852400
vt 0.843500 0.603700
vt 0.752900 0.573200
vt 0.660700 0.678700
vt 0.687500 0.383100
vt 0.771500 0.439800
vt 0.756900 0.354600
vt 0.669200 0.032500
vt 0.501300 0.148600
vt 0.623100 0.216700
vt 0.847700 0.204700
vt 0.800600 0.109000
vt 0.711500 0.258600
vt 0.771500 0.439800
vt 0.892500 0.459200
vt 0.811800 0.349800
vt 0.198700 0.670300
vt 0.177500 0.863400
vt 0.270500 0.823600
vt 0.384500 0.702300
vt 0.363100 0.832300
vt 0.451500 0.711000
vt 0.403900 0.556900
vt 0.371700 0.623200
vt 0.443200 0.614200
vt 0.560300 0.327000
vt 0.474400 0.386000
vt 0.575100 0.427800
vt 0.725400 0.531900
vt 0.655900 0.492800
vt 0.662500 0.597600
vt 0.614800 0.501000
vt 0.474400 0.386000
vt 0.473100 0.577700
vt 0.278500 0.552700
vt 0.403900 0.556900
vt 0.187700 0.439200
vt 0.771500 0.439800
vt 0.785900 0.524000
vt 0.892500 0.459200
vt 0.725400 0.531900
vt 0.721800 0.457000
vt 0.655900 0.492800
vt 0.687500 0.383100
vt 0.666900 0.447700
vt 0.721800 0.457000
vt 0.633500 0.441200
vt 0.560300 0.327000
vt 0.575100 0.427800
vt 0.274400 0.717100
vt 0.270500 0.823600
vt 0.384500 0.702300
vt 0.278500 0.552700
vt 0.198700 0.670300
vt 0.371700 0.623200
vt 0.800600 0.109000
vt 0.623100 0.216700
vt 0.711500 0.258600
vt 0.718000 0.308500
vt 0.610800 0.240200
vt 0.607100 0.338600
vt 0.388400 0.876800
vt 0.277600 0.924800
vt 0.444800 0.976500
vt 0.363100 0.832300
vt 0.497600 0.843100
vt 0.506500 0.708400
vt 0.403900 0.556900
vt 0.418900 0.289300
vt 0.187700 0.439200
vt 0.501300 0.148600
vt 0.418900 0.289300
vt 0.610800 0.240200
vt 0.892500 0.459200
vt 0.950200 0.348600
vt 0.811800 0.349800
vt 0.720300 0.111200
vt 0.623100 0.216700
vt 0.800600 0.109000
vt 0.107000 0.606700
vt 0.061600 0.495800
vt 0.021600 0.686000
vt 0.655900 0.492800
vt 0.614800 0.501000
vt 0.662500 0.597600
vt 0.473100 0.577700
vt 0.660700 0.678700
vt 0.614800 0.501000
vt 0.506500 0.708400
vt 0.660700 0.678700
vt 0.478300 0.666100
vt 0.443200 0.614200
vt 0.371700 0.623200
vt 0.451500 0.711000
vt 0.687500 0.383100
vt 0.607100 0.338600
vt 0.666900 0.447700
vt 0.607100 0.338600
vt 0.687500 0.383100
vt 0.718000 0.308500
vt 0.061600 0.495800
vt 0.107000 0.606700
vt 0.278500 0.552700
vt 0.187700 0.439200
vt 0.061600 0.495800
vt 0.278500 0.552700
vt 0.721800 0.457000
vt 0.771500 0.439800
vt 0.687500 0.383100
vt 0.771500 0.439800
vt 0.721800 0.457000
vt 0.725400 0.531900
vt 0.811800 0.349800
vt 0.783500 0.289000
vt 0.756900 0.354600
vt 0.711500 0.258600
vt 0.783500 0.289000
vt 0.843900 0.287200
vt 0.473100 0.577700
vt 0.403900 0.556900
vt 0.443200 0.614200
vt 0.403900 0.556900
vt 0.473100 0.577700
vt 0.474400 0.386000
vt 0.388400 0.876800
vt 0.444800 0.976500
vt 0.497600 0.843100
vt 0.892500 0.459200
vt 0.785900 0.524000
vt 0.843500 0.603700
vt 0.274400 0.717100
vt 0.198700 0.670300
vt 0.270500 0.823600
vt 0.371700 0.623200
vt 0.198700 0.670300
vt 0.274400 0.717100
vt 0.277600 0.924800
vt 0.270500 0.823600
vt 0.177500 0.863400
vt 0.932300 0.253800
vt 0.843900 0.287200
vt 0.950200 0.348600
vt 0.655900 0.492800
vt 0.633500 0.441200
vt 0.614800 0.501000
vt 0.721800 0.457000
vt 0.666900 0.447700
vt 0.655900 0.492800
vt 0.363100 0.832300
vt 0.384500 0.702300
vt 0.270500 0.823600
vt 0.270500 0.823600
vt 0.277600 0.924800
vt 0.388400 0.876800
vt 0.711500 0.258600
vt 0.623100 0.216700
vt 0.718000 0.308500
vt 0.783500 0.289000
vt 0.711500 0.258600
vt 0.718000 0.308500
vt 0.242600 0.286000
vt 0.061600 0.495800
vt 0.187700 0.439200
vt 0.418900 0.289300
vt 0.242600 0.286000
vt 0.187700 0.439200
vt 0.785900 0.524000
vt 0.752900 0.573200
vt 0.843500 0.603700
vt 0.785900 0.524000
vt 0.771500 0.439800
vt 0.725400 0.531900
vt 0.811800 0.349800
vt 0.950200 0.348600
vt 0.843900 0.287200
vt 0.843900 0.287200
vt 0.783500 0.289000
vt 0.811800 0.349800
vt 0.506500 0.708400
vt 0.451500 0.711000
vt 0.363100 0.832300
vt 0.506500 0.708400
vt 0.478300 0.666100
vt 0.451500 0.711000
vt 0.403900 0.556900
vt 0.474400 0.386000
vt 0.418900 0.289300
vt 0.474400 0.386000
vt 0.560300 0.327000
vt 0.418900 0.289300
vt 0.575100 0.427800
vt 0.614800 0.501000
vt 0.633500 0.441200
vt 0.575100 0.427800
vt 0.474400 0.386000
vt 0.614800 0.501000
vt 0.623100 0.216700
vt 0.720300 0.111200
vt 0.669200 0.032500
vt 0.800600 0.109000
vt 0.669200 0.032500
vt 0.720300 0.111200
vt 0.610800 0.240200
vt 0.718000 0.308500
vt 0.623100 0.216700
vt 0.610800 0.240200
vt 0.623100 0.216700
vt 0.501300 0.148600
vt 0.278500 0.552700
vt 0.107000 0.606700
vt 0.198700 0.670300
vt 0.198700 0.670300
vt 0.107000 0.606700
vt 0.068400 0.815900
vt 0.443200 0.614200
vt 0.478300 0.666100
vt 0.473100 0.577700
vt 0.478300 0.666100
vt 0.443200 0.614200
vt 0.451500 0.711000
vt 0.932300 0.253800
vt 0.847700 0.204700
vt 0.843900 0.287200
vt 0.177500 0.863400
vt 0.198700 0.670300
vt 0.068400 0.815900
vt 0.451500 0.711000
vt 0.371700 0.623200
vt 0.384500 0.702300
vt 0.384500 0.702300
vt 0.371700 0.623200
vt 0.274400 0.717100
vt 0.633500 0.441200
vt 0.655900 0.492800
vt 0.666900 0.447700
vt 0.666900 0.447700
vt 0.607100 0.338600
vt 0.633500 0.441200
vt 0.388400 0.876800
vt 0.363100 0.832300
vt 0.270500 0.823600
vt 0.497600 0.843100
vt 0.363100 0.832300
vt 0.388400 0.876800
vt 0.444800 0.976500
vt 0.594100 0.852400
vt 0.497600 0.843100
vt 0.497600 0.843100
vt 0.594100 0.852400
vt 0.506500 0.708400
vt 0.662500 0.597600
vt 0.660700 0.678700
vt 0.752900 0.573200
vt 0.660700 0.678700
vt 0.662500 0.597600
vt 0.614800 0.501000
vt 0.725400 0.531900
vt 0.752900 0.573200
vt 0.785900 0.524000
vt 0.725400 0.531900
vt 0.662500 0.597600
vt 0.752900 0.573200
vt 0.756900 0.354600
vt 0.783500 0.289000
vt 0.718000 0.308500
vt 0.687500 0.383100
vt 0.756900 0.354600
vt 0.718000 0.308500
vt 0.633500 0.441200
vt 0.607100 0.338600
vt 0.560300 0.327000
vt 0.607100 0.338600
vt 0.610800 0.240200
vt 0.560300 0.327000
vt 0.843900 0.287200
vt 0.847700 0.204700
vt 0.711500 0.258600
vt 0.478300 0.666100
vt 0.660700 0.678700
vt 0.473100 0.577700
vt 0.771500 0.439800
vt 0.811800 0.349800
vt 0.756900 0.354600
vt 0.560300 0.327000
vt 0.610800 0.240200
vt 0.418900 0.289300
vt 0.278500 0.552700
vt 0.371700 0.623200
vt 0.403900 0.556900
vt 0.107000 0.606700
vt 0.021600 0.686000
vt 0.068400 0.815900
vt 0.660700 0.678700
vt 0.506500 0.708400
vt 0.594100 0.852400
vt 0.843500 0.603700
vt 0.752900 0.573200
vt 0.660700 0.678700
vt 0.687500 0.383100
vt 0.771500 0.439800
vt 0.756900 0.354600
vt 0.669200 0.032500
vt 0.501300 0.148600
vt 0.623100 0.216700
vt 0.847700 0.204700
vt 0.800600 0.109000
vt 0.711500 0.258600
vt 0.771500 0.439800
vt 0.892500 0.459200
vt 0.811800 0.349800
vt 0.198700 0.670300
vt 0.177500 0.863400
vt 0.270500 0.823600
vt 0.384500 0.702300
vt 0.363100 0.832300
vt 0.451500 0.711000
vt 0.403900 0.556900
vt 0.371700 0.623200
vt 0.443200 0.614200
vt 0.560300 0.327000
vt 0.474400 0.386000
vt 0.575100 0.427800
vt 0.725400 0.531900
vt 0.655900 0.492800
vt 0.662500 0.597600
vt 0.614800 0.501000
vt 0.474400 0.386000
vt 0.473100 0.577700
vt 0.278500 0.552700
vt 0.403900 0.556900
vt 0.187700 0.439200
vt 0.771500 0.439800
vt 0.785900 0.524000
vt 0.892500 0.459200
vt 0.725400 0.531900
vt 0.721800 0.457000
vt 0.655900 0.492800
vt 0.687500 0.383100
vt 0.666900 0.447700
vt 0.721800 0.457000
vt 0.633500 0.441200
vt 0.560300 0.327000
vt 0.575100 0.427800
vt 0.274400 0.717100
vt 0.270500 0.823600
vt 0.384500 0.702300
vt 0.278500 0.552700
vt 0.198700 0.670300
vt 0.371700 0.623200
vt 0.800600 0.109000
vt 0.623100 0.216700
vt 0.711500 0.258600
vt 0.718000 0.308500
vt 0.610800 0.240200
vt 0.607100 0.338600
vt 0.388400 0.876800
vt 0.277600 0.924800
vt 0.444800 0.976500
vt 0.363100 0.832300
vt 0.497600 0.843100
vt 0.506500 0.708400
vt 0.403900 0.556900
vt 0.418900 0.289300
vt 0.187700 0.439200
vt 0.501300 0.148600
vt 0.418900 0.289300
vt 0.610800 0.240200
vt 0.892500 0.459200
vt 0.950200 0.348600
vt 0.811800 0.349800
vt 0.720300 0.111200
vt 0.623100 0.216700
vt 0.800600 0.109000
vt 0.107000 0.606700
vt 0.061600 0.495800
vt 0.021600 0.686000
vt 0.655900 0.492800
vt 0.614800 0.501000
vt 0.662500 0.597600
vt 0.473100 0.577700
vt 0.660700 0.678700
vt 0.614800 0.501000
vt 0.506500 0.708400
vt 0.660700 0.678700
vt 0.478300 0.666100
vt 0.443200 0.614200
vt 0.371700 0.623200
vt 0.451500 0.711000
vt 0.687500 0.383100
vt 0.607100 0.338600
vt 0.666900 0.447700
vt 0.607100 0.338600
vt 0.687500 0.383100
vt 0.718000 0.308500
vt 0.061600 0.495800
vt 0.107000 0.606700
vt 0.278500 0.552700
vt 0.187700 0.439200
vt 0.061600 0.495800
vt 0.278500 0.552700
vt 0.721800 0.457000
vt 0.771500 0.439800
vt 0.687500 0.383100
vt 0.771500 0.439800
vt 0.721800 0.457000
vt 0.725400 0.531900
vt 0.811800 0.349800
vt 0.783500 0.289000
vt 0.756900 0.354600
vt 0.711500 0.258600
vt 0.783500 0.289000
vt 0.843900 0.287200
vt 0.473100 0.577700
vt 0.403900 0.556900
vt 0.443200 0.614200
vt 0.403900 0.556900
vt 0.473100 0.577700
vt 0.474400 0.386000
vt 0.388400 0.876800
vt 0.444800 0.976500
vt 0.497600 0.843100
vt 0.892500 0.459200
vt 0.785900 0.524000
vt 0.843500 0.603700
vt 0.274400 0.717100
vt 0.198700 0.670300
vt 0.270500 0.823600
vt 0.371700 0.623200
vt 0.198700 0.670300
vt 0.274400 0.717100
vt 0.277600 0.924800
vt 0.270500 0.823600
vt 0.177500 0.863400
vt 0.932300 0.253800
vt 0.843900 0.287200
vt 0.950200 0.348600
vt 0.655900 0.492800
vt 0.633500 0.441200
vt 0.614800 0.501000
vt 0.721800 0.457000
vt 0.666900 0.447700
vt 0.655900 0.492800
vt 0.363100 0.832300
vt 0.384500 0.702300
vt 0.270500 0.823600
vt 0.270500 0.823600
vt 0.277600 0.924800
vt 0.388400 0.876800
vt 0.711500 0.258600
vt 0.623100 0.216700
vt 0.718000 0.308500
vt 0.783500 0.289000
vt 0.711500 0.258600
vt 0.718000 0.308500
vt 0.242600 0.286000
vt 0.061600 0.495800
vt 0.187700 0.439200
vt 0.418900 0.289300
vt 0.242600 0.286000
vt 0.187700 0.439200
vt 0.785900 0.524000
vt 0.752900 0.573200
vt 0.843500 0.603700
vt 0.785900 0.524000
vt 0.771500 0.439800
vt 0.725400 0.531900
vt 0.811800 0.349800
vt 0.950200 0.348600
vt 0.843900 0.287200
vt 0.843900 0.287200
vt 0.783500 0.289000
vt 0.811800 0.349800
vt 0.506500 0.708400
vt 0.451500 0.711000
vt 0.363100 0.832300
vt 0.506500 0.708400
vt 0.478300 0.666100
vt 0.451500 0.711000
vt 0.403900 0.556900
vt 0.474400 0.386000
vt 0.418900 0.289300
vt 0.474400 0.386000
vt 0.560300 0.327000
vt 0.418900 0.289300
vt 0.575100 0.427800
vt 0.614800 0.501000
vt 0.633500 0.441200
vt 0.575100 0.427800
vt 0.474400 0.386000
vt 0.614800 0.501000
vt 0.623100 0.216700
vt 0.720300 0.111200
vt 0.669200 0.032500
vt 0.800600 0.109000
vt 0.669200 0.032500
vt 0.720300 0.111200
vt 0.610800 0.240200
vt 0.718000 0.308500
vt 0.623100 0.216700
vt 0.610800 0.240200
vt 0.623100 0.216700
vt 0.501300 0.148600
vt 0.278500 0.552700
vt 0.107000 0.606700
vt 0.198700 0.670300
vt 0.198700 0.670300
vt 0.107000 0.606700
vt 0.068400 0.815900
vt 0.443200 0.614200
vt 0.478300 0.666100
vt 0.473100 0.577700
vt 0.478300 0.666100
vt 0.443200 0.614200
vt 0.451500 0.711000
vt 0.932300 0.253800
vt 0.847700 0.204700
vt 0.843900 0.287200
vt 0.177500 0.863400
vt 0.198700 0.670300
vt 0.068400 0.815900
vt 0.451500 0.711000
vt 0.371700 0.623200
vt 0.384500 0.702300
vt 0.384500 0.702300
vt 0.371700 0.623200
vt 0.274400 0.717100
vt 0.633500 0.441200
vt 0.655900 0.492800
vt 0.666900 0.447700
vt 0.666900 0.447700
vt 0.607100 0.338600
vt 0.633500 0.441200
vt 0.388400 0.876800
vt 0.363100 0.832300
vt 0.270500 0.823600
vt 0.497600 0.843100
vt 0.363100 0.832300
vt 0.388400 0.876800
vt 0.444800 0.976500
vt 0.594100 0.852400
vt 0.497600 0.843100
vt 0.497600 0.843100
vt 0.594100 0.852400
vt 0.506500 0.708400
vt 0.662500 0.597600
vt 0.660700 0.678700
vt 0.752900 0.573200
vt 0.660700 0.678700
vt 0.662500 0.597600
vt 0.614800 0.501000
vt 0.725400 0.531900
vt 0.752900 0.573200
vt 0.785900 0.524000
vt 0.725400 0.531900
vt 0.662500 0.597600
vt 0.752900 0.573200
vt 0.756900 0.354600
vt 0.783500 0.289000
vt 0.718000 0.308500
vt 0.687500 0.383100
vt 0.756900 0.354600
vt 0.718000 0.308500
vt 0.633500 0.441200
vt 0.607100 0.338600
vt 0.560300 0.327000
vt 0.607100 0.338600
vt 0.610800 0.240200
vt 0.560300 0.327000
vt 0.843900 0.287200
vt 0.847700 0.204700
vt 0.711500 0.258600
vt 0.478300 0.666100
vt 0.660700 0.678700
vt 0.473100 0.577700
vt 0.771500 0.439800
vt 0.811800 0.349800
vt 0.756900 0.354600
vt 0.560300 0.327000
vt 0.610800 0.240200
vt 0.418900 0.289300
vt 0.278500 0.552700
vt 0.371700 0.623200
vt 0.403900 0.556900
vt 0.107000 0.606700
vt 0.021600 0.686000
vt 0.068400 0.815900
vt 0.660700 0.678700
vt 0.506500 0.708400
vt 0.594100 0.852400
vt 0.843500 0.603700
vt 0.752900 0.573200
vt 0.660700 0.678700
vt 0.687500 0.383100
vt 0.771500 0.439800
vt 0.756900 0.354600
vt 0.669200 0.032500
vt 0.501300 0.148600
vt 0.623100 0.216700
vt 0.847700 0.204700
vt 0.800600 0.109000
vt 0.711500 0.258600
vt 0.771500 0.439800
vt 0.892500 0.459200
vt 0.811800 0.349800
vt 0.198700 0.670300
vt 0.177500 0.863400
vt 0.270500 0.823600
vt 0.384500 0.702300
vt 0.363100 0.832300
vt 0.451500 0.711000
vt 0.403900 0.556900
vt 0.371700 0.623200
vt 0.443200 0.614200
vt 0.560300 0.327000
vt 0.474400 0.386000
vt 0.575100 0.427800
vt 0.725400 0.531900
vt 0.655900 0.492800
vt 0.662500 0.597600
vt 0.614800 0.501000
vt 0.474400 0.386000
vt 0.473100 0.577700
vt 0.278500 0.552700
vt 0.403900 0.556900
vt 0.187700 0.439200
vt 0.771500 0.439800
vt 0.785900 0.524000
vt 0.892500 0.459200
vt 0.725400 0.531900
vt 0.721800 0.457000
vt 0.655900 0.492800
vt 0.687500 0.383100
vt 0.666900 0.447700
vt 0.721800 0.457000
vt 0.633500 0.441200
vt 0.560300 0.327000
vt 0.575100 0.427800
vt 0.274400 0.717100
vt 0.270500 0.823600
vt 0.384500 0.702300
vt 0.278500 0.552700
vt 0.198700 0.670300
vt 0.371700 0.623200
vt 0.800600 0.109000
vt 0.623100 0.216700
vt 0.711500 0.258600
vt 0.718000 0.308500
vt 0.610800 0.240200
vt 0.607100 0.338600
vt 0.388400 0.876800
vt 0.277600 0.924800
vt 0.444800 0.976500
vt 0.363100 0.832300
vt 0.497600 0.843100
vt 0.506500 0.708400
vt 0.403900 0.556900
vt 0.418900 0.289300
vt 0.187700 0.439200
vt 0.501300 0.148600
vt 0.418900 0.289300
vt 0.610800 0.240200
vt 0.892500 0.459200
vt 0.950200 0.348600
vt 0.811800 0.349800
vt 0.720300 0.111200
vt 0.623100 0.216700
vt 0.800600 0.109000
vt 0.107000 0.606700
vt 0.061600 0.495800
vt 0.021600 0.686000
vt 0.655900 0.492800
vt 0.614800 0.501000
vt 0.662500 0.597600
vt 0.473100 0.577700
vt 0.660700 0.678700
vt 0.614800 0.501000
vt 0.506500 0.708400
vt 0.660700 0.678700
vt 0.478300 0.666100
vt 0.443200 0.614200
vt 0.371700 0.623200
vt 0.451500 0.711000
vt 0.687500 0.383100
vt 0.607100 0.338600
vt 0.666900 0.447700
vt 0.607100 0.338600
vt 0.687500 0.383100
vt 0.718000 0.308500
vt 0.061600 0.495800
vt 0.107000 0.606700
vt 0.278500 0.552700
vt 0.187700 0.439200
vt 0.061600 0.495800
vt 0.278500 0.552700
vt 0.721800 0.457000
vt 0.771500 0.439800
vt 0.687500 0.383100
vt 0.771500 0.439800
vt 0.721800 0.457000
vt 0.725400 0.531900
vt 0.811800 0.349800
vt 0.783500 0.289000
vt 0.756900 0.354600
vt 0.711500 0.258600
vt 0.783500 0.289000
vt 0.843900 0.287200
vt 0.473100 0.577700
vt 0.403900 0.556900
vt 0.443200 0.614200
vt 0.403900 0.556900
vt 0.473100 0.577700
vt 0.474400 0.386000
vt 0.388400 0.876800
vt 0.444800 0.976500
vt 0.497600 0.843100
vt 0.892500 0.459200
vt 0.785900 0.524000
vt 0.843500 0.603700
vt 0.274400 0.717100
vt 0.198700 0.670300
vt 0.270500 0.823600
vt 0.371700 0.623200
vt 0.198700 0.670300
vt 0.274400 0.717100
vt 0.277600 0.924800
vt 0.270500 0.823600
vt 0.177500 0.863400
vt 0.932300 0.253800
vt 0.843900 0.287200
vt 0.950200 0.348600
vt 0.655900 0.492800
vt 0.633500 0.441200
vt 0.614800 0.501000
vt 0.721800 0.457000
vt 0.666900 0.447700
vt 0.655900 0.492800
vt 0.363100 0.832300
vt 0.384500 0.702300
vt 0.270500 0.823600
vt 0.270500 0.823600
vt 0.277600 0.924800
vt 0.388400 0.876800
vt 0.711500 0.258600
vt 0.623100 0.216700
vt 0.718000 0.308500
vt 0.783500 0.289000
vt 0.711500 0.258600
vt 0.718000 0.308500
vt 0.242600 0.286000
vt 0.061600 0.495800
vt 0.187700 0.439200
vt 0.418900 0.289300
vt 0.242600 0.286000
vt 0.187700 0.439200
vt 0.785900 0.524000
vt 0.752900 0.573200
vt 0.843500 0.603700
vt 0.785900 0.524000
vt 0.771500 0.439800
vt 0.725400 0.531900
vt 0.811800 0.349800
vt 0.950200 0.348600
vt 0.843900 0.287200
vt 0.843900 0.287200
vt 0.783500 0.289000
vt 0.811800 0.349800
vt 0.506500 0.708400
vt 0.451500 0.711000
vt 0.363100 0.832300
vt 0.506500 0.708400
vt 0.478300 0.666100
vt 0.451500 0.711000
vt 0.403900 0.556900
vt 0.474400 0.386000
vt 0.418900 0.289300
vt 0.474400 0.386000
vt 0.560300 0.327000
vt 0.418900 0.289300
vt 0.575100 0.427800
vt 0.614800 0.501000
vt 0.633500 0.441200
vt 0.575100 0.427800
vt 0.474400 0.386000
vt 0.614800 0.501000
vt 0.623100 0.216700
vt 0.720300 0.111200
vt 0.669200 0.032500
vt 0.800600 0.109000
vt 0.669200 0.032500
vt 0.720300 0.111200
vt 0.610800 0.240200
vt 0.718000 0.308500
vt 0.623100 0.216700
vt 0.610800 0.240200
vt 0.623100 0.216700
vt 0.501300 0.148600
vt 0.278500 0.552700
vt 0.107000 0.606700
vt 0.198700 0.670300
vt 0.198700 0.670300
vt 0.107000 0.606700
vt 0.068400 0.815900
vt 0.443200 0.614200
vt 0.478300 0.666100
vt 0.473100 0.577700
vt 0.478300 0.666100
vt 0.443200 0.614200
vt 0.451500 0.711000
vt 0.932300 0.253800
vt 0.847700 0.204700
vt 0.843900 0.287200
vt 0.177500 0.863400
vt 0.198700 0.670300
vt 0.068400 0.815900
vt 0.451500 0.711000
vt 0.371700 0.623200
vt 0.384500 0.702300
vt 0.384500 0.702300
vt 0.371700 0.623200
vt 0.274400 0.717100
vt 0.633500 0.441200
vt 0.655900 0.492800
vt 0.666900 0.447700
vt 0.666900 0.447700
vt 0.607100 0.338600
vt 0.633500 0.441200
vt 0.388400 0.876800
vt 0.363100 0.832300
vt 0.270500 0.823600
vt 0.497600 0.843100
vt 0.363100 0.832300
vt 0.388400 0.876800
vt 0.444800 0.976500
vt 0.594100 0.852400
vt 0.497600 0.843100
vt 0.497600 0.843100
vt 0.594100 0.852400
vt 0.506500 0.708400
vt 0.662500 0.597600
vt 0.660700 0.678700
vt 0.752900 0.573200
vt 0.660700 0.678700
vt 0.662500 0.597600
vt 0.614800 0.501000
vt 0.725400 0.531900
vt 0.752900 0.573200
vt 0.785900 0.524000
vt 0.725400 0.531900
vt 0.662500 0.597600
vt 0.752900 0.573200
vt 0.756900 0.354600
vt 0.783500 0.289000
vt 0.718000 0.308500
vt 0.687500 0.383100
vt 0.756900 0.354600
vt 0.718000 0.308500
vt 0.633500 0.441200
vt 0.607100 0.338600
vt 0.560300 0.327000
vt 0.607100 0.338600
vt 0.610800 0.240200
vt 0.560300 0.327000
vt 0.843900 0.287200
vt 0.847700 0.204700
vt 0.711500 0.258600
vt 0.478300 0.666100
vt 0.660700 0.678700
vt 0.473100 0.577700
vt 0.771500 0.439800
vt 0.811800 0.349800
vt 0.756900 0.354600
vt 0.560300 0.327000
vt 0.610800 0.240200
vt 0.418900 0.289300
vt 0.278500 0.552700
vt 0.371700 0.623200
vt 0.403900 0.556900
vt 0.107000 0.606700
vt 0.021600 0.686000
vt 0.068400 0.815900
vt 0.660700 0.678700
vt 0.506500 0.708400
vt 0.594100 0.852400
vt 0.843500 0.603700
vt 0.752900 0.573200
vt 0.660700 0.678700
vt 0.687500 0.383100
vt 0.771500 0.439800
vt 0.756900 0.354600
vt 0.669200 0.032500
vt 0.501300 0.148600
vt 0.623100 0.216700
vt 0.847700 0.204700
vt 0.800600 0.109000
vt 0.711500 0.258600
vt 0.771500 0.439800
vt 0.892500 0.459200
vt 0.811800 0.349800
vt 0.198700 0.670300
vt 0.177500 0.863400
vt 0.270500 0.823600
vt 0.384500 0.702300
vt 0.363100 0.832300
vt 0.451500 0.711000
vt 0.403900 0.556900
vt 0.371700 0.623200
vt 0.443200 0.614200
vt 0.560300 0.327000
vt 0.474400 0.386000
vt 0.575100 0.427800
vt 0.725400 0.531900
vt 0.655900 0.492800
vt 0.662500 0.597600
vt 0.614800 0.501000
vt 0.474400 0.386000
vt 0.473100 0.577700
vt 0.278500 0.552700
vt 0.403900 0.556900
vt 0.187700 0.439200
vt 0.771500 0.439800
vt 0.785900 0.524000
vt 0.892500 0.459200
vt 0.725400 0.531900
vt 0.721800 0.457000
vt 0.655900 0.492800
vt 0.687500 0.383100
vt 0.666900 0.447700
vt 0.721800 0.457000
vt 0.633500 0.441200
vt 0.560300 0.327000
vt 0.575100 0.427800
vt 0.274400 0.717100
vt 0.270500 0.823600
vt 0.384500 0.702300
vt 0.278500 0.552700
vt 0.198700 0.670300
vt 0.371700 0.623200
vt 0.800600 0.109000
vt 0.623100 0.216700
vt 0.711500 0.258600
vt 0.718000 0.308500
vt 0.610800 0.240200
vt 0.607100 0.338600
vt 0.388400 0.876800
vt 0.277600 0.924800
vt 0.444800 0.976500
vt 0.363100 0.832300
vt 0.497600 0.843100
vt 0.506500 0.708400
vt 0.403900 0.556900
vt 0.418900 0.289300
vt 0.187700 0.439200
vt 0.501300 0.148600
vt 0.418900 0.289300
vt 0.610800 0.240200
vt 0.892500 0.459200
vt 0.950200 0.348600
vt 0.811800 0.349800
vt 0.720300 0.111200
vt 0.623100 0.216700
vt 0.800600 0.109000
vt 0.107000 0.606700
vt 0.061600 0.495800
vt 0.021600 0.686000
vt 0.655900 0.492800
vt 0.614800 0.501000
vt 0.662500 0.597600
vt 0.473100 0.577700
vt 0.660700 0.678700
vt 0.614800 0.501000
vt 0.506500 0.708400
vt 0.660700 0.678700
vt 0.478300 0.666100
vt 0.443200 0.614200
vt 0.371700 0.623200
vt 0.451500 0.711000
vt 0.687500 0.383100
vt 0.607100 0.338600
vt 0.666900 0.447700
vt 0.607100 0.338600
vt 0.687500 0.383100
vt 0.718000 0.308500
vt 0.061600 0.495800
vt 0.107000 0.606700
vt 0.278500 0.552700
vt 0.187700 0.439200
vt 0.061600 0.495800
vt 0.278500 0.552700
vt 0.721800 0.457000
vt 0.771500 0.439800
vt 0.687500 0.383100
vt 0.771500 0.439800
vt 0.721800 0.457000
vt 0.725400 0.531900
vt 0.811800 0.349800
vt 0.783500 0.289000
vt 0.756900 0.354600
vt 0.711500 0.258600
vt 0.783500 0.289000
vt 0.843900 0.287200
vt 0.473100 0.577700
vt 0.403900 0.556900
vt 0.443200 0.614200
vt 0.403900 0.556900
vt 0.473100 0.577700
vt 0.474400 0.386000
vt 0.388400 0.876800
vt 0.444800 0.976500
vt 0.497600 0.843100
vt 0.892500 0.459200
vt 0.785900 0.524000
vt 0.843500 0.603700
vt 0.274400 0.717100
vt 0.198700 0.670300
vt 0.270500 0.823600
vt 0.371700 0.623200
vt 0.198700 0.670300
vt 0.274400 0.717100
vt 0.277600 0.924800
vt 0.270500 0.823600
vt 0.177500 0.863400
vt 0.932300 0.253800
vt 0.843900 0.287200
vt 0.950200 0.348600
vt 0.655900 0.492800
vt 0.633500 0.441200
vt 0.614800 0.501000
vt 0.721800 0.457000
vt 0.666900 0.447700
vt 0.655900 0.492800
vt 0.363100 0.832300
vt 0.384500 0.702300
vt 0.270500 0.823600
vt 0.270500 0.823600
vt 0.277600 0.924800
vt 0.388400 0.876800
vt 0.711500 0.258600
vt 0.623100 0.216700
vt 0.718000 0.308500
vt 0.783500 0.289000
vt 0.711500 0.258600
vt 0.718000 0.308500
vt 0.242600 0.286000
vt 0.061600 0.495800
vt 0.187700 0.439200
vt 0.418900 0.289300
vt 0.242600 0.286000
vt 0.187700 0.439200
vt 0.785900 0.524000
vt 0.752900 0.573200
vt 0.843500 0.603700
vt 0.785900 0.524000
vt 0.771500 0.439800
vt 0.725400 0.531900
vt 0.811800 0.349800
vt 0.950200 0.348600
vt 0.843900 0.287200
vt 0.843900 0.287200
vt 0.783500 0.289000
vt 0.811800 0.349800
vt 0.506500 0.708400
vt 0.451500 0.711000
vt 0.363100 0.832300
vt 0.506500 0.708400
vt 0.478300 0.666100
vt 0.451500 0.711000
vt 0.403900 0.556900
vt 0.474400 0.386000
vt 0.418900 0.289300
vt 0.474400 0.386000
vt 0.560300 0.327000
vt 0.418900 0.289300
vt 0.575100 0.427800
vt 0.614800 0.501000
vt 0.633500 0.441200
vt 0.575100 0.427800
vt 0.474400 0.386000
vt 0.614800 0.501000
vt 0.623100 0.216700
vt 0.720300 0.111200
vt 0.669200 0.032500
vt 0.800600 0.109000
vt 0.669200 0.032500
vt 0.720300 0.111200
vt 0.610800 0.240200
vt 0.718000 0.308500
vt 0.623100 0.216700
vt 0.610800 0.240200
vt 0.623100 0.216700
vt 0.501300 0.148600
vt 0.278500 0.552700
vt 0.107000 0.606700
vt 0.198700 0.670300
vt 0.198700 0.670300
vt 0.107000 0.606700
vt 0.068400 0.815900
vt 0.443200 0.614200
vt 0.478300 0.666100
vt 0.473100 0.577700
vt 0.478300 0.666100
vt 0.443200 0.614200
vt 0.451500 0.711000
vt 0.932300 0.253800
vt 0.847700 0.204700
vt 0.843900 0.287200
vt 0.177500 0.863400
vt 0.198700 0.670300
vt 0.068400 0.815900
vt 0.451500 0.711000
vt 0.371700 0.623200
vt 0.384500 0.702300
vt 0.384500 0.702300
vt 0.371700 0.623200
vt 0.274400 0.717100
vt 0.633500 0.441200
vt 0.655900 0.492800
vt 0.666900 0.447700
vt 0.666900 0.447700
vt 0.607100 0.338600
vt 0.633500 0.441200
vt 0.388400 0.876800
vt 0.363100 0.832300
vt 0.270500 0.823600
vt 0.497600 0.843100
vt 0.363100 0.832300
vt 0.388400 0.876800
vt 0.444800 0.976500
vt 0.594100 0.852400
vt 0.497600 0.843100
vt 0.497600 0.843100
vt 0.594100 0.852400
vt 0.506500 0.708400
vt 0.662500 0.597600
vt 0.660700 0.678700
vt 0.752900 0.573200
vt 0.660700 0.678700
vt 0.662500 0.597600
vt 0.614800 0.501000
vt 0.725400 0.531900
vt 0.752900 0.573200
vt 0.785900 0.524000
vt 0.725400 0.531900
vt 0.662500 0.597600
vt 0.752900 0.573200
vt 0.756900 0.354600
vt 0.783500 0.289000
vt 0.718000 0.308500
vt 0.687500 0.383100
vt 0.756900 0.354600
vt 0.718000 0.308500
vt 0.633500 0.441200
vt 0.607100 0.338600
vt 0.560300 0.327000
vt 0.607100 0.338600
vt 0.610800 0.240200
vt 0.560300 0.327000
vt 0.843900 0.287200
vt 0.847700 0.204700
vt 0.711500 0.258600
vt 0.478300 0.666100
vt 0.660700 0.678700
vt 0.473100 0.577700
vt 0.771500 0.439800
vt 0.811800 0.349800
vt 0.756900 0.354600
vt 0.560300 0.327000
vt 0.610800 0.240200
vt 0.418900 0.289300
vt 0.278500 0.552700
vt 0.371700 0.623200
vt 0.403900 0.556900
vt 0.107000 0.606700
vt 0.021600 0.686000
vt 0.068400 0.815900
vt 0.660700 0.678700
vt 0.506500 0.708400
vt 0.594100 0.852400
vt 0.843500 0.603700
vt 0.752900 0.573200
vt 0.660700 0.678700
vt 0.687500 0.383100
vt 0.771500 0.439800
vt 0.756900 0.354600
vt 0.669200 0.032500
vt 0.501300 0.148600
vt 0.623100 0.216700
vt 0.847700 0.204700
vt 0.800600 0.109000
vt 0.711500 0.258600
vt 0.771500 0.439800
vt 0.892500 0.459200
vt 0.811800 0.349800
vt 0.198700 0.670300
vt 0.177500 0.863400
vt 0.270500 0.823600
vt 0.384500 0.702300
vt 0.363100 0.832300
vt 0.451500 0.711000
vt 0.403900 0.556900
vt 0.371700 0.623200
vt 0.443200 0.614200
vt 0.560300 0.327000
vt 0.474400 0.386000
vt 0.575100 0.427800
vt 0.725400 0.531900
vt 0.655900 0.492800
vt 0.662500 0.597600
vt 0.614800 0.501000
vt 0.474400 0.386000
vt 0.473100 0.577700
vt 0.278500 0.552700
vt 0.403900 0.556900
vt 0.187700 0.439200
vt 0.771500 0.439800
vt 0.785900 0.524000
vt 0.892500 0.459200
vt 0.725400 0.531900
vt 0.721800 0.457000
vt 0.655900 0.492800
vt 0.687500 0.383100
vt 0.666900 0.447700
vt 0.721800 0.457000
vt 0.633500 0.441200
vt 0.560300 0.327000
vt 0.575100 0.427800
vt 0.274400 0.717100
vt 0.270500 0.823600
vt 0.384500 0.702300
vt 0.278500 0.552700
vt 0.198700 0.670300
vt 0.371700 0.623200
vt 0.800600 0.109000
vt 0.623100 0.216700
vt 0.711500 0.258600
vt 0.718000 0.308500
vt 0.610800 0.240200
vt 0.607100 0.338600
vt 0.388400 0.876800
vt 0.277600 0.924800
vt 0.444800 0.976500
vt 0.363100 0.832300
vt 0.497600 0.843100
vt 0.506500 0.708400
vt 0.403900 0.556900
vt 0.418900 0.289300
vt 0.187700 0.439200
vt 0.501300 0.148600
vt 0.418900 0.289300
vt 0.610800 0.240200
vt 0.892500 0.459200
vt 0.950200 0.348600
vt 0.811800 0.349800
vt 0.720300 0.111200
vt 0.623100 0.216700
vt 0.800600 0.109000
vt 0.107000 0.606700
vt 0.061600 0.495800
vt 0.021600 0.686000
vt 0.655900 0.492800
vt 0.614800 0.501000
vt 0.662500 0.597600
vt 0.473100 0.577700
vt 0.660700 0.678700
vt 0.614800 0.501000
vt 0.506500 0.708400
vt 0.660700 0.678700
vt 0.478300 0.666100
vt 0.443200 0.614200
vt 0.371700 0.623200
vt 0.451500 0.711000
vt 0.687500 0.383100
vt 0.607100 0.338600
vt 0.666900 0.447700
vt 0.607100 0.338600
vt 0.687500 0.383100
vt 0.718000 0.308500
vt 0.061600 0.495800
vt 0.107000 0.606700
vt 0.278500 0.552700
vt 0.187700 0.439200
vt 0.061600 0.495800
vt 0.278500 0.552700
vt 0.721800 0.457000
vt 0.771500 0.439800
vt 0.687500 0.383100
vt 0.771500 0.439800
vt 0.721800 0.457000
vt 0.725400 0.531900
vt 0.811800 0.349800
vt 0.783500 0.289000
vt 0.756900 0.354600
vt 0.711500 0.258600
vt 0.783500 0.289000
vt 0.843900 0.287200
vt 0.473100 0.577700
vt 0.403900 0.556900
vt 0.443200 0.614200
vt 0.403900 0.556900
vt 0.473100 0.577700
vt 0.474400 0.386000
vt 0.388400 0.876800
vt 0.444800 0.976500
vt 0.497600 0.843100
vt 0.892500 0.459200
vt 0.785900 0.524000
vt 0.843500 0.603700
vt 0.274400 0.717100
vt 0.198700 0.670300
vt 0.270500 0.823600
vt 0.371700 0.623200
vt 0.198700 0.670300
vt 0.274400 0.717100
vt 0.277600 0.924800
vt 0.270500 0.823600
vt 0.177500 0.863400
vt 0.932300 0.253800
vt 0.843900 0.287200
vt 0.950200 0.348600
vt 0.655900 0.492800
vt 0.633500 0.441200
vt 0.614800 0.501000
vt 0.721800 0.457000
vt 0.666900 0.447700
vt 0.655900 0.492800
vt 0.363100 0.832300
vt 0.384500 0.702300
vt 0.270500 0.823600
vt 0.270500 0.823600
vt 0.277600 0.924800
vt 0.388400 0.876800
vt 0.711500 0.258600
vt 0.623100 0.216700
vt 0.718000 0.308500
vt 0.783500 0.289000
vt 0.711500 0.258600
vt 0.718000 0.308500
vt 0.242600 0.286000
vt 0.061600 0.495800
vt 0.187700 0.439200
vt 0.418900 0.289300
vt 0.242600 0.286000
vt 0.187700 0.439200
vt 0.785900 0.524000
vt 0.752900 0.573200
vt 0.843500 0.603700
vt 0.785900 0.524000
vt 0.771500 0.439800
vt 0.725400 0.531900
vt 0.811800 0.349800
vt 0.950200 0.348600
vt 0.843900 0.287200
vt 0.843900 0.287200
vt 0.783500 0.289000
vt 0.811800 0.349800
vt 0.506500 0.708400
vt 0.451500 0.711000
vt 0.363100 0.832300
vt 0.506500 0.708400
vt 0.478300 0.666100
vt 0.451500 0.711000
vt 0.403900 0.556900
vt 0.474400 0.386000
vt 0.418900 0.289300
vt 0.474400 0.386000
vt 0.560300 0.327000
vt 0.418900 0.289300
vt 0.575100 0.427800
vt 0.614800 0.501000
vt 0.633500 0.441200
vt 0.575100 0.427800
vt 0.474400 0.386000
vt 0.614800 0.501000
vt 0.623100 0.216700
vt 0.720300 0.111200
vt 0.669200 0.032500
vt 0.800600 0.109000
vt 0.669200 0.032500
vt 0.720300 0.111200
vt 0.610800 0.240200
vt 0.718000 0.308500
vt 0.623100 0.216700
vt 0.610800 0.240200
vt 0.623100 0.216700
vt 0.501300 0.148600
vt 0.278500 0.552700
vt 0.107000 0.606700
vt 0.198700 0.670300
vt 0.198700 0.670300
vt 0.107000 0.606700
vt 0.068400 0.815900
vt 0.443200 0.614200
vt 0.478300 0.666100
vt 0.473100 0.577700
vt 0.478300 0.666100
vt 0.443200 0.614200
vt 0.451500 0.711000
vt 0.932300 0.253800
vt 0.847700 0.204700
vt 0.843900 0.287200
vt 0.177500 0.863400
vt 0.198700 0.670300
vt 0.068400 0.815900
vt 0.451500 0.711000
vt 0.371700 0.623200
vt 0.384500 0.702300
vt 0.384500 0.702300
vt 0.371700 0.623200
vt 0.274400 0.717100
vt 0.633500 0.441200
vt 0.655900 0.492800
vt 0.666900 0.447700
vt 0.666900 0.447700
vt 0.607100 0.338600
vt 0.633500 0.441200
vt 0.388400 0.876800
vt 0.363100 0.832300
vt 0.270500 0.823600
vt 0.497600 0.843100
vt 0.363100 0.832300
vt 0.388400 0.876800
vt 0.444800 0.976500
vt 0.594100 0.852400
vt 0.497600 0.843100
vt 0.497600 0.843100
vt 0.594100 0.852400
vt 0.506500 0.708400
vt 0.662500 0.597600
vt 0.660700 0.678700
vt 0.752900 0.573200
vt 0.660700 0.678700
vt 0.662500 0.597600
vt 0.614800 0.501000
vt 0.725400 0.531900
vt 0.752900 0.573200
vt 0.785900 0.524000
vt 0.725400 0.531900
vt 0.662500 0.597600
vt 0.752900 0.573200
vt 0.756900 0.354600
vt 0.783500 0.289000
vt 0.718000 0.308500
vt 0.687500 0.383100
vt 0.756900 0.354600
vt 0.718000 0.308500
vt 0.633500 0.441200
vt 0.607100 0.338600
vt 0.560300 0.327000
vt 0.607100 0.338600
vt 0.610800 0.240200
vt 0.560300 0.327000
vt 0.843900 0.287200
vt 0.847700 0.204700
vt 0.711500 0.258600
vt 0.478300 0.666100
vt 0.660700 0.678700
vt 0.473100 0.577700
vt 0.771500 0.439800
vt 0.811800 0.349800
vt 0.756900 0.354600
vt 0.560300 0.327000
vt 0.610800 0.240200
vt 0.418900 0.289300
vt 0.278500 0.552700
vt 0.371700 0.623200
vt 0.403900 0.556900
vt 0.107000 0.606700
vt 0.021600 0.686000
vt 0.068400 0.815900
vt 0.660700 0.678700
vt 0.506500 0.708400
vt 0.594100 0.852400
vt 0.843500 0.603700
vt 0.752900 0.573200
vt 0.660700 0.678700
vt 0.687500 0.383100
vt 0.771500 0.439800
vt 0.756900 0.354600
vt 0.669200 0.032500
vt 0.501300 0.148600
vt 0.623100 0.216700
vt 0.847700 0.204700
vt 0.800600 0.109000
vt 0.711500 0.258600
vt 0.771500 0.439800
vt 0.892500 0.459200
vt 0.811800 0.349800
vt 0.198700 0.670300
vt 0.177500 0.863400
vt 0.270500 0.823600
vt 0.384500 0.702300
vt 0.363100 0.832300
vt 0.451500 0.711000
vt 0.403900 0.556900
vt 0.371700 0.623200
vt 0.443200 0.614200
vt 0.560300 0.327000
vt 0.474400 0.386000
vt 0.575100 0.427800
vt 0.725400 0.531900
vt 0.655900 0.492800
vt 0.662500 0.597600
vt 0.614800 0.501000
vt 0.474400 0.386000
vt 0.473100 0.577700
vt 0.278500 0.552700
vt 0.403900 0.556900
vt 0.187700 0.439200
vt 0.771500 0.439800
vt 0.785900 0.524000
vt 0.892500 0.459200
vt 0.725400 0.531900
vt 0.721800 0.457000
vt 0.655900 0.492800
vt 0.687500 0.383100
vt 0.666900 0.447700
vt 0.721800 0.457000
vt 0.633500 0.441200
vt 0.560300 0.327000
vt 0.575100 0.427800
vt 0.274400 0.717100
vt 0.270500 0.823600
vt 0.384500 0.702300
vt 0.278500 0.552700
vt 0.198700 0.670300
vt 0.371700 0.623200
vt 0.800600 0.109000
vt 0.623100 0.216700
vt 0.711500 0.258600
vt 0.718000 0.308500
vt 0.610800 0.240200
vt 0.607100 0.338600
vt 0.388400 0.876800
vt 0.277600 0.924800
vt 0.444800 0.976500
vt 0.363100 0.832300
vt 0.497600 0.843100
vt 0.506500 0.708400
vt 0.403900 0.556900
vt 0.418900 0.289300
vt 0.187700 0.439200
vt 0.501300 0.148600
vt 0.418900 0.289300
vt 0.610800 0.240200
vt 0.892500 0.459200
vt 0.950200 0.348600
vt 0.811800 0.349800
vt 0.720300 0.111200
vt 0.623100 0.216700
vt 0.800600 0.109000
vt 0.107000 0.606700
vt 0.061600 0.495800
vt 0.021600 0.686000
vt 0.655900 0.492800
vt 0.614800 0.501000
vt 0.662500 0.597600
vt 0.473100 0.577700
vt 0.660700 0.678700
vt 0.614800 0.501000
vt 0.506500 0.708400
vt 0.660700 0.678700
vt 0.478300 0.666100
vt 0.443200 0.614200
vt 0.371700 0.623200
vt 0.451500 0.711000
vt 0.687500 0.383100
vt 0.607100 0.338600
vt 0.666900 0.447700
vt 0.607100 0.338600
vt 0.687500 0.383100
vt 0.718000 0.308500
vt 0.061600 0.495800
vt 0.107000 0.606700
vt 0.278500 0.552700
vt 0.187700 0.439200
vt 0.061600 0.495800
vt 0.278500 0.552700
vt 0.721800 0.457000
vt 0.771500 0.439800
vt 0.687500 0.383100
vt 0.771500 0.439800
vt 0.721800 0.457000
vt 0.725400 0.531900
vt 0.811800 0.349800
vt 0.783500 0.289000
vt 0.756900 0.354600
vt 0.711500 0.258600
vt 0.783500 0.289000
vt 0.843900 0.287200
vt 0.473100 0.577700
vt 0.403900 0.556900
vt 0.443200 0.614200
vt 0.403900 0.556900
vt 0.473100 0.577700
vt 0.474400 0.386000
vt 0.388400 0.876800
vt 0.444800 0.976500
vt 0.497600 0.843100
vt 0.892500 0.459200
vt 0.785900 0.524000
vt 0.843500 0.603700
vt 0.274400 0.717100
vt 0.198700 0.670300
vt 0.270500 0.823600
vt 0.371700 0.623200
vt 0.198700 0.670300
vt 0.274400 0.717100
vt 0.277600 0.924800
vt 0.270500 0.823600
vt 0.177500 0.863400
vt 0.932300 0.253800
vt 0.843900 0.287200
vt 0.950200 0.348600
vt 0.655900 0.492800
vt 0.633500 0.441200
vt 0.614800 0.501000
vt 0.721800 0.457000
vt 0.666900 0.447700
vt 0.655900 0.492800
vt 0.363100 0.832300
vt 0.384500 0.702300
vt 0.270500 0.823600
vt 0.270500 0.823600
vt 0.277600 0.924800
vt 0.388400 0.876800
vt 0.711500 0.258600
vt 0.623100 0.216700
vt 0.718000 0.308500
vt 0.783500 0.289000
vt 0.711500 0.258600
vt 0.718000 0.308500
vt 0.242600 0.286000
vt 0.061600 0.495800
vt 0.187700 0.439200
vt 0.418900 0.289300
vt 0.242600 0.286000
vt 0.187700 0.439200
vt 0.785900 0.524000
vt 0.752900 0.573200
vt 0.843500 0.603700
vt 0.785900 0.524000
vt 0.771500 0.439800
vt 0.725400 0.531900
vt 0.811800 0.349800
vt 0.950200 0.348600
vt 0.843900 0.287200
vt 0.843900 0.287200
vt 0.783500 0.289000
vt 0.811800 0.349800
vt 0.506500 0.708400
vt 0.451500 0.711000
vt 0.363100 0.832300
vt 0.506500 0.708400
vt 0.478300 0.666100
vt 0.451500 0.711000
vt 0.403900 0.556900
vt 0.474400 0.386000
vt 0.418900 0.289300
vt 0.474400 0.386000
vt 0.560300 0.327000
vt 0.418900 0.289300
vt 0.575100 0.427800
vt 0.614800 0.501000
vt 0.633500 0.441200
vt 0.575100 0.427800
vt 0.474400 0.386000
vt 0.614800 0.501000
vt 0.623100 0.216700
vt 0.720300 0.111200
vt 0.669200 0.032500
vt 0.800600 0.109000
vt 0.669200 0.032500
vt 0.720300 0.111200
vt 0.610800 0.240200
vt 0.718000 0.308500
vt 0.623100 0.216700
vt 0.610800 0.240200
vt 0.623100 0.216700
vt 0.501300 0.148600
vt 0.278500 0.552700
vt 0.107000 0.606700
vt 0.198700 0.670300
vt 0.198700 0.670300
vt 0.107000 0.606700
vt 0.068400 0.815900
vt 0.443200 0.614200
vt 0.478300 0.666100
vt 0.473100 0.577700
vt 0.478300 0.666100
vt 0.443200 0.614200
vt 0.451500 0.711000
vt 0.932300 0.253800
vt 0.847700 0.204700
vt 0.843900 0.287200
vt 0.177500 0.863400
vt 0.198700 0.670300
vt 0.068400 0.815900
vt 0.451500 0.711000
vt 0.371700 0.623200
vt 0.384500 0.702300
vt 0.384500 0.702300
vt 0.371700 0.623200
vt 0.274400 0.717100
vt 0.633500 0.441200
vt 0.655900 0.492800
vt 0.666900 0.447700
vt 0.666900 0.447700
vt 0.607100 0.338600
vt 0.633500 0.441200
vt 0.388400 0.876800
vt 0.363100 0.832300
vt 0.270500 0.823600
vt 0.497600 0.843100
vt 0.363100 0.832300
vt 0.388400 0.876800
vt 0.444800 0.976500
vt 0.594100 0.852400
vt 0.497600 0.843100
vt 0.497600 0.843100
vt 0.594100 0.852400
vt 0.506500 0.708400
vt 0.662500 0.597600
vt 0.660700 0.678700
vt 0.752900 0.573200
vt 0.660700 0.678700
vt 0.662500 0.597600
vt 0.614800 0.501000
vt 0.725400 0.531900
vt 0.752900 0.573200
vt 0.785900 0.524000
vt 0.725400 0.531900
vt 0.662500 0.597600
vt 0.752900 0.573200
vt 0.756900 0.354600
vt 0.783500 0.289000
vt 0.718000 0.308500
vt 0.687500 0.383100
vt 0.756900 0.354600
vt 0.718000 0.308500
vt 0.633500 0.441200
vt 0.607100 0.338600
vt 0.560300 0.327000
vt 0.607100 0.338600
vt 0.610800 0.240200
vt 0.560300 0.327000
vt 0.843900 0.287200
vt 0.847700 0.204700
vt 0.711500 0.258600
vt 0.478300 0.666100
vt 0.660700 0.678700
vt 0.473100 0.577700
vt 0.771500 0.439800
vt 0.811800 0.349800
vt 0.756900 0.354600
vt 0.560300 0.327000
vt 0.610800 0.240200
vt 0.418900 0.289300
vt 0.278500 0.552700
vt 0.371700 0.623200
vt 0.403900 0.556900
vt 0.107000 0.606700
vt 0.021600 0.686000
vt 0.068400 0.815900
vt 0.660700 0.678700
vt 0.506500 0.708400
vt 0.594100 0.852400
vt 0.843500 0.603700
vt 0.752900 0.573200
vt 0.660700 0.678700
vt 0.687500 0.383100
vt 0.771500 0.439800
vt 0.756900 0.354600
vt 0.669200 0.032500
vt 0.501300 0.148600
vt 0.623100 0.216700
vt 0.847700 0.204700
vt 0.800600 0.109000
vt 0.711500 0.258600
vt 0.771500 0.439800
vt 0.892500 0.459200
vt 0.811800 0.349800
vt 0.198700 0.670300
vt 0.177500 0.863400
vt 0.270500 0.823600
vt 0.384500 0.702300
vt 0.363100 0.832300
vt 0.451500 0.711000
vt 0.403900 0.556900
vt 0.371700 0.623200
vt 0.443200 0.614200
vt 0.560300 0.327000
vt 0.474400 0.386000
vt 0.575100 0.427800
vt 0.725400 0.531900
vt 0.655900 0.492800
vt 0.662500 0.597600
vt 0.614800 0.501000
vt 0.474400 0.386000
vt 0.473100 0.577700
vt 0.278500 0.552700
vt 0.403900 0.556900
vt 0.187700 0.439200
vt 0.771500 0.439800
vt 0.785900 0.524000
vt 0.892500 0.459200
vt 0.725400 0.531900
vt 0.721800 0.457000
vt 0.655900 0.492800
vt 0.687500 0.383100
vt 0.666900 0.447700
vt 0.721800 0.457000
vt 0.633500 0.441200
vt 0.560300 0.327000
vt 0.575100 0.427800
vt 0.274400 0.717100
vt 0.270500 0.823600
vt 0.384500 0.702300
vt 0.278500 0.552700
vt 0.198700 0.670300
vt 0.371700 0.623200
vt 0.800600 0.109000
vt 0.623100 0.216700
vt 0.711500 0.258600
vt 0.718000 0.308500
vt 0.610800 0.240200
vt 0.607100 0.338600
vt 0.388400 0.876800
vt 0.277600 0.924800
vt 0.444800 0.976500
vt 0.363100 0.832300
vt 0.497600 0.843100
vt 0.506500 0.708400
vt 0.403900 0.556900
vt 0.418900 0.289300
vt 0.187700 0.439200
vt 0.501300 0.148600
vt 0.418900 0.289300
vt 0.610800 0.240200
vt 0.892500 0.459200
vt 0.950200 0.348600
vt 0.811800 0.349800
vt 0.720300 0.111200
vt 0.623100 0.216700
vt 0.800600 0.109000
vt 0.107000 0.606700
vt 0.061600 0.495800
vt 0.021600 0.686000
vt 0.655900 0.492800
vt 0.614800 0.501000
vt 0.662500 0.597600
vt 0.473100 0.577700
vt 0.660700 0.678700
vt 0.614800 0.501000
vt 0.506500 0.708400
vt 0.660700 0.678700
vt 0.478300 0.666100
vt 0.443200 0.614200
vt 0.371700 0.623200
vt 0.451500 0.711000
vt 0.687500 0.383100
vt 0.607100 0.338600
vt 0.666900 0.447700
vt 0.607100 0.338600
vt 0.687500 0.383100
vt 0.718000 0.308500
vt 0.061600 0.495800
vt 0.107000 0.606700
vt 0.278500 0.552700
vt 0.187700 0.439200
vt 0.061600 0.495800
vt 0.278500 0.552700
vt 0.721800 0.457000
vt 0.771500 0.439800
vt 0.687500 0.383100
vt 0.771500 0.439800
vt 0.721800 0.457000
vt 0.725400 0.531900
vt 0.811800 0.349800
vt 0.783500 0.289000
vt 0.756900 0.354600
vt 0.711500 0.258600
vt 0.783500 0.289000
vt 0.843900 0.287200
vt 0.473100 0.577700
vt 0.403900 0.556900
vt 0.443200 0.614200
vt 0.403900 0.556900
vt 0.473100 0.577700
vt 0.474400 0.386000
vt 0.388400 0.876800
vt 0.444800 0.976500
vt 0.497600 0.843100
vt 0.892500 0.459200
vt 0.785900 0.524000
vt 0.843500 0.603700
vt 0.274400 0.717100
vt 0.198700 0.670300
vt 0.270500 0.823600
vt 0.371700 0.623200
vt 0.198700 0.670300
vt 0.274400 0.717100
vt 0.277600 0.924800
vt 0.270500 0.823600
vt 0.177500 0.863400
vt 0.932300 0.253800
vt 0.843900 0.287200
vt 0.950200 0.348600
vt 0.655900 0.492800
vt 0.633500 0.441200
vt 0.614800 0.501000
vt 0.721800 0.457000
vt 0.666900 0.447700
vt 0.655900 0.492800
vt 0.363100 0.832300
vt 0.384500 0.702300
vt 0.270500 0.823600
vt 0.270500 0.823600
vt 0.277600 0.924800
vt 0.388400 0.876800
vt 0.711500 0.258600
vt 0.623100 0.216700
vt 0.718000 0.308500
vt 0.783500 0.289000
vt 0.711500 0.258600
vt 0.718000 0.308500
vt 0.242600 0.286000
vt 0.061600 0.495800
vt 0.187700 0.439200
vt 0.418900 0.289300
vt 0.242600 0.286000
vt 0.187700 0.439200
vt 0.785900 0.524000
vt 0.752900 0.573200
vt 0.843500 0.603700
vt 0.785900 0.524000
vt 0.771500 0.439800
vt 0.725400 0.531900
vt 0.811800 0.349800
vt 0.950200 0.348600
vt 0.843900 0.287200
vt 0.843900 0.287200
vt 0.783500 0.289000
vt 0.811800 0.349800
vt 0.506500 0.708400
vt 0.451500 0.711000
vt 0.363100 0.832300
vt 0.506500 0.708400
vt 0.478300 0.666100
vt 0.451500 0.711000
vt 0.403900 0.556900
vt 0.474400 0.386000
vt 0.418900 0.289300
vt 0.474400 0.386000
vt 0.560300 0.327000
vt 0.418900 0.289300
vt 0.575100 0.427800
vt 0.614800 0.501000
vt 0.633500 0.441200
vt 0.575100 0.427800
vt 0.474400 0.386000
vt 0.614800 0.501000
vt 0.623100 0.216700
vt 0.720300 0.111200
vt 0.669200 0.032500
vt 0.800600 0.109000
vt 0.669200 0.032500
vt 0.720300 0.111200
vt 0.610800 0.240200
vt 0.718000 0.308500
vt 0.623100 0.216700
vt 0.610800 0.240200
vt 0.623100 0.216700
vt 0.501300 0.148600
vt 0.278500 0.552700
vt 0.107000 0.606700
vt 0.198700 0.670300
vt 0.198700 0.670300
vt 0.107000 0.606700
vt 0.068400 0.815900
vt 0.443200 0.614200
vt 0.478300 0.666100
vt 0.473100 0.577700
vt 0.478300 0.666100
vt 0.443200 0.614200
vt 0.451500 0.711000
vt 0.932300 0.253800
vt 0.847700 0.204700
vt 0.843900 0.287200
vt 0.177500 0.863400
vt 0.198700 0.670300
vt 0.068400 0.815900
vt 0.451500 0.711000
vt 0.371700 0.623200
vt 0.384500 0.702300
vt 0.384500 0.702300
vt 0.371700 0.623200
vt 0.274400 0.717100
vt 0.633500 0.441200
vt 0.655900 0.492800
vt 0.666900 0.447700
vt 0.666900 0.447700
vt 0.607100 0.338600
vt 0.633500 0.441200
vt 0.388400 0.876800
vt 0.363100 0.832300
vt 0.270500 0.823600
vt 0.497600 0.843100
vt 0.363100 0.832300
vt 0.388400 0.876800
vt 0.444800 0.976500
vt 0.594100 0.852400
vt 0.497600 0.843100
vt 0.497600 0.843100
vt 0.594100 0.852400
vt 0.506500 0.708400
vt 0.662500 0.597600
vt 0.660700 0.678700
vt 0.752900 0.573200
vt 0.660700 0.678700
vt 0.662500 0.597600
vt 0.614800 0.501000
vt 0.725400 0.531900
vt 0.752900 0.573200
vt 0.785900 0.524000
vt 0.725400 0.531900
vt 0.662500 0.597600
vt 0.752900 0.573200
vt 0.756900 0.354600
vt 0.783500 0.289000
vt 0.718000 0.308500
vt 0.687500 0.383100
vt 0.756900 0.354600
vt 0.718000 0.308500
vt 0.633500 0.441200
vt 0.607100 0.338600
vt 0.560300 0.327000
vt 0.607100 0.338600
vt 0.610800 0.240200
vt 0.560300 0.327000
vt 0.843900 0.287200
vt 0.847700 0.204700
vt 0.711500 0.258600
vt 0.478300 0.666100
vt 0.660700 0.678700
vt 0.473100 0.577700
vt 0.771500 0.439800
vt 0.811800 0.349800
vt 0.756900 0.354600
vt 0.560300 0.327000
vt 0.610800 0.240200
vt 0.418900 0.289300
vt 0.278500 0.552700
vt 0.371700 0.623200
vt 0.403900 0.556900
vt 0.107000 0.606700
vt 0.021600 0.686000
vt 0.068400 0.815900
vt 0.660700 0.678700
vt 0.506500 0.708400
vt 0.594100 0.852400
vt 0.843500 0.603700
vt 0.752900 0.573200
vt 0.660700 0.678700
vt 0.687500 0.383100
vt 0.771500 0.439800
vt 0.756900 0.354600
vt 0.669200 0.032500
vt 0.501300 0.148600
vt 0.623100 0.216700
vt 0.847700 0.204700
vt 0.800600 0.109000
vt 0.711500 0.258600
vt 0.771500 0.439800
vt 0.892500 0.459200
vt 0.811800 0.349800
vt 0.198700 0.670300
vt 0.177500 0.863400
vt 0.270500 0.823600
vt 0.384500 0.702300
vt 0.363100 0.832300
vt 0.451500 0.711000
vt 0.403900 0.556900
vt 0.371700 0.623200
vt 0.443200 0.614200
vt 0.560300 0.327000
vt 0.474400 0.386000
vt 0.575100 0.427800
vt 0.725400 0.531900
vt 0.655900 0.492800
vt 0.662500 0.597600
vt 0.614800 0.501000
vt 0.474400 0.386000
vt 0.473100 0.577700
vt 0.278500 0.552700
vt 0.403900 0.556900
vt 0.187700 0.439200
vt 0.771500 0.439800
vt 0.785900 0.524000
vt 0.892500 0.459200
vt 0.725400 0.531900
vt 0.721800 0.457000
vt 0.655900 0.492800
vt 0.687500 0.383100
vt 0.666900 0.447700
vt 0.721800 0.457000
vt 0.633500 0.441200
vt 0.560300 0.327000
vt 0.575100 0.427800
vt 0.274400 0.717100
vt 0.270500 0.823600
vt 0.384500 0.702300
vt 0.278500 0.552700
vt 0.198700 0.670300
vt 0.371700 0.623200
vt 0.800600 0.109000
vt 0.623100 0.216700
vt 0.711500 0.258600
vt 0.718000 0.308500
vt 0.610800 0.240200
vt 0.607100 0.338600
vt 0.388400 0.876800
vt 0.277600 0.924800
vt 0.444800 0.976500
vt 0.363100 0.832300
vt 0.497600 0.843100
vt 0.506500 0.708400
vt 0.403900 0.556900
vt 0.418900 0.289300
vt 0.187700 0.439200
vt 0.501300 0.148600
vt 0.418900 0.289300
vt 0.610800 0.240200
vt 0.892500 0.459200
vt 0.950200 0.348600
vt 0.811800 0.349800
vt 0.720300 0.111200
vt 0.623100 0.216700
vt 0.800600 0.109000
vt 0.107000 0.606700
vt 0.061600 0.495800
vt 0.021600 0.686000
vt 0.655900 0.492800
vt 0.614800 0.501000
vt 0.662500 0.597600
vt 0.473100 0.577700
vt 0.660700 0.678700
vt 0.614800 0.501000
vt 0.506500 0.708400
vt 0.660700 0.678700
vt 0.478300 0.666100
vt 0.443200 0.614200
vt 0.371700 0.623200
vt 0.451500 0.711000
vt 0.687500 0.383100
vt 0.607100 0.338600
vt 0.666900 0.447700
vt 0.607100 0.338600
vt 0.687500 0.383100
vt 0.718000 0.308500
vt 0.061600 0.495800
vt 0.107000 0.606700
vt 0.278500 0.552700
vt 0.187700 0.439200
vt 0.061600 0.495800
vt 0.278500 0.552700
vt 0.721800 0.457000
vt 0.771500 0.439800
vt 0.687500 0.383100
vt 0.771500 0.439800
vt 0.721800 0.457000
vt 0.725400 0.531900
vt 0.811800 0.349800
vt 0.783500 0.289000
vt 0.756900 0.354600
vt 0.711500 0.258600
vt 0.783500 0.289000
vt 0.843900 0.287200
vt 0.473100 0.577700
vt 0.403900 0.556900
vt 0.443200 0.614200
vt 0.403900 0.556900
vt 0.473100 0.577700
vt 0.474400 0.386000
vt 0.388400 0.876800
vt 0.444800 0.976500
vt 0.497600 0.843100
vt 0.892500 0.459200
vt 0.785900 0.524000
vt 0.843500 0.603700
vt 0.274400 0.717100
vt 0.198700 0.670300
vt 0.270500 0.823600
vt 0.371700 0.623200
vt 0.198700 0.670300
vt 0.274400 0.717100
vt 0.277600 0.924800
vt 0.270500 0.823600
vt 0.177500 0.863400
vt 0.932300 0.253800
vt 0.843900 0.287200
vt 0.950200 0.348600
vt 0.655900 0.492800
vt 0.633500 0.441200
vt 0.614800 0.501000
vt 0.721800 0.457000
vt 0.666900 0.447700
vt 0.655900 0.492800
vt 0.363100 0.832300
vt 0.384500 0.702300
vt 0.270500 0.823600
vt 0.270500 0.823600
vt 0.277600 0.924800
vt 0.388400 0.876800
vt 0.711500 0.258600
vt 0.623100 0.216700
vt 0.718000 0.308500
vt 0.783500 0.289000
vt 0.711500 0.258600
vt 0.718000 0.308500
vt 0.242600 0.286000
vt 0.061600 0.495800
vt 0.187700 0.439200
vt 0.418900 0.289300
vt 0.242600 0.286000
vt 0.187700 0.439200
vt 0.785900 0.524000
vt 0.752900 0.573200
vt 0.843500 0.603700
vt 0.785900 0.524000
vt 0.771500 0.439800
vt 0.725400 0.531900
vt 0.811800 0.349800
vt 0.950200 0.348600
vt 0.843900 0.287200
vt 0.843900 0.287200
vt 0.783500 0.289000
vt 0.811800 0.349800
vt 0.506500 0.708400
vt 0.451500 0.711000
vt 0.363100 0.832300
vt 0.506500 0.708400
vt 0.478300 0.666100
vt 0.451500 0.711000
vt 0.403900 0.556900
vt 0.474400 0.386000
vt 0.418900 0.289300
vt 0.474400 0.386000
vt 0.560300 0.327000
vt 0.418900 0.289300
vt 0.575100 0.427800
vt 0.614800 0.501000
vt 0.633500 0.441200
vt 0.575100 0.427800
vt 0.474400 0.386000
vt 0.614800 0.501000
vt 0.623100 0.216700
vt 0.720300 0.111200
vt 0.669200 0.032500
vt 0.800600 0.109000
vt 0.669200 0.032500
vt 0.720300 0.111200
vt 0.610800 0.240200
vt 0.718000 0.308500
vt 0.623100 0.216700
vt 0.610800 0.240200
vt 0.623100 0.216700
vt 0.501300 0.148600
vt 0.278500 0.552700
vt 0.107000 0.606700
vt 0.198700 0.670300
vt 0.198700 0.670300
vt 0.107000 0.606700
vt 0.068400 0.815900
vt 0.443200 0.614200
vt 0.478300 0.666100
vt 0.473100 0.577700
vt 0.478300 0.666100
vt 0.443200 0.614200
vt 0.451500 0.711000
vt 0.932300 0.253800
vt 0.847700 0.204700
vt 0.843900 0.287200
vt 0.177500 0.863400
vt 0.198700 0.670300
vt 0.068400 0.815900
vt 0.451500 0.711000
vt 0.371700 0.623200
vt 0.384500 0.702300
vt 0.384500 0.702300
vt 0.371700 0.623200
vt 0.274400 0.717100
vt 0.633500 0.441200
vt 0.655900 0.492800
vt 0.666900 0.447700
vt 0.666900 0.447700
vt 0.607100 0.338600
vt 0.633500 0.441200
vt 0.388400 0.876800
vt 0.363100 0.832300
vt 0.270500 0.823600
vt 0.497600 0.843100
vt 0.363100 0.832300
vt 0.388400 0.876800
vt 0.444800 0.976500
vt 0.594100 0.852400
vt 0.497600 0.843100
vt 0.497600 0.843100
vt 0.594100 0.852400
vt 0.506500 0.708400
vt 0.662500 0.597600
vt 0.660700 0.678700
vt 0.752900 0.573200
vt 0.660700 0.678700
vt 0.662500 0.597600
vt 0.614800 0.501000
vt 0.725400 0.531900
vt 0.752900 0.573200
vt 0.785900 0.524000
vt 0.725400 0.531900
vt 0.662500 0.597600
vt 0.752900 0.573200
vt 0.756900 0.354600
vt 0.783500 0.289000
vt 0.718000 0.308500
vt 0.687500 0.383100
vt 0.756900 0.354600
vt 0.718000 0.308500
vt 0.633500 0.441200
vt 0.607100 0.338600
vt 0.560300 0.327000
vt 0.607100 0.338600
vt 0.610800 0.240200
vt 0.560300 0.327000
vt 0.843900 0.287200
vt 0.847700 0.204700
vt 0.711500 0.258600
vt 0.478300 0.666100
vt 0.660700 0.678700
vt 0.473100 0.577700
vt 0.771500 0.439800
vt 0.811800 0.349800
vt 0.756900 0.354600
vt 0.560300 0.327000
vt 0.610800 0.240200
vt 0.418900 0.289300
vt 0.278500 0.552700
vt 0.371700 0.623200
vt 0.403900 0.556900
vt 0.107000 0.606700
vt 0.021600 0.686000
vt 0.068400 0.815900
vt 0.660700 0.678700
vt 0.506500 0.708400
vt 0.594100 0.852400
vt 0.843500 0.603700
vt 0.752900 0.573200
vt 0.660700 0.678700
vt 0.687500 0.383100
vt 0.771500 0.439800
vt 0.756900 0.354600
vt 0.669200 0.032500
vt 0.501300 0.148600
vt 0.623100 0.216700
vt 0.847700 0.204700
vt 0.800600 0.109000
vt 0.711500 0.258600
vt 0.771500 0.439800
vt 0.892500 0.459200
vt 0.811800 0.349800
vt 0.198700 0.670300
vt 0.177500 0.863400
vt 0.270500 0.823600
vt 0.384500 0.702300
vt 0.363100 0.832300
vt 0.451500 0.711000
vt 0.403900 0.556900
vt 0.371700 0.623200
vt 0.443200 0.614200
vt 0.560300 0.327000
vt 0.474400 0.386000
vt 0.575100 0.427800
vt 0.725400 0.531900
vt 0.655900 0.492800
vt 0.662500 0.597600
vt 0.614800 0.501000
vt 0.474400 0.386000
vt 0.473100 0.577700
vt 0.278500 0.552700
vt 0.403900 0.556900
vt 0.187700 0.439200
vt 0.771500 0.439800
vt 0.785900 0.524000
vt 0.892500 0.459200
vt 0.725400 0.531900
vt 0.721800 0.457000
vt 0.655900 0.492800
vt 0.687500 0.383100
vt 0.666900 0.447700
vt 0.721800 0.457000
vt 0.633500 0.441200
vt 0.560300 0.327000
vt 0.575100 0.427800
vt 0.274400 0.717100
vt 0.270500 0.823600
vt 0.384500 0.702300
vt 0.278500 0.552700
vt 0.198700 0.670300
vt 0.371700 0.623200
vt 0.800600 0.109000
vt 0.623100 0.216700
vt 0.711500 0.258600
vt 0.718000 0.308500
vt 0.610800 0.240200
vt 0.607100 0.338600
vt 0.388400 0.876800
vt 0.277600 0.924800
vt 0.444800 0.976500
vt 0.363100 0.832300
vt 0.497600 0.843100
vt 0.506500 0.708400
vt 0.403900 0.556900
vt 0.418900 0.289300
vt 0.187700 0.439200
vt 0.501300 0.148600
vt 0.418900 0.289300
vt 0.610800 0.240200
vt 0.892500 0.459200
vt 0.950200 0.348600
vt 0.811800 0.349800
vt 0.720300 0.111200
vt 0.623100 0.216700
vt 0.800600 0.109000
vt 0.107000 0.606700
vt 0.061600 0.495800
vt 0.021600 0.686000
vt 0.655900 0.492800
vt 0.614800 0.501000
vt 0.662500 0.597600
vt 0.473100 0.577700
vt 0.660700 0.678700
vt 0.614800 0.501000
vt 0.506500 0.708400
vt 0.660700 0.678700
vt 0.478300 0.666100
vt 0.443200 0.614200
vt 0.371700 0.623200
vt 0.451500 0.711000
vt 0.687500 0.383100
vt 0.607100 0.338600
vt 0.666900 0.447700
vt 0.607100 0.338600
vt 0.687500 0.383100
vt 0.718000 0.308500
vt 0.061600 0.495800
vt 0.107000 0.606700
vt 0.278500 0.552700
vt 0.187700 0.439200
vt 0.061600 0.495800
vt 0.278500 0.552700
vt 0.721800 0.457000
vt 0.771500 0.439800
vt 0.687500 0.383100
vt 0.771500 0.439800
vt 0.721800 0.457000
vt 0.725400 0.531900
vt 0.811800 0.349800
vt 0.783500 0.289000
vt 0.756900 0.354600
vt 0.711500 0.258600
vt 0.783500 0.289000
vt 0.843900 0.287200
vt 0.473100 0.577700
vt 0.403900 0.556900
vt 0.443200 0.614200
vt 0.403900 0.556900
vt 0.473100 0.577700
vt 0.474400 0.386000
vt 0.388400 0.876800
vt 0.444800 0.976500
vt 0.497600 0.843100
vt 0.892500 0.459200
vt 0.785900 0.524000
vt 0.843500 0.603700
vt 0.274400 0.717100
vt 0.198700 0.670300
vt 0.270500 0.823600
vt 0.371700 0.623200
vt 0.198700 0.670300
vt 0.274400 0.717100
vt 0.277600 0.924800
vt 0.270500 0.823600
vt 0.177500 0.863400
vt 0.932300 0.253800
vt 0.843900 0.287200
vt 0.950200 0.348600
vt 0.655900 0.492800
vt 0.633500 0.441200
vt 0.614800 0.501000
vt 0.721800 0.457000
vt 0.666900 0.447700
vt 0.655900 0.492800
vt 0.363100 0.832300
vt 0.384500 0.702300
vt 0.270500 0.823600
vt 0.270500 0.823600
vt 0.277600 0.924800
vt 0.388400 0.876800
vt 0.711500 0.258600
vt 0.623100 0.216700
vt 0.718000 0.308500
vt 0.783500 0.289000
vt 0.711500 0.258600
vt 0.718000 0.308500
vt 0.242600 0.286000
vt 0.061600 0.495800
vt 0.187700 0.439200
vt 0.418900 0.289300
vt 0.242600 0.286000
vt 0.187700 0.439200
vt 0.785900 0.524000
vt 0.752900 0.573200
vt 0.843500 0.603700
vt 0.785900 0.524000
vt 0.771500 0.439800
vt 0.725400 0.531900
vt 0.811800 0.349800
vt 0.950200 0.348600
vt 0.843900 0.287200
vt 0.843900 0.287200
vt 0.783500 0.289000
vt 0.811800 0.349800
vt 0.506500 0.708400
vt 0.451500 0.711000
vt 0.363100 0.832300
vt 0.506500 0.708400
vt 0.478300 0.666100
vt 0.451500 0.711000
vt 0.403900 0.556900
vt 0.474400 0.386000
vt 0.418900 0.289300
vt 0.474400 0.386000
vt 0.560300 0.327000
vt 0.418900 0.289300
vt 0.575100 0.427800
vt 0.614800 0.501000
vt 0.633500 0.441200
vt 0.575100 0.427800
vt 0.474400 0.386000
vt 0.614800 0.501000
vt 0.623100 0.216700
vt 0.720300 0.111200
vt 0.669200 0.032500
vt 0.800600 0.109000
vt 0.669200 0.032500
vt 0.720300 0.111200
vt 0.610800 0.240200
vt 0.718000 0.308500
vt 0.623100 0.216700
vt 0.610800 0.240200
vt 0.623100 0.216700
vt 0.501300 0.148600
vt 0.278500 0.552700
vt 0.107000 0.606700
vt 0.198700 0.670300
vt 0.198700 0.670300
vt 0.107000 0.606700
vt 0.068400 0.815900
vt 0.443200 0.614200
vt 0.478300 0.666100
vt 0.473100 0.577700
vt 0.478300 0.666100
vt 0.443200 0.614200
vt 0.451500 0.711000
vt 0.932300 0.253800
vt 0.847700 0.204700
vt 0.843900 0.287200
vt 0.177500 0.863400
vt 0.198700 0.670300
vt 0.068400 0.815900
vt 0.451500 0.711000
vt 0.371700 0.623200
vt 0.384500 0.702300
vt 0.384500 0.702300
vt 0.371700 0.623200
vt 0.274400 0.717100
vt 0.633500 0.441200
vt 0.655900 0.492800
vt 0.666900 0.447700
vt 0.666900 0.447700
vt 0.607100 0.338600
vt 0.633500 0.441200
vt 0.388400 0.876800
vt 0.363100 0.832300
vt 0.270500 0.823600
vt 0.497600 0.843100
vt 0.363100 0.832300
vt 0.388400 0.876800
vt 0.444800 0.976500
vt 0.594100 0.852400
vt 0.497600 0.843100
vt 0.497600 0.843100
vt 0.594100 0.852400
vt 0.506500 0.708400
vt 0.662500 0.597600
vt 0.660700 0.678700
vt 0.752900 0.573200
vt 0.660700 0.678700
vt 0.662500 0.597600
vt 0.614800 0.501000
vt 0.725400 0.531900
vt 0.752900 0.573200
vt 0.785900 0.524000
vt 0.725400 0.531900
vt 0.662500 0.597600
vt 0.752900 0.573200
vt 0.756900 0.354600
vt 0.783500 0.289000
vt 0.718000 0.308500
vt 0.687500 0.383100
vt 0.756900 0.354600
vt 0.718000 0.308500
vt 0.633500 0.441200
vt 0.607100 0.338600
vt 0.560300 0.327000
vt 0.607100 0.338600
vt 0.610800 0.240200
vt 0.560300 0.327000
vt 0.843900 0.287200
vt 0.847700 0.204700
vt 0.711500 0.258600
vt 0.478300 0.666100
vt 0.660700 0.678700
vt 0.473100 0.577700
vt 0.771500 0.439800
vt 0.811800 0.349800
vt 0.756900 0.354600
vt 0.560300 0.327000
vt 0.610800 0.240200
vt 0.418900 0.289300
vt 0.278500 0.552700
vt 0.371700 0.623200
vt 0.403900 0.556900
vt 0.107000 0.606700
vt 0.021600 0.686000
vt 0.068400 0.815900
vt 0.660700 0.678700
vt 0.506500 0.708400
vt 0.594100 0.852400
vt 0.843500 0.603700
vt 0.752900 0.573200
vt 0.660700 0.678700
vt 0.687500 0.383100
vt 0.771500 0.439800
vt 0.756900 0.354600
vt 0.669200 0.032500
vt 0.501300 0.148600
vt 0.623100 0.216700
vt 0.847700 0.204700
vt 0.800600 0.109000
vt 0.711500 0.258600
vt 0.771500 0.439800
vt 0.892500 0.459200
vt 0.811800 0.349800
vt 0.198700 0.670300
vt 0.177500 0.863400
vt 0.270500 0.823600
vt 0.384500 0.702300
vt 0.363100 0.832300
vt 0.451500 0.711000
vt 0.403900 0.556900
vt 0.371700 0.623200
vt 0.443200 0.614200
vt 0.560300 0.327000
vt 0.474400 0.386000
vt 0.575100 0.427800
vt 0.725400 0.531900
vt 0.655900 0.492800
vt 0.662500 0.597600
vt 0.614800 0.501000
vt 0.474400 0.386000
vt 0.473100 0.577700
vt 0.278500 0.552700
vt 0.403900 0.556900
vt 0.187700 0.439200
vt 0.771500 0.439800
vt 0.785900 0.524000
vt 0.892500 0.459200
vt 0.725400 0.531900
vt 0.721800 0.457000
vt 0.655900 0.492800
vt 0.687500 0.383100
vt 0.666900 0.447700
vt 0.721800 0.457000
vt 0.633500 0.441200
vt 0.560300 0.327000
vt 0.575100 0.427800
vt 0.274400 0.717100
vt 0.270500 0.823600
vt 0.384500 0.702300
vt 0.278500 0.552700
vt 0.198700 0.670300
vt 0.371700 0.623200
vt 0.800600 0.109000
vt 0.623100 0.216700
vt 0.711500 0.258600
vt 0.718000 0.308500
vt 0.610800 0.240200
vt 0.607100 0.338600
vt 0.388400 0.876800
vt 0.277600 0.924800
vt 0.444800 0.976500
vt 0.363100 0.832300
vt 0.497600 0.843100
vt 0.506500 0.708400
vt 0.403900 0.556900
vt 0.418900 0.289300
vt 0.187700 0.439200
vt 0.501300 0.148600
vt 0.418900 0.289300
vt 0.610800 0.240200
vt 0.892500 0.459200
vt 0.950200 0.348600
vt 0.811800 0.349800
vt 0.720300 0.111200
vt 0.623100 0.216700
vt 0.800600 0.109000
vt 0.107000 0.606700
vt 0.061600 0.495800
vt 0.021600 0.686000
vt 0.655900 0.492800
vt 0.614800 0.501000
vt 0.662500 0.597600
vt 0.473100 0.577700
vt 0.660700 0.678700
vt 0.614800 0.501000
vt 0.506500 0.708400
vt 0.660700 0.678700
vt 0.478300 0.666100
vt 0.443200 0.614200
vt 0.371700 0.623200
vt 0.451500 0.711000
vt 0.687500 0.383100
vt 0.607100 0.338600
vt 0.666900 0.447700
vt 0.607100 0.338600
vt 0.687500 0.383100
vt 0.718000 0.308500
vt 0.061600 0.495800
vt 0.107000 0.606700
vt 0.278500 0.552700
vt 0.187700 0.439200
vt 0.061600 0.495800
vt 0.278500 0.552700
vt 0.721800 0.457000
vt 0.771500 0.439800
vt 0.687500 0.383100
vt 0.771500 0.439800
vt 0.721800 0.457000
vt 0.725400 0.531900
vt 0.811800 0.349800
vt 0.783500 0.289000
vt 0.756900 0.354600
vt 0.711500 0.258600
vt 0.783500 0.289000
vt 0.843900 0.287200
vt 0.473100 0.577700
vt 0.403900 0.556900
vt 0.443200 0.614200
vt 0.403900 0.556900
vt 0.473100 0.577700
vt 0.474400 0.386000
vt 0.388400 0.876800
vt 0.444800 0.976500
vt 0.497600 0.843100
vt 0.892500 0.459200
vt 0.785900 0.524000
vt 0.843500 0.603700
vt 0.274400 0.717100
vt 0.198700 0.670300
vt 0.270500 0.823600
vt 0.371700 0.623200
vt 0.198700 0.670300
vt 0.274400 0.717100
vt 0.277600 0.924800
vt 0.270500 0.823600
vt 0.177500 0.863400
vt 0.932300 0.253800
vt 0.843900 0.287200
vt 0.950200 0.348600
vt 0.655900 0.492800
vt 0.633500 0.441200
vt 0.614800 0.501000
vt 0.721800 0.457000
vt 0.666900 0.447700
vt 0.655900 0.492800
vt 0.363100 0.832300
vt 0.384500 0.702300
vt 0.270500 0.823600
vt 0.270500 0.823600
vt 0.277600 0.924800
vt 0.388400 0.876800
vt 0.711500 0.258600
vt 0.623100 0.216700
vt 0.718000 0.308500
vt 0.783500 0.289000
vt 0.711500 0.258600
vt 0.718000 0.308500
vt 0.242600 0.286000
vt 0.061600 0.495800
vt 0.187700 0.439200
vt 0.418900 0.289300
vt 0.242600 0.286000
vt 0.187700 0.439200
vt 0.785900 0.524000
vt 0.752900 0.573200
vt 0.843500 0.603700
vt 0.785900 0.524000
vt 0.771500 0.439800
vt 0.725400 0.531900
vt 0.811800 0.349800
vt 0.950200 0.348600
vt 0.843900 0.287200
vt 0.843900 0.287200
vt 0.783500 0.289000
vt 0.811800 0.349800
vt 0.506500 0.708400
vt 0.451500 0.711000
vt 0.363100 0.832300
vt 0.506500 0.708400
vt 0.478300 0.666100
vt 0.451500 0.711000
vt 0.403900 0.556900
vt 0.474400 0.386000
vt 0.418900 0.289300
vt 0.474400 0.386000
vt 0.560300 0.327000
vt 0.418900 0.289300
vt 0.575100 0.427800
vt 0.614800 0.501000
vt 0.633500 0.441200
vt 0.575100 0.427800
vt 0.474400 0.386000
vt 0.614800 0.501000
vt 0.623100 0.216700
vt 0.720300 0.111200
vt 0.669200 0.032500
vt 0.800600 0.109000
vt 0.669200 0.032500
vt 0.720300 0.111200
vt 0.610800 0.240200
vt 0.718000 0.308500
vt 0.623100 0.216700
vt 0.610800 0.240200
vt 0.623100 0.216700
vt 0.501300 0.148600
vt 0.278500 0.552700
vt 0.107000 0.606700
vt 0.198700 0.670300
vt 0.198700 0.670300
vt 0.107000 0.606700
vt 0.068400 0.815900
vt 0.443200 0.614200
vt 0.478300 0.666100
vt 0.473100 0.577700
vt 0.478300 0.666100
vt 0.443200 0.614200
vt 0.451500 0.711000
vt 0.932300 0.253800
vt 0.847700 0.204700
vt 0.843900 0.287200
vt 0.177500 0.863400
vt 0.198700 0.670300
vt 0.068400 0.815900
vt 0.451500 0.711000
vt 0.371700 0.623200
vt 0.384500 0.702300
vt 0.384500 0.702300
vt 0.371700 0.623200
vt 0.274400 0.717100
vt 0.633500 0.441200
vt 0.655900 0.492800
vt 0.666900 0.447700
vt 0.666900 0.447700
vt 0.607100 0.338600
vt 0.633500 0.441200
vt 0.388400 0.876800
vt 0.363100 0.832300
vt 0.270500 0.823600
vt 0.497600 0.843100
vt 0.363100 0.832300
vt 0.388400 0.876800
vt 0.444800 0.976500
vt 0.594100 0.852400
vt 0.497600 0.843100
vt 0.497600 0.843100
vt 0.594100 0.852400
vt 0.506500 0.708400
vt 0.662500 0.597600
vt 0.660700 0.678700
vt 0.752900 0.573200
vt 0.660700 0.678700
vt 0.662500 0.597600
vt 0.614800 0.501000
vt 0.725400 0.531900
vt 0.752900 0.573200
vt 0.785900 0.524000
vt 0.725400 0.531900
vt 0.662500 0.597600
vt 0.752900 0.573200
vt 0.756900 0.354600
vt 0.783500 0.289000
vt 0.718000 0.308500
vt 0.687500 0.383100
vt 0.756900 0.354600
vt 0.718000 0.308500
vt 0.633500 0.441200
vt 0.607100 0.338600
vt 0.560300 0.327000
vt 0.607100 0.338600
vt 0.610800 0.240200
vt 0.560300 0.327000
vt 0.843900 0.287200
vt 0.847700 0.204700
vt 0.711500 0.258600
vt 0.478300 0.666100
vt 0.660700 0.678700
vt 0.473100 0.577700
vt 0.771500 0.439800
vt 0.811800 0.349800
vt 0.756900 0.354600
vt 0.560300 0.327000
vt 0.610800 0.240200
vt 0.418900 0.289300
vt 0.278500 0.552700
vt 0.371700 0.623200
vt 0.403900 0.556900
vt 0.107000 0.606700
vt 0.021600 0.686000
vt 0.068400 0.815900
vt 0.660700 0.678700
vt 0.506500 0.708400
vt 0.594100 0.852400
vt 0.843500 0.603700
vt 0.752900 0.573200
vt 0.660700 0.678700
vt 0.687500 0.383100
vt 0.771500 0.439800
vt 0.756900 0.354600
vt 0.669200 0.032500
vt 0.501300 0.148600
vt 0.623100 0.216700
vt 0.847700 0.204700
vt 0.800600 0.109000
vt 0.711500 0.258600
vt 0.771500 0.439800
vt 0.892500 0.459200
vt 0.811800 0.349800
vt 0.198700 0.670300
vt 0.177500 0.863400
vt 0.270500 0.823600
vt 0.384500 0.702300
vt 0.363100 0.832300
vt 0.451500 0.711000
vt 0.403900 0.556900
vt 0.371700 0.623200
vt 0.443200 0.614200
vt 0.560300 0.327000
vt 0.474400 0.386000
vt 0.575100 0.427800
vt 0.725400 0.531900
vt 0.655900 0.492800
vt 0.662500 0.597600
vt 0.614800 0.501000
vt 0.474400 0.386000
vt 0.473100 0.577700
vt 0.278500 0.552700
vt 0.403900 0.556900
vt 0.187700 0.439200
vt 0.771500 0.439800
vt 0.785900 0.524000
vt 0.892500 0.459200
vt 0.725400 0.531900
vt 0.721800 0.457000
vt 0.655900 0.492800
vt 0.687500 0.383100
vt 0.666900 0.447700
vt 0.721800 0.457000
vt 0.633500 0.441200
vt 0.560300 0.327000
vt 0.575100 0.427800
vt 0.274400 0.717100
vt 0.270500 0.823600
vt 0.384500 0.702300
vt 0.278500 0.552700
vt 0.198700 0.670300
vt 0.371700 0.623200
vt 0.800600 0.109000
vt 0.623100 0.216700
vt 0.711500 0.258600
vt 0.718000 0.308500
vt 0.610800 0.240200
vt 0.607100 0.338600
vt 0.388400 0.876800
vt 0.277600 0.924800
vt 0.444800 0.976500
vt 0.363100 0.832300
vt 0.497600 0.843100
vt 0.506500 0.708400
vt 0.403900 0.556900
vt 0.418900 0.289300
vt 0.187700 0.439200
vt 0.501300 0.148600
vt 0.418900 0.289300
vt 0.610800 0.240200
vt 0.892500 0.459200
vt 0.950200 0.348600
vt 0.811800 0.349800
vt 0.720300 0.111200
vt 0.623100 0.216700
vt 0.800600 0.109000
vt 0.107000 0.606700
vt 0.061600 0.495800
vt 0.021600 0.686000
vt 0.655900 0.492800
vt 0.614800 0.501000
vt 0.662500 0.597600
vt 0.473100 0.577700
vt 0.660700 0.678700
vt 0.614800 0.501000
vt 0.506500 0.708400
vt 0.660700 0.678700
vt 0.478300 0.666100
vt 0.443200 0.614200
vt 0.371700 0.623200
vt 0.451500 0.711000
vt 0.687500 0.383100
vt 0.607100 0.338600
vt 0.666900 0.447700
vt 0.607100 0.338600
vt 0.687500 0.383100
vt 0.718000 0.308500
vt 0.061600 0.495800
vt 0.107000 0.606700
vt 0.278500 0.552700
vt 0.187700 0.439200
vt 0.061600 0.495800
vt 0.278500 0.552700
vt 0.721800 0.457000
vt 0.771500 0.439800
vt 0.687500 0.383100
vt 0.771500 0.439800
vt 0.721800 0.457000
vt 0.725400 0.531900
vt 0.811800 0.349800
vt 0.783500 0.289000
vt 0.756900 0.354600
vt 0.711500 0.258600
vt 0.783500 0.289000
vt 0.843900 0.287200
vt 0.473100 0.577700
vt 0.403900 0.556900
vt 0.443200 0.614200
vt 0.403900 0.556900
vt 0.473100 0.577700
vt 0.474400 0.386000
vt 0.388400 0.876800
vt 0.444800 0.976500
vt 0.497600 0.843100
vt 0.892500 0.459200
vt 0.785900 0.524000
vt 0.843500 0.603700
vt 0.274400 0.717100
vt 0.198700 0.670300
vt 0.270500 0.823600
vt 0.371700 0.623200
vt 0.198700 0.670300
vt 0.274400 0.717100
vt 0.277600 0.924800
vt 0.270500 0.823600
vt 0.177500 0.863400
vt 0.932300 0.253800
vt 0.843900 0.287200
vt 0.950200 0.348600
vt 0.655900 0.492800
vt 0.633500 0.441200
vt 0.614800 0.501000
vt 0.721800 0.457000
vt 0.666900 0.447700
vt 0.655900 0.492800
vt 0.363100 0.832300
vt 0.384500 0.702300
vt 0.270500 0.823600
vt 0.270500 0.823600
vt 0.277600 0.924800
vt 0.388400 0.876800
vt 0.711500 0.258600
vt 0.623100 0.216700
vt 0.718000 0.308500
vt 0.783500 0.289000
vt 0.711500 0.258600
vt 0.718000 0.308500
vt 0.242600 0.286000
vt 0.061600 0.495800
vt 0.187700 0.439200
vt 0.418900 0.289300
vt 0.242600 0.286000
vt 0.187700 0.439200
vt 0.785900 0.524000
vt 0.752900 0.573200
vt 0.843500 0.603700
vt 0.785900 0.524000
vt 0.771500 0.439800
vt 0.725400 0.531900
vt 0.811800 0.349800
vt 0.950200 0.348600
vt 0.843900 0.287200
vt 0.843900 0.287200
vt 0.783500 0.289000
vt 0.811800 0.349800
vt 0.506500 0.708400
vt 0.451500 0.711000
vt 0.363100 0.832300
vt 0.506500 0.708400
vt 0.478300 0.666100
vt 0.451500 0.711000
vt 0.403900 0.556900
vt 0.474400 0.386000
vt 0.418900 0.289300
vt 0.474400 0.386000
vt 0.560300 0.327000
vt 0.418900 0.289300
vt 0.575100 0.427800
vt 0.614800 0.501000
vt 0.633500 0.441200
vt 0.575100 0.427800
vt 0.474400 0.386000
vt 0.614800 0.501000
vt 0.623100 0.216700
vt 0.720300 0.111200
vt 0.669200 0.032500
vt 0.800600 0.109000
vt 0.669200 0.032500
vt 0.720300 0.111200
vt 0.610800 0.240200
vt 0.718000 0.308500
vt 0.623100 0.216700
vt 0.610800 0.240200
vt 0.623100 0.216700
vt 0.501300 0.148600
vt 0.278500 0.552700
vt 0.107000 0.606700
vt 0.198700 0.670300
vt 0.198700 0.670300
vt 0.107000 0.606700
vt 0.068400 0.815900
vt 0.443200 0.614200
vt 0.478300 0.666100
vt 0.473100 0.577700
vt 0.478300 0.666100
vt 0.443200 0.614200
vt 0.451500 0.711000
vt 0.932300 0.253800
vt 0.847700 0.204700
vt 0.843900 0.287200
vt 0.177500 0.863400
vt 0.198700 0.670300
vt 0.068400 0.815900
vt 0.451500 0.711000
vt 0.371700 0.623200
vt 0.384500 0.702300
vt 0.384500 0.702300
vt 0.371700 0.623200
vt 0.274400 0.717100
vt 0.633500 0.441200
vt 0.655900 0.492800
vt 0.666900 0.447700
vt 0.666900 0.447700
vt 0.607100 0.338600
vt 0.633500 0.441200
vt 0.388400 0.876800
vt 0.363100 0.832300
vt 0.270500 0.823600
vt 0.497600 0.843100
vt 0.363100 0.832300
vt 0.388400 0.876800
vt 0.444800 0.976500
vt 0.594100 0.852400
vt 0.497600 0.843100
vt 0.497600 0.843100
vt 0.594100 0.852400
vt 0.506500 0.708400
vt 0.662500 0.597600
vt 0.660700 0.678700
vt 0.752900 0.573200
vt 0.660700 0.678700
vt 0.662500 0.597600
vt 0.614800 0.501000
vt 0.725400 0.531900
vt 0.752900 0.573200
vt 0.785900 0.524000
vt 0.725400 0.531900
vt 0.662500 0.597600
vt 0.752900 0.573200
vt 0.756900 0.354600
vt 0.783500 0.289000
vt 0.718000 0.308500
vt 0.687500 0.383100
vt 0.756900 0.354600
vt 0.718000 0.308500
vt 0.633500 0.441200
vt 0.607100 0.338600
vt 0.560300 0.327000
vt 0.607100 0.338600
vt 0.610800 0.240200
vt 0.560300 0.327000
vt 0.843900 0.287200
vt 0.847700 0.204700
vt 0.711500 0.258600
vt 0.478300 0.666100
vt 0.660700 0.678700
vt 0.473100 0.577700
vt 0.771500 0.439800
vt 0.811800 0.349800
vt 0.756900 0.354600
vt 0.560300 0.327000
vt 0.610800 0.240200
vt 0.418900 0.289300
vt 0.278500 0.552700
vt 0.371700 0.623200
vt 0.403900 0.556900
vt 0.107000 0.606700
vt 0.021600 0.686000
vt 0.068400 0.815900
vt 0.660700 0.678700
vt 0.506500 0.708400
vt 0.594100 0.852400
vt 0.843500 0.603700
vt 0.752900 0.573200
vt 0.660700 0.678700
vt 0.687500 0.383100
vt 0.771500 0.439800
vt 0.756900 0.354600
vt 0.669200 0.032500
vt 0.501300 0.148600
vt 0.623100 0.216700
vt 0.847700 0.204700
vt 0.800600 0.109000
vt 0.711500 0.258600
vt 0.771500 0.439800
vt 0.892500 0.459200
vt 0.811800 0.349800
vt 0.198700 0.670300
vt 0.177500 0.863400
vt 0.270500 0.823600
vt 0.384500 0.702300
vt 0.363100 0.832300
vt 0.451500 0.711000
vt 0.403900 0.556900
vt 0.371700 0.623200
vt 0.443200 0.614200
vt 0.560300 0.327000
vt 0.474400 0.386000
vt 0.575100 0.427800
vt 0.725400 0.531900
vt 0.655900 0.492800
vt 0.662500 0.597600
vt 0.614800 0.501000
vt 0.474400 0.386000
vt 0.473100 0.577700
vt 0.278500 0.552700
vt 0.403900 0.556900
vt 0.187700 0.439200
vt 0.771500 0.439800
vt 0.785900 0.524000
vt 0.892500 0.459200
vt 0.725400 0.531900
vt 0.721800 0.457000
vt 0.655900 0.492800
vt 0.687500 0.383100
vt 0.666900 0.447700
vt 0.721800 0.457000
vt 0.633500 0.441200
vt 0.560300 0.327000
vt 0.575100 0.427800
vt 0.274400 0.717100
vt 0.270500 0.823600
vt 0.384500 0.702300
vt 0.278500 0.552700
vt 0.198700 0.670300
vt 0.371700 0.623200
vt 0.800600 0.109000
vt 0.623100 0.216700
vt 0.711500 0.258600
vt 0.718000 0.308500
vt 0.610800 0.240200
vt 0.607100 0.338600
vt 0.388400 0.876800
vt 0.277600 0.924800
vt 0.444800 0.976500
vt 0.363100 0.832300
vt 0.497600 0.843100
vt 0.506500 0.708400
vt 0.403900 0.556900
vt 0.418900 0.289300
vt 0.187700 0.439200
vt 0.501300 0.148600
vt 0.418900 0.289300
vt 0.610800 0.240200
vt 0.892500 0.459200
vt 0.950200 0.348600
vt 0.811800 0.349800
vt 0.720300 0.111200
vt 0.623100 0.216700
vt 0.800600 0.109000
vt 0.107000 0.606700
vt 0.061600 0.495800
vt 0.021600 0.686000
vt 0.655900 0.492800
vt 0.614800 0.501000
vt 0.662500 0.597600
vt 0.473100 0.577700
vt 0.660700 0.678700
vt 0.614800 0.501000
vt 0.506500 0.708400
vt 0.660700 0.678700
vt 0.478300 0.666100
vt 0.443200 0.614200
vt 0.371700 0.623200
vt 0.451500 0.711000
vt 0.687500 0.383100
vt 0.607100 0.338600
vt 0.666900 0.447700
vt 0.607100 0.338600
vt 0.687500 0.383100
vt 0.718000 0.308500
vt 0.061600 0.495800
vt 0.107000 0.606700
vt 0.278500 0.552700
vt 0.187700 0.439200
vt 0.061600 0.495800
vt 0.278500 0.552700
vt 0.721800 0.457000
vt 0.771500 0.439800
vt 0.687500 0.383100
vt 0.771500 0.439800
vt 0.721800 0.457000
vt 0.725400 0.531900
vt 0.811800 0.349800
vt 0.783500 0.289000
vt 0.756900 0.354600
vt 0.711500 0.258600
vt 0.783500 0.289000
vt 0.843900 0.287200
vt 0.473100 0.577700
vt 0.403900 0.556900
vt 0.443200 0.614200
vt 0.403900 0.556900
vt 0.473100 0.577700
vt 0.474400 0.386000
vt 0.388400 0.876800
vt 0.444800 0.976500
vt 0.497600 0.843100
vt 0.892500 0.459200
vt 0.785900 0.524000
vt 0.843500 0.603700
vt 0.274400 0.717100
vt 0.198700 0.670300
vt 0.270500 0.823600
vt 0.371700 0.623200
vt 0.198700 0.670300
vt 0.274400 0.717100
vt 0.277600 0.924800
vt 0.270500 0.823600
vt 0.177500 0.863400
vt 0.932300 0.253800
vt 0.843900 0.287200
vt 0.950200 0.348600
vt 0.655900 0.492800
vt 0.633500 0.441200
vt 0.614800 0.501000
vt 0.721800 0.457000
vt 0.666900 0.447700
vt 0.655900 0.492800
vt 0.363100 0.832300
vt 0.384500 0.702300
vt 0.270500 0.823600
vt 0.270500 0.823600
vt 0.277600 0.924800
vt 0.388400 0.876800
vt 0.711500 0.258600
vt 0.623100 0.216700
vt 0.718000 0.308500
vt 0.783500 0.289000
vt 0.711500 0.258600
vt 0.718000 0.308500
vt 0.242600 0.286000
vt 0.061600 0.495800
vt 0.187700 0.439200
vt 0.418900 0.289300
vt 0.242600 0.286000
vt 0.187700 0.439200
vt 0.785900 0.524000
vt 0.752900 0.573200
vt 0.843500 0.603700
vt 0.785900 0.524000
vt 0.771500 0.439800
vt 0.725400 0.531900
vt 0.811800 0.349800
vt 0.950200 0.348600
vt 0.843900 0.287200
vt 0.843900 0.287200
vt 0.783500 0.289000
vt 0.811800 0.349800
vt 0.506500 0.708400
vt 0.451500 0.711000
vt 0.363100 0.832300
vt 0.506500 0.708400
vt 0.478300 0.666100
vt 0.451500 0.711000
vt 0.403900 0.556900
vt 0.474400 0.386000
vt 0.418900 0.289300
vt 0.474400 0.386000
vt 0.560300 0.327000
vt 0.418900 0.289300
vt 0.575100 0.427800
vt 0.614800 0.501000
vt 0.633500 0.441200
vt 0.575100 0.427800
vt 0.474400 0.386000
vt 0.614800 0.501000
vt 0.623100 0.216700
vt 0.720300 0.111200
vt 0.669200 0.032500
vt 0.800600 0.109000
vt 0.669200 0.032500
vt 0.720300 0.111200
vt 0.610800 0.240200
vt 0.718000 0.308500
vt 0.623100 0.216700
vt 0.610800 0.240200
vt 0.623100 0.216700
vt 0.501300 0.148600
vt 0.278500 0.552700
vt 0.107000 0.606700
vt 0.198700 0.670300
vt 0.198700 0.670300
vt 0.107000 0.606700
vt 0.068400 0.815900
vt 0.443200 0.614200
vt 0.478300 0.666100
vt 0.473100 0.577700
vt 0.478300 0.666100
vt 0.443200 0.614200
vt 0.451500 0.711000
vt 0.932300 0.253800
vt 0.847700 0.204700
vt 0.843900 0.287200
vt 0.177500 0.863400
vt 0.198700 0.670300
vt 0.068400 0.815900
vt 0.451500 0.711000
vt 0.371700 0.623200
vt 0.384500 0.702300
vt 0.384500 0.702300
vt 0.371700 0.623200
vt 0.274400 0.717100
vt 0.633500 0.441200
vt 0.655900 0.492800
vt 0.666900 0.447700
vt 0.666900 0.447700
vt 0.607100 0.338600
vt 0.633500 0.441200
vt 0.388400 0.876800
vt 0.363100 0.832300
vt 0.270500 0.823600
vt 0.497600 0.843100
vt 0.363100 0.832300
vt 0.388400 0.876800
vt 0.444800 0.976500
vt 0.594100 0.852400
vt 0.497600 0.843100
vt 0.497600 0.843100
vt 0.594100 0.852400
vt 0.506500 0.708400
vt 0.662500 0.597600
vt 0.660700 0.678700
vt 0.752900 0.573200
vt 0.660700 0.678700
vt 0.662500 0.597600
vt 0.614800 0.501000
vt 0.725400 0.531900
vt 0.752900 0.573200
vt 0.785900 0.524000
vt 0.725400 0.531900
vt 0.662500 0.597600
vt 0.752900 0.573200
vt 0.756900 0.354600
vt 0.783500 0.289000
vt 0.718000 0.308500
vt 0.687500 0.383100
vt 0.756900 0.354600
vt 0.718000 0.308500
vt 0.633500 0.441200
vt 0.607100 0.338600
vt 0.560300 0.327000
vt 0.607100 0.338600
vt 0.610800 0.240200
vt 0.560300 0.327000
vt 0.843900 0.287200
vt 0.847700 0.204700
vt 0.711500 0.258600
vt 0.478300 0.666100
vt 0.660700 0.678700
vt 0.473100 0.577700
vt 0.771500 0.439800
vt 0.811800 0.349800
vt 0.756900 0.354600
vt 0.560300 0.327000
vt 0.610800 0.240200
vt 0.418900 0.289300
vt 0.278500 0.552700
vt 0.371700 0.623200
vt 0.403900 0.556900
vt 0.107000 0.606700
vt 0.021600 0.686000
vt 0.068400 0.815900
vt 0.660700 0.678700
vt 0.506500 0.708400
vt 0.594100 0.852400
vt 0.843500 0.603700
vt 0.752900 0.573200
vt 0.660700 0.678700
vt 0.687500 0.383100
vt 0.771500 0.439800
vt 0.756900 0.354600
vt 0.669200 0.032500
vt 0.501300 0.148600
vt 0.623100 0.216700
vt 0.847700 0.204700
vt 0.800600 0.109000
vt 0.711500 0.258600
vt 0.771500 0.439800
vt 0.892500 0.459200
vt 0.811800 0.349800
vt 0.198700 0.670300
vt 0.177500 0.863400
vt 0.270500 0.823600
vt 0.384500 0.702300
vt 0.363100 0.832300
vt 0.451500 0.711000
vt 0.403900 0.556900
vt 0.371700 0.623200
vt 0.443200 0.614200
vt 0.560300 0.327000
vt 0.474400 0.386000
vt 0.575100 0.427800
vt 0.725400 0.531900
vt 0.655900 0.492800
vt 0.662500 0.597600
vt 0.614800 0.501000
vt 0.474400 0.386000
vt 0.473100 0.577700
vt 0.278500 0.552700
vt 0.403900 0.556900
vt 0.187700 0.439200
vt 0.771500 0.439800
vt 0.785900 0.524000
vt 0.892500 0.459200
vt 0.725400 0.531900
vt 0.721800 0.457000
vt 0.655900 0.492800
vt 0.687500 0.383100
vt 0.666900 0.447700
vt 0.721800 0.457000
vt 0.633500 0.441200
vt 0.560300 0.327000
vt 0.575100 0.427800
vt 0.274400 0.717100
vt 0.270500 0.823600
vt 0.384500 0.702300
vt 0.278500 0.552700
vt 0.198700 0.670300
vt 0.371700 0.623200
vt 0.800600 0.109000
vt 0.623100 0.216700
vt 0.711500 0.258600
vt 0.718000 0.308500
vt 0.610800 0.240200
vt 0.607100 0.338600
vt 0.388400 0.876800
vt 0.277600 0.924800
vt 0.444800 0.976500
vt 0.363100 0.832300
vt 0.497600 0.843100
vt 0.506500 0.708400
vt 0.403900 0.556900
vt 0.418900 0.289300
vt 0.187700 0.439200
vt 0.501300 0.148600
vt 0.418900 0.289300
vt 0.610800 0.240200
vt 0.892500 0.459200
vt 0.950200 0.348600
vt 0.811800 0.349800
vt 0.720300 0.111200
vt 0.623100 0.216700
vt 0.800600 0.109000
vt 0.107000 0.606700
vt 0.061600 0.495800
vt 0.021600 0.686000
vt 0.655900 0.492800
vt 0.614800 0.501000
vt 0.662500 0.597600
vt 0.473100 0.577700
vt 0.660700 0.678700
vt 0.614800 0.501000
vt 0.506500 0.708400
vt 0.660700 0.678700
vt 0.478300 0.666100
vt 0.443200 0.614200
vt 0.371700 0.623200
vt 0.451500 0.711000
vt 0.687500 0.383100
vt 0.607100 0.338600
vt 0.666900 0.447700
vt 0.607100 0.338600
vt 0.687500 0.383100
vt 0.718000 0.308500
vt 0.061600 0.495800
vt 0.107000 0.606700
vt 0.278500 0.552700
vt 0.187700 0.439200
vt 0.061600 0.495800
vt 0.278500 0.552700
vt 0.721800 0.457000
vt 0.771500 0.439800
vt 0.687500 0.383100
vt 0.771500 0.439800
vt 0.721800 0.457000
vt 0.725400 0.531900
vt 0.811800 0.349800
vt 0.783500 0.289000
vt 0.756900 0.354600
vt 0.711500 0.258600
vt 0.783500 0.289000
vt 0.843900 0.287200
vt 0.473100 0.577700
vt 0.403900 0.556900
vt 0.443200 0.614200
vt 0.403900 0.556900
vt 0.473100 0.577700
vt 0.474400 0.386000
vt 0.388400 0.876800
vt 0.444800 0.976500
vt 0.497600 0.843100
vt 0.892500 0.459200
vt 0.785900 0.524000
vt 0.843500 0.603700
vt 0.274400 0.717100
vt 0.198700 0.670300
vt 0.270500 0.823600
vt 0.371700 0.623200
vt 0.198700 0.670300
vt 0.274400 0.717100
vt 0.277600 0.924800
vt 0.270500 0.823600
vt 0.177500 0.863400
vt 0.932300 0.253800
vt 0.843900 0.287200
vt 0.950200 0.348600
vt 0.655900 0.492800
vt 0.633500 0.441200
vt 0.614800 0.501000
vt 0.721800 0.457000
vt 0.666900 0.447700
vt 0.655900 0.492800
vt 0.363100 0.832300
vt 0.384500 0.702300
vt 0.270500 0.823600
vt 0.270500 0.823600
vt 0.277600 0.924800
vt 0.388400 0.876800
vt 0.711500 0.258600
vt 0.623100 0.216700
vt 0.718000 0.308500
vt 0.783500 0.289000
vt 0.711500 0.258600
vt 0.718000 0.308500
vt 0.242600 0.286000
vt 0.061600 0.495800
vt 0.187700 0.439200
vt 0.418900 0.289300
vt 0.242600 0.286000
vt 0.187700 0.439200
vt 0.785900 0.524000
vt 0.752900 0.573200
vt 0.843500 0.603700
vt 0.785900 0.524000
vt 0.771500 0.439800
vt 0.725400 0.531900
vt 0.811800 0.349800
vt 0.950200 0.348600
vt 0.843900 0.287200
vt 0.843900 0.287200
vt 0.783500 0.289000
vt 0.811800 0.349800
vt 0.506500 0.708400
vt 0.451500 0.711000
vt 0.363100 0.832300
vt 0.506500 0.708400
vt 0.478300 0.666100
vt 0.451500 0.711000
vt 0.403900 0.556900
vt 0.474400 0.386000
vt 0.418900 0.289300
vt 0.474400 0.386000
vt 0.560300 0.327000
vt 0.418900 0.289300
vt 0.575100 0.427800
vt 0.614800 0.501000
vt 0.633500 0.441200
vt 0.575100 0.427800
vt 0.474400 0.386000
vt 0.614800 0.501000
vt 0.623100 0.216700
vt 0.720300 0.111200
vt 0.669200 0.032500
vt 0.800600 0.109000
vt 0.669200 0.032500
vt 0.720300 0.111200
vt 0.610800 0.240200
vt 0.718000 0.308500
vt 0.623100 0.216700
vt 0.610800 0.240200
vt 0.623100 0.216700
vt 0.501300 0.148600
vt 0.278500 0.552700
vt 0.107000 0.606700
vt 0.198700 0.670300
vt 0.198700 0.670300
vt 0.107000 0.606700
vt 0.068400 0.815900
vt 0.443200 0.614200
vt 0.478300 0.666100
vt 0.473100 0.577700
vt 0.478300 0.666100
vt 0.443200 0.614200
vt 0.451500 0.711000
vt 0.932300 0.253800
vt 0.847700 0.204700
vt 0.843900 0.287200
vt 0.177500 0.863400
vt 0.198700 0.670300
vt 0.068400 0.815900
vt 0.451500 0.711000
vt 0.371700 0.623200
vt 0.384500 0.702300
vt 0.384500 0.702300
vt 0.371700 0.623200
vt 0.274400 0.717100
vt 0.633500 0.441200
vt 0.655900 0.492800
vt 0.666900 0.447700
vt 0.666900 0.447700
vt 0.607100 0.338600
vt 0.633500 0.441200
vt 0.388400 0.876800
vt 0.363100 0.832300
vt 0.270500 0.823600
vt 0.497600 0.843100
vt 0.363100 0.832300
vt 0.388400 0.876800
vt 0.444800 0.976500
vt 0.594100 0.852400
vt 0.497600 0.843100
vt 0.497600 0.843100
vt 0.594100 0.852400
vt 0.506500 0.708400
vt 0.662500 0.597600
vt 0.660700 0.678700
vt 0.752900 0.573200
vt 0.660700 0.678700
vt 0.662500 0.597600
vt 0.614800 0.501000
vt 0.725400 0.531900
vt 0.752900 0.573200
vt 0.785900 0.524000
vt 0.725400 0.531900
vt 0.662500 0.597600
vt 0.752900 0.573200
vt 0.756900 0.354600
vt 0.783500 0.289000
vt 0.718000 0.308500
vt 0.687500 0.383100
vt 0.756900 0.354600
vt 0.718000 0.308500
vt 0.633500 0.441200
vt 0.607100 0.338600
vt 0.560300 0.327000
vt 0.607100 0.338600
vt 0.610800 0.240200
vt 0.560300 0.327000
vt 0.843900 0.287200
vt 0.847700 0.204700
vt 0.711500 0.258600
vt 0.478300 0.666100
vt 0.660700 0.678700
vt 0.473100 0.577700
vt 0.771500 0.439800
vt 0.811800 0.349800
vt 0.756900 0.354600
vt 0.560300 0.327000
vt 0.610800 0.240200
vt 0.418900 0.289300
vt 0.278500 0.552700
vt 0.371700 0.623200
vt 0.403900 0.556900
vt 0.107000 0.606700
vt 0.021600 0.686000
vt 0.068400 0.815900
vt 0.660700 0.678700
vt 0.506500 0.708400
vt 0.594100 0.852400
vt 0.843500 0.603700
vt 0.752900 0.573200
vt 0.660700 0.678700
vt 0.687500 0.383100
vt 0.771500 0.439800
vt 0.756900 0.354600
vt 0.669200 0.032500
vt 0.501300 0.148600
vt 0.623100 0.216700
vt 0.847700 0.204700
vt 0.800600 0.109000
vt 0.711500 0.258600
vt 0.771500 0.439800
vt 0.892500 0.459200
vt 0.811800 0.349800
vt 0.198700 0.670300
vt 0.177500 0.863400
vt 0.270500 0.823600
vt 0.384500 0.702300
vt 0.363100 0.832300
vt 0.451500 0.711000
vt 0.403900 0.556900
vt 0.371700 0.623200
vt 0.443200 0.614200
vt 0.560300 0.327000
vt 0.474400 0.386000
vt 0.575100 0.427800
vt 0.725400 0.531900
vt 0.655900 0.492800
vt 0.662500 0.597600
vt 0.614800 0.501000
vt 0.474400 0.386000
vt 0.473100 0.577700
vt 0.278500 0.552700
vt 0.403900 0.556900
vt 0.187700 0.439200
vt 0.771500 0.439800
vt 0.785900 0.524000
vt 0.892500 0.459200
vt 0.725400 0.531900
vt 0.721800 0.457000
vt 0.655900 0.492800
vt 0.687500 0.383100
vt 0.666900 0.447700
vt 0.721800 0.457000
vt 0.633500 0.441200
vt 0.560300 0.327000
vt 0.575100 0.427800
vt 0.274400 0.717100
vt 0.270500 0.823600
vt 0.384500 0.702300
vt 0.278500 0.552700
vt 0.198700 0.670300
vt 0.371700 0.623200
vt 0.800600 0.109000
vt 0.623100 0.216700
vt 0.711500 0.258600
vt 0.718000 0.308500
vt 0.610800 0.240200
vt 0.607100 0.338600
vt 0.388400 0.876800
vt 0.277600 0.924800
vt 0.444800 0.976500
vt 0.363100 0.832300
vt 0.497600 0.843100
vt 0.506500 0.708400
vt 0.403900 0.556900
vt 0.418900 0.289300
vt 0.187700 0.439200
vt 0.501300 0.148600
vt 0.418900 0.289300
vt 0.610800 0.240200
vt 0.892500 0.459200
vt 0.950200 0.348600
vt 0.811800 0.349800
vt 0.720300 0.111200
vt 0.623100 0.216700
vt 0.800600 0.109000
vt 0.107000 0.606700
vt 0.061600 0.495800
vt 0.021600 0.686000
vt 0.655900 0.492800
vt 0.614800 0.501000
vt 0.662500 0.597600
vt 0.473100 0.577700
vt 0.660700 0.678700
vt 0.614800 0.501000
vt 0.506500 0.708400
vt 0.660700 0.678700
vt 0.478300 0.666100
vt 0.443200 0.614200
vt 0.371700 0.623200
vt 0.451500 0.711000
vt 0.687500 0.383100
vt 0.607100 0.338600
vt 0.666900 0.447700
vt 0.607100 0.338600
vt 0.687500 0.383100
vt 0.718000 0.308500
vt 0.061600 0.495800
vt 0.107000 0.606700
vt 0.278500 0.552700
vt 0.187700 0.439200
vt 0.061600 0.495800
vt 0.278500 0.552700
vt 0.721800 0.457000
vt 0.771500 0.439800
vt 0.687500 0.383100
vt 0.771500 0.439800
vt 0.721800 0.457000
vt 0.725400 0.531900
vt 0.811800 0.349800
vt 0.783500 0.289000
vt 0.756900 0.354600
vt 0.711500 0.258600
vt 0.783500 0.289000
vt 0.843900 0.287200
vt 0.473100 0.577700
vt 0.403900 0.556900
vt 0.443200 0.614200
vt 0.403900 0.556900
vt 0.473100 0.577700
vt 0.474400 0.386000
vt 0.388400 0.876800
vt 0.444800 0.976500
vt 0.497600 0.843100
vt 0.892500 0.459200
vt 0.785900 0.524000
vt 0.843500 0.603700
vt 0.274400 0.717100
vt 0.198700 0.670300
vt 0.270500 0.823600
vt 0.371700 0.623200
vt 0.198700 0.670300
vt 0.274400 0.717100
vt 0.277600 0.924800
vt 0.270500 0.823600
vt 0.177500 0.863400
vt 0.932300 0.253800
vt 0.843900 0.287200
vt 0.950200 0.348600
vt 0.655900 0.492800
vt 0.633500 0.441200
vt 0.614800 0.501000
vt 0.721800 0.457000
vt 0.666900 0.447700
vt 0.655900 0.492800
vt 0.363100 0.832300
vt 0.384500 0.702300
vt 0.270500 0.823600
vt 0.270500 0.823600
vt 0.277600 0.924800
vt 0.388400 0.876800
vt 0.711500 0.258600
vt 0.623100 0.216700
vt 0.718000 0.308500
vt 0.783500 0.289000
vt 0.711500 0.258600
vt 0.718000 0.308500
vt 0.242600 0.286000
vt 0.061600 0.495800
vt 0.187700 0.439200
vt 0.418900 0.289300
vt 0.242600 0.286000
vt 0.187700 0.439200
vt 0.785900 0.524000
vt 0.752900 0.573200
vt 0.843500 0.603700
vt 0.785900 0.524000
vt 0.771500 0.439800
vt 0.725400 0.531900
vt 0.811800 0.349800
vt 0.950200 0.348600
vt 0.843900 0.287200
vt 0.843900 0.287200
vt 0.783500 0.289000
vt 0.811800 0.349800
vt 0.506500 0.708400
vt 0.451500 0.711000
vt 0.363100 0.832300
vt 0.506500 0.708400
vt 0.478300 0.666100
vt 0.451500 0.711000
vt 0.403900 0.556900
vt 0.474400 0.386000
vt 0.418900 0.289300
vt 0.474400 0.386000
vt 0.560300 0.327000
vt 0.418900 0.289300
vt 0.575100 0.427800
vt 0.614800 0.501000
vt 0.633500 0.441200
vt 0.575100 0.427800
vt 0.474400 0.386000
vt 0.614800 0.501000
vt 0.623100 0.216700
vt 0.720300 0.111200
vt 0.669200 0.032500
vt 0.800600 0.109000
vt 0.669200 0.032500
vt 0.720300 0.111200
vt 0.610800 0.240200
vt 0.718000 0.308500
vt 0.623100 0.216700
vt 0.610800 0.240200
vt 0.623100 0.216700
vt 0.501300 0.148600
vt 0.278500 0.552700
vt 0.107000 0.606700
vt 0.198700 0.670300
vt 0.198700 0.670300
vt 0.107000 0.606700
vt 0.068400 0.815900
vt 0.443200 0.614200
vt 0.478300 0.666100
vt 0.473100 0.577700
vt 0.478300 0.666100
vt 0.443200 0.614200
vt 0.451500 0.711000
vt 0.932300 0.253800
vt 0.847700 0.204700
vt 0.843900 0.287200
vt 0.177500 0.863400
vt 0.198700 0.670300
vt 0.068400 0.815900
vt 0.451500 0.711000
vt 0.371700 0.623200
vt 0.384500 0.702300
vt 0.384500 0.702300
vt 0.371700 0.623200
vt 0.274400 0.717100
vt 0.633500 0.441200
vt 0.655900 0.492800
vt 0.666900 0.447700
vt 0.666900 0.447700
vt 0.607100 0.338600
vt 0.633500 0.441200
vt 0.388400 0.876800
vt 0.363100 0.832300
vt 0.270500 0.823600
vt 0.497600 0.843100
vt 0.363100 0.832300
vt 0.388400 0.876800
vt 0.444800 0.976500
vt 0.594100 0.852400
vt 0.497600 0.843100
vt 0.497600 0.843100
vt 0.594100 0.852400
vt 0.506500 0.708400
vt 0.662500 0.597600
vt 0.660700 0.678700
vt 0.752900 0.573200
vt 0.660700 0.678700
vt 0.662500 0.597600
vt 0.614800 0.501000
vt 0.725400 0.531900
vt 0.752900 0.573200
vt 0.785900 0.524000
vt 0.725400 0.531900
vt 0.662500 0.597600
vt 0.752900 0.573200
vt 0.756900 0.354600
vt 0.783500 0.289000
vt 0.718000 0.308500
vt 0.687500 0.383100
vt 0.756900 0.354600
vt 0.718000 0.308500
vt 0.633500 0.441200
vt 0.607100 0.338600
vt 0.560300 0.327000
vt 0.607100 0.338600
vt 0.610800 0.240200
vt 0.560300 0.327000
vt 0.843900 0.287200
vt 0.847700 0.204700
vt 0.711500 0.258600
vt 0.478300 0.666100
vt 0.660700 0.678700
vt 0.473100 0.577700
vt 0.771500 0.439800
vt 0.811800 0.349800
vt 0.756900 0.354600
vt 0.560300 0.327000
vt 0.610800 0.240200
vt 0.418900 0.289300
vt 0.278500 0.552700
vt 0.371700 0.623200
vt 0.403900 0.556900
vt 0.107000 0.606700
vt 0.021600 0.686000
vt 0.068400 0.815900
vt 0.660700 0.678700
vt 0.506500 0.708400
vt 0.594100 0.852400
vt 0.843500 0.603700
vt 0.752900 0.573200
vt 0.660700 0.678700
vt 0.687500 0.383100
vt 0.771500 0.439800
vt 0.756900 0.354600
vt 0.669200 0.032500
vt 0.501300 0.148600
vt 0.623100 0.216700
vt 0.847700 0.204700
vt 0.800600 0.109000
vt 0.711500 0.258600
vt 0.771500 0.439800
vt 0.892500 0.459200
vt 0.811800 0.349800
vt 0.198700 0.670300
vt 0.177500 0.863400
vt 0.270500 0.823600
vt 0.384500 0.702300
vt 0.363100 0.832300
vt 0.451500 0.711000
vt 0.403900 0.556900
vt 0.371700 0.623200
vt 0.443200 0.614200
vt 0.560300 0.327000
vt 0.474400 0.386000
vt 0.575100 0.427800
vt 0.725400 0.531900
vt 0.655900 0.492800
vt 0.662500 0.597600
vt 0.614800 0.501000
vt 0.474400 0.386000
vt 0.473100 0.577700
vt 0.278500 0.552700
vt 0.403900 0.556900
vt 0.187700 0.439200
vt 0.771500 0.439800
vt 0.785900 0.524000
vt 0.892500 0.459200
vt 0.725400 0.531900
vt 0.721800 0.457000
vt 0.655900 0.492800
vt 0.687500 0.383100
vt 0.666900 0.447700
vt 0.721800 0.457000
vt 0.633500 0.441200
vt 0.560300 0.327000
vt 0.575100 0.427800
vt 0.274400 0.717100
vt 0.270500 0.823600
vt 0.384500 0.702300
vt 0.278500 0.552700
vt 0.198700 0.670300
vt 0.371700 0.623200
vt 0.800600 0.109000
vt 0.623100 0.216700
vt 0.711500 0.258600
vt 0.718000 0.308500
vt 0.610800 0.240200
vt 0.607100 0.338600
vt 0.388400 0.876800
vt 0.277600 0.924800
vt 0.444800 0.976500
vt 0.363100 0.832300
vt 0.497600 0.843100
vt 0.506500 0.708400
vt 0.403900 0.556900
vt 0.418900 0.289300
vt 0.187700 0.439200
vt 0.501300 0.148600
vt 0.418900 0.289300
vt 0.610800 0.240200
vt 0.892500 0.459200
vt 0.950200 0.348600
vt 0.811800 0.349800
vt 0.720300 0.111200
vt 0.623100 0.216700
vt 0.800600 0.109000
vt 0.107000 0.606700
vt 0.061600 0.495800
vt 0.021600 0.686000
vt 0.655900 0.492800
vt 0.614800 0.501000
vt 0.662500 0.597600
vt 0.473100 0.577700
vt 0.660700 0.678700
vt 0.614800 0.501000
vt 0.506500 0.708400
vt 0.660700 0.678700
vt 0.478300 0.666100
vt 0.443200 0.614200
vt 0.371700 0.623200
vt 0.451500 0.711000
vt 0.687500 0.383100
vt 0.607100 0.338600
vt 0.666900 0.447700
vt 0.607100 0.338600
vt 0.687500 0.383100
vt 0.718000 0.308500
vt 0.061600 0.495800
vt 0.107000 0.606700
vt 0.278500 0.552700
vt 0.187700 0.439200
vt 0.061600 0.495800
vt 0.278500 0.552700
vt 0.721800 0.457000
vt 0.771500 0.439800
vt 0.687500 0.383100
vt 0.771500 0.439800
vt 0.721800 0.457000
vt 0.725400 0.531900
vt 0.811800 0.349800
vt 0.783500 0.289000
vt 0.756900 0.354600
vt 0.711500 0.258600
vt 0.783500 0.289000
vt 0.843900 0.287200
vt 0.473100 0.577700
vt 0.403900 0.556900
vt 0.443200 0.614200
vt 0.403900 0.556900
vt 0.473100 0.577700
vt 0.474400 0.386000
vt 0.388400 0.876800
vt 0.444800 0.976500
vt 0.497600 0.843100
vt 0.892500 0.459200
vt 0.785900 0.524000
vt 0.843500 0.603700
vt 0.274400 0.717100
vt 0.198700 0.670300
vt 0.270500 0.823600
vt 0.371700 0.623200
vt 0.198700 0.670300
vt 0.274400 0.717100
vt 0.277600 0.924800
vt 0.270500 0.823600
vt 0.177500 0.863400
vt 0.932300 0.253800
vt 0.843900 0.287200
vt 0.950200 0.348600
vt 0.655900 0.492800
vt 0.633500 0.441200
vt 0.614800 0.501000
vt 0.721800 0.457000
vt 0.666900 0.447700
vt 0.655900 0.492800
vt 0.363100 0.832300
vt 0.384500 0.702300
vt 0.270500 0.823600
vt 0.270500 0.823600
vt 0.277600 0.924800
vt 0.388400 0.876800
vt 0.711500 0.258600
vt 0.623100 0.216700
vt 0.718000 0.308500
vt 0.783500 0.289000
vt 0.711500 0.258600
vt 0.718000 0.308500
vt 0.242600 0.286000
vt 0.061600 0.495800
vt 0.187700 0.439200
vt 0.418900 0.289300
vt 0.242600 0.286000
vt 0.187700 0.439200
vt 0.785900 0.524000
vt 0.752900 0.573200
vt 0.843500 0.603700
vt 0.785900 0.524000
vt 0.771500 0.439800
vt 0.725400 0.531900
vt 0.811800 0.349800
vt 0.950200 0.348600
vt 0.843900 0.287200
vt 0.843900 0.287200
vt 0.783500 0.289000
vt 0.811800 0.349800
vt 0.506500 0.708400
vt 0.451500 0.711000
vt 0.363100 0.832300
vt 0.506500 0.708400
vt 0.478300 0.666100
vt 0.451500 0.711000
vt 0.403900 0.556900
vt 0.474400 0.386000
vt 0.418900 0.289300
vt 0.474400 0.386000
vt 0.560300 0.327000
vt 0.418900 0.289300
vt 0.575100 0.427800
vt 0.614800 0.501000
vt 0.633500 0.441200
vt 0.575100 0.427800
vt 0.474400 0.386000
vt 0.614800 0.501000
vt 0.623100 0.216700
vt 0.720300 0.111200
vt 0.669200 0.032500
vt 0.800600 0.109000
vt 0.669200 0.032500
vt 0.720300 0.111200
vt 0.610800 0.240200
vt 0.718000 0.308500
vt 0.623100 0.216700
vt 0.610800 0.240200
vt 0.623100 0.216700
vt 0.501300 0.148600
vt 0.278500 0.552700
vt 0.107000 0.606700
vt 0.198700 0.670300
vt 0.198700 0.670300
vt 0.107000 0.606700
vt 0.068400 0.815900
vt 0.443200 0.614200
vt 0.478300 0.666100
vt 0.473100 0.577700
vt 0.478300 0.666100
vt 0.443200 0.614200
vt 0.451500 0.711000
vt 0.932300 0.253800
vt 0.847700 0.204700
vt 0.843900 0.287200
vt 0.177500 0.863400
vt 0.198700 0.670300
vt 0.068400 0.815900
vt 0.451500 0.711000
vt 0.371700 0.623200
vt 0.384500 0.702300
vt 0.384500 0.702300
vt 0.371700 0.623200
vt 0.274400 0.717100
vt 0.633500 0.441200
vt 0.655900 0.492800
vt 0.666900 0.447700
vt 0.666900 0.447700
vt 0.607100 0.338600
vt 0.633500 0.441200
vt 0.388400 0.876800
vt 0.363100 0.832300
vt 0.270500 0.823600
vt 0.497600 0.843100
vt 0.363100 0.832300
vt 0.388400 0.876800
vt 0.444800 0.976500
vt 0.594100 0.852400
vt 0.497600 0.843100
vt 0.497600 0.843100
vt 0.594100 0.852400
vt 0.506500 0.708400
vt 0.662500 0.597600
vt 0.660700 0.678700
vt 0.752900 0.573200
vt 0.660700 0.678700
vt 0.662500 0.597600
vt 0.614800 0.501000
vt 0.725400 0.531900
vt 0.752900 0.573200
vt 0.785900 0.524000
vt 0.725400 0.531900
vt 0.662500 0.597600
vt 0.752900 0.573200
vt 0.756900 0.354600
vt 0.783500 0.289000
vt 0.718000 0.308500
vt 0.687500 0.383100
vt 0.756900 0.354600
vt 0.718000 0.308500
vt 0.633500 0.441200
vt 0.607100 0.338600
vt 0.560300 0.327000
vt 0.607100 0.338600
vt 0.610800 0.240200
vt 0.560300 0.327000
vt 0.843900 0.287200
vt 0.847700 0.204700
vt 0.711500 0.258600
vt 0.478300 0.666100
vt 0.660700 0.678700
vt 0.473100 0.577700
vt 0.771500 0.439800
vt 0.811800 0.349800
vt 0.756900 0.354600
vt 0.560300 0.327000
vt 0.610800 0.240200
vt 0.418900 0.289300
vt 0.278500 0.552700
vt 0.371700 0.623200
vt 0.403900 0.556900
vt 0.107000 0.606700
vt 0.021600 0.686000
vt 0.068400 0.815900
vt 0.660700 0.678700
vt 0.506500 0.708400
vt 0.594100 0.852400
vt 0.843500 0.603700
vt 0.752900 0.573200
vt 0.660700 0.678700
vt 0.687500 0.383100
vt 0.771500 0.439800
vt 0.756900 0.354600
vt 0.669200 0.032500
vt 0.501300 0.148600
vt 0.623100 0.216700
vt 0.847700 0.204700
vt 0.800600 0.109000
vt 0.711500 0.258600
vt 0.771500 0.439800
vt 0.892500 0.459200
vt 0.811800 0.349800
vt 0.198700 0.670300
vt 0.177500 0.863400
vt 0.270500 0.823600
vt 0.384500 0.702300
vt 0.363100 0.832300
vt 0.451500 0.711000
vt 0.403900 0.556900
vt 0.371700 0.623200
vt 0.443200 0.614200
vt 0.560300 0.327000
vt 0.474400 0.386000
vt 0.575100 0.427800
vt 0.725400 0.531900
vt 0.655900 0.492800
vt 0.662500 0.597600
vt 0.614800 0.501000
vt 0.474400 0.386000
vt 0.473100 0.577700
vt 0.278500 0.552700
vt 0.403900 0.556900
vt 0.187700 0.439200
vt 0.771500 0.439800
vt 0.785900 0.524000
vt 0.892500 0.459200
vt 0.725400 0.531900
vt 0.721800 0.457000
vt 0.655900 0.492800
vt 0.687500 0.383100
vt 0.666900 0.447700
vt 0.721800 0.457000
vt 0.633500 0.441200
vt 0.560300 0.327000
vt 0.575100 0.427800
vt 0.274400 0.717100
vt 0.270500 0.823600
vt 0.384500 0.702300
vt 0.278500 0.552700
vt 0.198700 0.670300
vt 0.371700 0.623200
vt 0.800600 0.109000
vt 0.623100 0.216700
vt 0.711500 0.258600
vt 0.718000 0.308500
vt 0.610800 0.240200
vt 0.607100 0.338600
vt 0.388400 0.876800
vt 0.277600 0.924800
vt 0.444800 0.976500
vt 0.363100 0.832300
vt 0.497600 0.843100
vt 0.506500 0.708400
vt 0.403900 0.556900
vt 0.418900 0.289300
vt 0.187700 0.439200
vt 0.501300 0.148600
vt 0.418900 0.289300
vt 0.610800 0.240200
vt 0.892500 0.459200
vt 0.950200 0.348600
vt 0.811800 0.349800
vt 0.720300 0.111200
vt 0.623100 0.216700
vt 0.800600 0.109000
vt 0.107000 0.606700
vt 0.061600 0.495800
vt 0.021600 0.686000
vt 0.655900 0.492800
vt 0.614800 0.501000
vt 0.662500 0.597600
vt 0.473100 0.577700
vt 0.660700 0.678700
vt 0.614800 0.501000
vt 0.506500 0.708400
vt 0.660700 0.678700
vt 0.478300 0.666100
vt 0.443200 0.614200
vt 0.371700 0.623200
vt 0.451500 0.711000
vt 0.687500 0.383100
vt 0.607100 0.338600
vt 0.666900 0.447700
vt 0.607100 0.338600
vt 0.687500 0.383100
vt 0.718000 0.308500
vt 0.061600 0.495800
vt 0.107000 0.606700
vt 0.278500 0.552700
vt 0.187700 0.439200
vt 0.061600 0.495800
vt 0.278500 0.552700
vt 0.721800 0.457000
vt 0.771500 0.439800
vt 0.687500 0.383100
vt 0.771500 0.439800
vt 0.721800 0.457000
vt 0.725400 0.531900
vt 0.811800 0.349800
vt 0.783500 0.289000
vt 0.756900 0.354600
vt 0.711500 0.258600
vt 0.783500 0.289000
vt 0.843900 0.287200
vt 0.473100 0.577700
vt 0.403900 0.556900
vt 0.443200 0.614200
vt 0.403900 0.556900
vt 0.473100 0.577700
vt 0.474400 0.386000
vt 0.388400 0.876800
vt 0.444800 0.976500
vt 0.497600 0.843100
vt 0.892500 0.459200
vt 0.785900 0.524000
vt 0.843500 0.603700
vt 0.274400 0.717100
vt 0.198700 0.670300
vt 0.270500 0.823600
vt 0.371700 0.623200
vt 0.198700 0.670300
vt 0.274400 0.717100
vt 0.277600 0.924800
vt 0.270500 0.823600
vt 0.177500 0.863400
vt 0.932300 0.253800
vt 0.843900 0.287200
vt 0.950200 0.348600
vt 0.655900 0.492800
vt 0.633500 0.441200
vt 0.614800 0.501000
vt 0.721800 0.457000
vt 0.666900 0.447700
vt 0.655900 0.492800
vt 0.363100 0.832300
vt 0.384500 0.702300
vt 0.270500 0.823600
vt 0.270500 0.823600
vt 0.277600 0.924800
vt 0.388400 0.876800
vt 0.711500 0.258600
vt 0.623100 0.216700
vt 0.718000 0.308500
vt 0.783500 0.289000
vt 0.711500 0.258600
vt 0.718000 0.308500
vt 0.242600 0.286000
vt 0.061600 0.495800
vt 0.187700 0.439200
vt 0.418900 0.289300
vt 0.242600 0.286000
vt 0.187700 0.439200
vt 0.785900 0.524000
vt 0.752900 0.573200
vt 0.843500 0.603700
vt 0.785900 0.524000
vt 0.771500 0.439800
vt 0.725400 0.531900
vt 0.811800 0.349800
vt 0.950200 0.348600
vt 0.843900 0.287200
vt 0.843900 0.287200
vt 0.783500 0.289000
vt 0.811800 0.349800
vt 0.506500 0.708400
vt 0.451500 0.711000
vt 0.363100 0.832300
vt 0.506500 0.708400
vt 0.478300 0.666100
vt 0.451500 0.711000
vt 0.403900 0.556900
vt 0.474400 0.386000
vt 0.418900 0.289300
vt 0.474400 0.386000
vt 0.560300 0.327000
vt 0.418900 0.289300
vt 0.575100 0.427800
vt 0.614800 0.501000
vt 0.633500 0.441200
vt 0.575100 0.427800
vt 0.474400 0.386000
vt 0.614800 0.501000
vt 0.623100 0.216700
vt 0.720300 0.111200
vt 0.669200 0.032500
vt 0.800600 0.109000
vt 0.669200 0.032500
vt 0.720300 0.111200
vt 0.610800 0.240200
vt 0.718000 0.308500
vt 0.623100 0.216700
vt 0.610800 0.240200
vt 0.623100 0.216700
vt 0.501300 0.148600
vt 0.278500 0.552700
vt 0.107000 0.606700
vt 0.198700 0.670300
vt 0.198700 0.670300
vt 0.107000 0.606700
vt 0.068400 0.815900
vt 0.443200 0.614200
vt 0.478300 0.666100
vt 0.473100 0.577700
vt 0.478300 0.666100
vt 0.443200 0.614200
vt 0.451500 0.711000
vt 0.932300 0.253800
vt 0.847700 0.204700
vt 0.843900 0.287200
vt 0.177500 0.863400
vt 0.198700 0.670300
vt 0.068400 0.815900
vt 0.451500 0.711000
vt 0.371700 0.623200
vt 0.384500 0.702300
vt 0.384500 0.702300
vt 0.371700 0.623200
vt 0.274400 0.717100
vt 0.633500 0.441200
vt 0.655900 0.492800
vt 0.666900 0.447700
vt 0.666900 0.447700
vt 0.607100 0.338600
vt 0.633500 0.441200
vt 0.388400 0.876800
vt 0.363100 0.832300
vt 0.270500 0.823600
vt 0.497600 0.843100
vt 0.363100 0.832300
vt 0.388400 0.876800
vt 0.444800 0.976500
vt 0.594100 0.852400
vt 0.497600 0.843100
vt 0.497600 0.843100
vt 0.594100 0.852400
vt 0.506500 0.708400
vt 0.662500 0.597600
vt 0.660700 0.678700
vt 0.752900 0.573200
vt 0.660700 0.678700
vt 0.662500 0.597600
vt 0.614800 0.501000
vt 0.725400 0.531900
vt 0.752900 0.573200
vt 0.785900 0.524000
vt 0.725400 0.531900
vt 0.662500 0.597600
vt 0.752900 0.573200
vt 0.756900 0.354600
vt 0.783500 0.289000
vt 0.718000 0.308500
vt 0.687500 0.383100
vt 0.756900 0.354600
vt 0.718000 0.308500
vt 0.633500 0.441200
vt 0.607100 0.338600
vt 0.560300 0.327000
vt 0.607100 0.338600
vt 0.610800 0.240200
vt 0.560300 0.327000
vt 0.843900 0.287200
vt 0.847700 0.204700
vt 0.711500 0.258600
vt 0.478300 0.666100
vt 0.660700 0.678700
vt 0.473100 0.577700
vt 0.771500 0.439800
vt 0.811800 0.349800
vt 0.756900 0.354600
vt 0.560300 0.327000
vt 0.610800 0.240200
vt 0.418900 0.289300
vt 0.278500 0.552700
vt 0.371700 0.623200
vt 0.403900 0.556900
vt 0.107000 0.606700
vt 0.021600 0.686000
vt 0.068400 0.815900
vt 0.660700 0.678700
vt 0.506500 0.708400
vt 0.594100 0.852400
vt 0.843500 0.603700
vt 0.752900 0.573200
vt 0.660700 0.678700
vt 0.687500 0.383100
vt 0.771500 0.439800
vt 0.756900 0.354600
vt 0.669200 0.032500
vt 0.501300 0.148600
vt 0.623100 0.216700
vt 0.847700 0.204700
vt 0.800600 0.109000
vt 0.711500 0.258600
vt 0.771500 0.439800
vt 0.892500 0.459200
vt 0.811800 0.349800
vt 0.198700 0.670300
vt 0.177500 0.863400
vt 0.270500 0.823600
vt 0.384500 0.702300
vt 0.363100 0.832300
vt 0.451500 0.711000
vt 0.403900 0.556900
vt 0.371700 0.623200
vt 0.443200 0.614200
vt 0.560300 0.327000
vt 0.474400 0.386000
vt 0.575100 0.427800
vt 0.725400 0.531900
vt 0.655900 0.492800
vt 0.662500 0.597600
vt 0.614800 0.501000
vt 0.474400 0.386000
vt 0.473100 0.577700
vt 0.278500 0.552700
vt 0.403900 0.556900
vt 0.187700 0.439200
vt 0.771500 0.439800
vt 0.785900 0.524000
vt 0.892500 0.459200
vt 0.725400 0.531900
vt 0.721800 0.457000
vt 0.655900 0.492800
vt 0.687500 0.383100
vt 0.666900 0.447700
vt 0.721800 0.457000
vt 0.633500 0.441200
vt 0.560300 0.327000
vt 0.575100 0.427800
vt 0.274400 0.717100
vt 0.270500 0.823600
vt 0.384500 0.702300
vt 0.278500 0.552700
vt 0.198700 0.670300
vt 0.371700 0.623200
vt 0.800600 0.109000
vt 0.623100 0.216700
vt 0.711500 0.258600
vt 0.718000 0.308500
vt 0.610800 0.240200
vt 0.607100 0.338600
vt 0.388400 0.876800
vt 0.277600 0.924800
vt 0.444800 0.976500
vt 0.363100 0.832300
vt 0.497600 0.843100
vt 0.506500 0.708400
vt 0.403900 0.556900
vt 0.418900 0.289300
vt 0.187700 0.439200
vt 0.501300 0.148600
vt 0.418900 0.289300
vt 0.610800 0.240200
vt 0.892500 0.459200
vt 0.950200 0.348600
vt 0.811800 0.349800
vt 0.720300 0.111200
vt 0.623100 0.216700
vt 0.800600 0.109000
vt 0.107000 0.606700
vt 0.061600 0.495800
vt 0.021600 0.686000
vt 0.655900 0.492800
vt 0.614800 0.501000
vt 0.662500 0.597600
vt 0.473100 0.577700
vt 0.660700 0.678700
vt 0.614800 0.501000
vt 0.506500 0.708400
vt 0.660700 0.678700
vt 0.478300 0.666100
vt 0.443200 0.614200
vt 0.371700 0.623200
vt 0.451500 0.711000
vt 0.687500 0.383100
vt 0.607100 0.338600
vt 0.666900 0.447700
vt 0.607100 0.338600
vt 0.687500 0.383100
vt 0.718000 0.308500
vt 0.061600 0.495800
vt 0.107000 0.606700
vt 0.278500 0.552700
vt 0.187700 0.439200
vt 0.061600 0.495800
vt 0.278500 0.552700
vt 0.721800 0.457000
vt 0.771500 0.439800
vt 0.687500 0.383100
vt 0.771500 0.439800
vt 0.721800 0.457000
vt 0.725400 0.531900
vt 0.811800 0.349800
vt 0.783500 0.289000
vt 0.756900 0.354600
vt 0.711500 0.258600
vt 0.783500 0.289000
vt 0.843900 0.287200
vt 0.473100 0.577700
vt 0.403900 0.556900
vt 0.443200 0.614200
vt 0.403900 0.556900
vt 0.473100 0.577700
vt 0.474400 0.386000
vt 0.388400 0.876800
vt 0.444800 0.976500
vt 0.497600 0.843100
vt 0.892500 0.459200
vt 0.785900 0.524000
vt 0.843500 0.603700
vt 0.274400 0.717100
vt 0.198700 0.670300
vt 0.270500 0.823600
vt 0.371700 0.623200
vt 0.198700 0.670300
vt 0.274400 0.717100
vt 0.277600 0.924800
vt 0.270500 0.823600
vt 0.177500 0.863400
vt 0.932300 0.253800
vt 0.843900 0.287200
vt 0.950200 0.348600
vt 0.655900 0.492800
vt 0.633500 0.441200
vt 0.614800 0.501000
vt 0.721800 0.457000
vt 0.666900 0.447700
vt 0.655900 0.492800
vt 0.363100 0.832300
vt 0.384500 0.702300
vt 0.270500 0.823600
vt 0.270500 0.823600
vt 0.277600 0.924800
vt 0.388400 0.876800
vt 0.711500 0.258600
vt 0.623100 0.216700
vt 0.718000 0.308500
vt 0.783500 0.289000
vt 0.711500 0.258600
vt 0.718000 0.308500
vt 0.242600 0.286000
vt 0.061600 0.495800
vt 0.187700 0.439200
vt 0.418900 0.289300
vt 0.242600 0.286000
vt 0.187700 0.439200
vt 0.785900 0.524000
vt 0.752900 0.573200
vt 0.843500 0.603700
vt 0.785900 0.524000
vt 0.771500 0.439800
vt 0.725400 0.531900
vt 0.811800 0.349800
vt 0.950200 0.348600
vt 0.843900 0.287200
vt 0.843900 0.287200
vt 0.783500 0.289000
vt 0.811800 0.349800
vt 0.506500 0.708400
vt 0.451500 0.711000
vt 0.363100 0.832300
vt 0.506500 0.708400
vt 0.478300 0.666100
vt 0.451500 0.711000
vt 0.403900 0.556900
vt 0.474400 0.386000
vt 0.418900 0.289300
vt 0.474400 0.386000
vt 0.560300 0.327000
vt 0.418900 0.289300
vt 0.575100 0.427800
vt 0.614800 0.501000
vt 0.633500 0.441200
vt 0.575100 0.427800
vt 0.474400 0.386000
vt 0.614800 0.501000
vt 0.623100 0.216700
vt 0.720300 0.111200
vt 0.669200 0.032500
vt 0.800600 0.109000
vt 0.669200 0.032500
vt 0.720300 0.111200
vt 0.610800 0.240200
vt 0.718000 0.308500
vt 0.623100 0.216700
vt 0.610800 0.240200
vt 0.623100 0.216700
vt 0.501300 0.148600
vt 0.278500 0.552700
vt 0.107000 0.606700
vt 0.198700 0.670300
vt 0.198700 0.670300
vt 0.107000 0.606700
vt 0.068400 0.815900
vt 0.443200 0.614200
vt 0.478300 0.666100
vt 0.473100 0.577700
vt 0.478300 0.666100
vt 0.443200 0.614200
vt 0.451500 0.711000
vt 0.932300 0.253800
vt 0.847700 0.204700
vt 0.843900 0.287200
vt 0.177500 0.863400
vt 0.198700 0.670300
vt 0.068400 0.815900
vt 0.451500 0.711000
vt 0.371700 0.623200
vt 0.384500 0.702300
vt 0.384500 0.702300
vt 0.371700 0.623200
vt 0.274400 0.717100
vt 0.633500 0.441200
vt 0.655900 0.492800
vt 0.666900 0.447700
vt 0.666900 0.447700
vt 0.607100 0.338600
vt 0.633500 0.441200
vt 0.388400 0.876800
vt 0.363100 0.832300
vt 0.270500 0.823600
vt 0.497600 0.843100
vt 0.363100 0.832300
vt 0.388400 0.876800
vt 0.444800 0.976500
vt 0.594100 0.852400
vt 0.497600 0.843100
vt 0.497600 0.843100
vt 0.594100 0.852400
vt 0.506500 0.708400
vt 0.662500 0.597600
vt 0.660700 0.678700
vt 0.752900 0.573200
vt 0.660700 0.678700
vt 0.662500 0.597600
vt 0.614800 0.501000
vt 0.725400 0.531900
vt 0.752900 0.573200
vt 0.785900 0.524000
vt 0.725400 0.531900
vt 0.662500 0.597600
vt 0.752900 0.573200
vt 0.756900 0.354600
vt 0.783500 0.289000
vt 0.718000 0.308500
vt 0.687500 0.383100
vt 0.756900 0.354600
vt 0.718000 0.308500
vt 0.633500 0.441200
vt 0.607100 0.338600
vt 0.560300 0.327000
vt 0.607100 0.338600
vt 0.610800 0.240200
vt 0.560300 0.327000
vt 0.843900 0.287200
vt 0.847700 0.204700
vt 0.711500 0.258600
vt 0.478300 0.666100
vt 0.660700 0.678700
vt 0.473100 0.577700
vt 0.771500 0.439800
vt 0.811800 0.349800
vt 0.756900 0.354600
vt 0.560300 0.327000
vt 0.610800 0.240200
vt 0.418900 0.289300
vt 0.278500 0.552700
vt 0.371700 0.623200
vt 0.403900 0.556900
vt 0.107000 0.606700
vt 0.021600 0.686000
vt 0.068400 0.815900
vt 0.660700 0.678700
vt 0.506500 0.708400
vt 0.594100 0.852400
vt 0.843500 0.603700
vt 0.752900 0.573200
vt 0.660700 0.678700
vt 0.687500 0.383100
vt 0.771500 0.439800
vt 0.756900 0.354600
vt 0.669200 0.032500
vt 0.501300 0.148600
vt 0.623100 0.216700
vt 0.847700 0.204700
vt 0.800600 0.109000
vt 0.711500 0.258600
vt 0.771500 0.439800
vt 0.892500 0.459200
vt 0.811800 0.349800
vt 0.198700 0.670300
vt 0.177500 0.863400
vt 0.270500 0.823600
vt 0.384500 0.702300
vt 0.363100 0.832300
vt 0.451500 0.711000
vt 0.403900 0.556900
vt 0.371700 0.623200
vt 0.443200 0.614200
vt 0.560300 0.327000
vt 0.474400 0.386000
vt 0.575100 0.427800
vt 0.725400 0.531900
vt 0.655900 0.492800
vt 0.662500 0.597600
vt 0.614800 0.501000
vt 0.474400 0.386000
vt 0.473100 0.577700
vt 0.278500 0.552700
vt 0.403900 0.556900
vt 0.187700 0.439200
vt 0.771500 0.439800
vt 0.785900 0.524000
vt 0.892500 0.459200
vt 0.725400 0.531900
vt 0.721800 0.457000
vt 0.655900 0.492800
vt 0.687500 0.383100
vt 0.666900 0.447700
vt 0.721800 0.457000
vt 0.633500 0.441200
vt 0.560300 0.327000
vt 0.575100 0.427800
vt 0.274400 0.717100
vt 0.270500 0.823600
vt 0.384500 0.702300
vt 0.278500 0.552700
vt 0.198700 0.670300
vt 0.371700 0.623200
vt 0.800600 0.109000
vt 0.623100 0.216700
vt 0.711500 0.258600
vt 0.718000 0.308500
vt 0.610800 0.240200
vt 0.607100 0.338600
vt 0.388400 0.876800
vt 0.277600 0.924800
vt 0.444800 0.976500
vt 0.363100 0.832300
vt 0.497600 0.843100
vt 0.506500 0.708400
vt 0.403900 0.556900
vt 0.418900 0.289300
vt 0.187700 0.439200
vt 0.501300 0.148600
vt 0.418900 0.289300
vt 0.610800 0.240200
vt 0.892500 0.459200
vt 0.950200 0.348600
vt 0.811800 0.349800
vt 0.720300 0.111200
vt 0.623100 0.216700
vt 0.800600 0.109000
vt 0.107000 0.606700
vt 0.061600 0.495800
vt 0.021600 0.686000
vt 0.655900 0.492800
vt 0.614800 0.501000
vt 0.662500 0.597600
vt 0.473100 0.577700
vt 0.660700 0.678700
vt 0.614800 0.501000
vt 0.506500 0.708400
vt 0.660700 0.678700
vt 0.478300 0.666100
vt 0.443200 0.614200
vt 0.371700 0.623200
vt 0.451500 0.711000
vt 0.687500 0.383100
vt 0.607100 0.338600
vt 0.666900 0.447700
vt 0.607100 0.338600
vt 0.687500 0.383100
vt 0.718000 0.308500
vt 0.061600 0.495800
vt 0.107000 0.606700
vt 0.278500 0.552700
vt 0.187700 0.439200
vt 0.061600 0.495800
vt 0.278500 0.552700
vt 0.721800 0.457000
vt 0.771500 0.439800
vt 0.687500 0.383100
vt 0.771500 0.439800
vt 0.721800 0.457000
vt 0.725400 0.531900
vt 0.811800 0.349800
vt 0.783500 0.289000
vt 0.756900 0.354600
vt 0.711500 0.258600
vt 0.783500 0.289000
vt 0.843900 0.287200
vt 0.473100 0.577700
vt 0.403900 0.556900
vt 0.443200 0.614200
vt 0.403900 0.556900
vt 0.473100 0.577700
vt 0.474400 0.386000
vt 0.388400 0.876800
vt 0.444800 0.976500
vt 0.497600 0.843100
vt 0.892500 0.459200
vt 0.785900 0.524000
vt 0.843500 0.603700
vt 0.274400 0.717100
vt 0.198700 0.670300
vt 0.270500 0.823600
vt 0.371700 0.623200
vt 0.198700 0.670300
vt 0.274400 0.717100
vt 0.277600 0.924800
vt 0.270500 0.823600
vt 0.177500 0.863400
vt 0.932300 0.253800
vt 0.843900 0.287200
vt 0.950200 0.348600
vt 0.655900 0.492800
vt 0.633500 0.441200
vt 0.614800 0.501000
vt 0.721800 0.457000
vt 0.666900 0.447700
vt 0.655900 0.492800
vt 0.363100 0.832300
vt 0.384500 0.702300
vt 0.270500 0.823600
vt 0.270500 0.823600
vt 0.277600 0.924800
vt 0.388400 0.876800
vt 0.711500 0.258600
vt 0.623100 0.216700
vt 0.718000 0.308500
vt 0.783500 0.289000
vt 0.711500 0.258600
vt 0.718000 0.308500
vt 0.242600 0.286000
vt 0.061600 0.495800
vt 0.187700 0.439200
vt 0.418900 0.289300
vt 0.242600 0.286000
vt 0.187700 0.439200
vt 0.785900 0.524000
vt 0.752900 0.573200
vt 0.843500 0.603700
vt 0.785900 0.524000
vt 0.771500 0.439800
vt 0.725400 0.531900
vt 0.811800 0.349800
vt 0.950200 0.348600
vt 0.843900 0.287200
vt 0.843900 0.287200
vt 0.783500 0.289000
vt 0.811800 0.349800
vt 0.506500 0.708400
vt 0.451500 0.711000
vt 0.363100 0.832300
vt 0.506500 0.708400
vt 0.478300 0.666100
vt 0.451500 0.711000
vt 0.403900 0.556900
vt 0.474400 0.386000
vt 0.418900 0.289300
vt 0.474400 0.386000
vt 0.560300 0.327000
vt 0.418900 0.289300
vt 0.575100 0.427800
vt 0.614800 0.501000
vt 0.633500 0.441200
vt 0.575100 0.427800
vt 0.474400 0.386000
vt 0.614800 0.501000
vt 0.623100 0.216700
vt 0.720300 0.111200
vt 0.669200 0.032500
vt 0.800600 0.109000
vt 0.669200 0.032500
vt 0.720300 0.111200
vt 0.610800 0.240200
vt 0.718000 0.308500
vt 0.623100 0.216700
vt 0.610800 0.240200
vt 0.623100 0.216700
vt 0.501300 0.148600
vt 0.278500 0.552700
vt 0.107000 0.606700
vt 0.198700 0.670300
vt 0.198700 0.670300
vt 0.107000 0.606700
vt 0.068400 0.815900
vt 0.443200 0.614200
vt 0.478300 0.666100
vt 0.473100 0.577700
vt 0.478300 0.666100
vt 0.443200 0.614200
vt 0.451500 0.711000
vt 0.932300 0.253800
vt 0.847700 0.204700
vt 0.843900 0.287200
vt 0.177500 0.863400
vt 0.198700 0.670300
vt 0.068400 0.815900
vt 0.451500 0.711000
vt 0.371700 0.623200
vt 0.384500 0.702300
vt 0.384500 0.702300
vt 0.371700 0.623200
vt 0.274400 0.717100
vt 0.633500 0.441200
vt 0.655900 0.492800
vt 0.666900 0.447700
vt 0.666900 0.447700
vt 0.607100 0.338600
vt 0.633500 0.441200
vt 0.388400 0.876800
vt 0.363100 0.832300
vt 0.270500 0.823600
vt 0.497600 0.843100
vt 0.363100 0.832300
vt 0.388400 0.876800
vt 0.444800 0.976500
vt 0.594100 0.852400
vt 0.497600 0.843100
vt 0.497600 0.843100
vt 0.594100 0.852400
vt 0.506500 0.708400
vt 0.662500 0.597600
vt 0.660700 0.678700
vt 0.752900 0.573200
vt 0.660700 0.678700
vt 0.662500 0.597600
vt 0.614800 0.501000
vt 0.725400 0.531900
vt 0.752900 0.573200
vt 0.785900 0.524000
vt 0.725400 0.531900
vt 0.662500 0.597600
vt 0.752900 0.573200
vt 0.756900 0.354600
vt 0.783500 0.289000
vt 0.718000 0.308500
vt 0.687500 0.383100
vt 0.756900 0.354600
vt 0.718000 0.308500
vt 0.633500 0.441200
vt 0.607100 0.338600
vt 0.560300 0.327000
vt 0.607100 0.338600
vt 0.610800 0.240200
vt 0.560300 0.327000
vt 0.843900 0.287200
vt 0.847700 0.204700
vt 0.711500 0.258600
vt 0.478300 0.666100
vt 0.660700 0.678700
vt 0.473100 0.577700
vt 0.771500 0.439800
vt 0.811800 0.349800
vt 0.756900 0.354600
vt 0.560300 0.327000
vt 0.610800 0.240200
vt 0.418900 0.289300
vt 0.278500 0.552700
vt 0.371700 0.623200
vt 0.403900 0.556900
vt 0.107000 0.606700
vt 0.021600 0.686000
vt 0.068400 0.815900
vt 0.660700 0.678700
vt 0.506500 0.708400
vt 0.594100 0.852400
vt 0.843500 0.603700
vt 0.752900 0.573200
vt 0.660700 0.678700
vt 0.687500 0.383100
vt 0.771500 0.439800
vt 0.756900 0.354600
vt 0.669200 0.032500
vt 0.501300 0.148600
vt 0.623100 0.216700
vt 0.847700 0.204700
vt 0.800600 0.109000
vt 0.711500 0.258600
vt 0.771500 0.439800
vt 0.892500 0.459200
vt 0.811800 0.349800
vt 0.198700 0.670300
vt 0.177500 0.863400
vt 0.270500 0.823600
vt 0.384500 0.702300
vt 0.363100 0.832300
vt 0.451500 0.711000
vt 0.403900 0.556900
vt 0.371700 0.623200
vt 0.443200 0.614200
vt 0.560300 0.327000
vt 0.474400 0.386000
vt 0.575100 0.427800
vt 0.725400 0.531900
vt 0.655900 0.492800
vt 0.662500 0.597600
vt 0.614800 0.501000
vt 0.474400 0.386000
vt 0.473100 0.577700
vt 0.278500 0.552700
vt 0.403900 0.556900
vt 0.187700 0.439200
vt 0.771500 0.439800
vt 0.785900 0.524000
vt 0.892500 0.459200
vt 0.725400 0.531900
vt 0.721800 0.457000
vt 0.655900 0.492800
vt 0.687500 0.383100
vt 0.666900 0.447700
vt 0.721800 0.457000
vt 0.633500 0.441200
vt 0.560300 0.327000
vt 0.575100 0.427800
vt 0.274400 0.717100
vt 0.270500 0.823600
vt 0.384500 0.702300
vt 0.278500 0.552700
vt 0.198700 0.670300
vt 0.371700 0.623200
vt 0.800600 0.109000
vt 0.623100 0.216700
vt 0.711500 0.258600
vt 0.718000 0.308500
vt 0.610800 0.240200
vt 0.607100 0.338600
vt 0.388400 0.876800
vt 0.277600 0.924800
vt 0.444800 0.976500
vt 0.363100 0.832300
vt 0.497600 0.843100
vt 0.506500 0.708400
vt 0.403900 0.556900
vt 0.418900 0.289300
vt 0.187700 0.439200
vt 0.501300 0.148600
vt 0.418900 0.289300
vt 0.610800 0.240200
vt 0.892500 0.459200
vt 0.950200 0.348600
vt 0.811800 0.349800
vt 0.720300 0.111200
vt 0.623100 0.216700
vt 0.800600 0.109000
vt 0.107000 0.606700
vt 0.061600 0.495800
vt 0.021600 0.686000
vt 0.655900 0.492800
vt 0.614800 0.501000
vt 0.662500 0.597600
vt 0.473100 0.577700
vt 0.660700 0.678700
vt 0.614800 0.501000
vt 0.506500 0.708400
vt 0.660700 0.678700
vt 0.478300 0.666100
vt 0.443200 0.614200
vt 0.371700 0.623200
vt 0.451500 0.711000
vt 0.687500 0.383100
vt 0.607100 0.338600
vt 0.666900 0.447700
vt 0.607100 0.338600
vt 0.687500 0.383100
vt 0.718000 0.308500
vt 0.061600 0.495800
vt 0.107000 0.606700
vt 0.278500 0.552700
vt 0.187700 0.439200
vt 0.061600 0.495800
vt 0.278500 0.552700
vt 0.721800 0.457000
vt 0.771500 0.439800
vt 0.687500 0.383100
vt 0.771500 0.439800
vt 0.721800 0.457000
vt 0.725400 0.531900
vt 0.811800 0.349800
vt 0.783500 0.289000
vt 0.756900 0.354600
vt 0.711500 0.258600
vt 0.783500 0.289000
vt 0.843900 0.287200
vt 0.473100 0.577700
vt 0.403900 0.556900
vt 0.443200 0.614200
vt 0.403900 0.556900
vt 0.473100 0.577700
vt 0.474400 0.386000
vt 0.388400 0.876800
vt 0.444800 0.976500
vt 0.497600 0.843100
vt 0.892500 0.459200
vt 0.785900 0.524000
vt 0.843500 0.603700
vt 0.274400 0.717100
vt 0.198700 0.670300
vt 0.270500 0.823600
vt 0.371700 0.623200
vt 0.198700 0.670300
vt 0.274400 0.717100
vt 0.277600 0.924800
vt 0.270500 0.823600
vt 0.177500 0.863400
vt 0.932300 0.253800
vt 0.843900 0.287200
vt 0.950200 0.348600
vt 0.655900 0.492800
vt 0.633500 0.441200
vt 0.614800 0.501000
vt 0.721800 0.457000
vt 0.666900 0.447700
vt 0.655900 0.492800
vt 0.363100 0.832300
vt 0.384500 0.702300
vt 0.270500 0.823600
vt 0.270500 0.823600
vt 0.277600 0.924800
vt 0.388400 0.876800
vt 0.711500 0.258600
vt 0.623100 0.216700
vt 0.718000 0.308500
vt 0.783500 0.289000
vt 0.711500 0.258600
vt 0.718000 0.308500
vt 0.242600 0.286000
vt 0.061600 0.495800
vt 0.187700 0.439200
vt 0.418900 0.289300
vt 0.242600 0.286000
vt 0.187700 0.439200
vt 0.785900 0.524000
vt 0.752900 0.573200
vt 0.843500 0.603700
vt 0.785900 0.524000
vt 0.771500 0.439800
vt 0.725400 0.531900
vt 0.811800 0.349800
vt 0.950200 0.348600
vt 0.843900 0.287200
vt 0.843900 0.287200
vt 0.783500 0.289000
vt 0.811800 0.349800
vt 0.506500 0.708400
vt 0.451500 0.711000
vt 0.363100 0.832300
vt 0.506500 0.708400
vt 0.478300 0.666100
vt 0.451500 0.711000
vt 0.403900 0.556900
vt 0.474400 0.386000
vt 0.418900 0.289300
vt 0.474400 0.386000
vt 0.560300 0.327000
vt 0.418900 0.289300
vt 0.575100 0.427800
vt 0.614800 0.501000
vt 0.633500 0.441200
vt 0.575100 0.427800
vt 0.474400 0.386000
vt 0.614800 0.501000
vt 0.623100 0.216700
vt 0.720300 0.111200
vt 0.669200 0.032500
vt 0.800600 0.109000
vt 0.669200 0.032500
vt 0.720300 0.111200
vt 0.610800 0.240200
vt 0.718000 0.308500
vt 0.623100 0.216700
vt 0.610800 0.240200
vt 0.623100 0.216700
vt 0.501300 0.148600
vt 0.278500 0.552700
vt 0.107000 0.606700
vt 0.198700 0.670300
vt 0.198700 0.670300
vt 0.107000 0.606700
vt 0.068400 0.815900
vt 0.443200 0.614200
vt 0.478300 0.666100
vt 0.473100 0.577700
vt 0.478300 0.666100
vt 0.443200 0.614200
vt 0.451500 0.711000
vt 0.932300 0.253800
vt 0.847700 0.204700
vt 0.843900 0.287200
vt 0.177500 0.863400
vt 0.198700 0.670300
vt 0.068400 0.815900
vt 0.451500 0.711000
vt 0.371700 0.623200
vt 0.384500 0.702300
vt 0.384500 0.702300
vt 0.371700 0.623200
vt 0.274400 0.717100
vt 0.633500 0.441200
vt 0.655900 0.492800
vt 0.666900 0.447700
vt 0.666900 0.447700
vt 0.607100 0.338600
vt 0.633500 0.441200
vt 0.388400 0.876800
vt 0.363100 0.832300
vt 0.270500 0.823600
vt 0.497600 0.843100
vt 0.363100 0.832300
vt 0.388400 0.876800
vt 0.444800 0.976500
vt 0.594100 0.852400
vt 0.497600 0.843100
vt 0.497600 0.843100
vt 0.594100 0.852400
vt 0.506500 0.708400
vt 0.662500 0.597600
vt 0.660700 0.678700
vt 0.752900 0.573200
vt 0.660700 0.678700
vt 0.662500 0.597600
vt 0.614800 0.501000
vt 0.725400 0.531900
vt 0.752900 0.573200
vt 0.785900 0.524000
vt 0.725400 0.531900
vt 0.662500 0.597600
vt 0.752900 0.573200
vt 0.756900 0.354600
vt 0.783500 0.289000
vt 0.718000 0.308500
vt 0.687500 0.383100
vt 0.756900 0.354600
vt 0.718000 0.308500
vt 0.633500 0.441200
vt 0.607100 0.338600
vt 0.560300 0.327000
vt 0.607100 0.338600
vt 0.610800 0.240200
vt 0.560300 0.327000
vt 0.843900 0.287200
vt 0.847700 0.204700
vt 0.711500 0.258600
vt 0.478300 0.666100
vt 0.660700 0.678700
vt 0.473100 0.577700
vt 0.771500 0.439800
vt 0.811800 0.349800
vt 0.756900 0.354600
vt 0.560300 0.327000
vt 0.610800 0.240200
vt 0.418900 0.289300
vt 0.278500 0.552700
vt 0.371700 0.623200
vt 0.403900 0.556900
vt 0.107000 0.606700
vt 0.021600 0.686000
vt 0.068400 0.815900
vt 0.660700 0.678700
vt 0.506500 0.708400
vt 0.594100 0.852400
vt 0.843500 0.603700
vt 0.752900 0.573200
vt 0.660700 0.678700
vt 0.687500 0.383100
vt 0.771500 0.439800
vt 0.756900 0.354600
vt 0.669200 0.032500
vt 0.501300 0.148600
vt 0.623100 0.216700
vt 0.847700 0.204700
vt 0.800600 0.109000
vt 0.711500 0.258600
vt 0.771500 0.439800
vt 0.892500 0.459200
vt 0.811800 0.349800
vt 0.198700 0.670300
vt 0.177500 0.863400
vt 0.270500 0.823600
vt 0.384500 0.702300
vt 0.363100 0.832300
vt 0.451500 0.711000
vt 0.403900 0.556900
vt 0.371700 0.623200
vt 0.443200 0.614200
vt 0.560300 0.327000
vt 0.474400 0.386000
vt 0.575100 0.427800
vt 0.725400 0.531900
vt 0.655900 0.492800
vt 0.662500 0.597600
vt 0.614800 0.501000
vt 0.474400 0.386000
vt 0.473100 0.577700
vt 0.278500 0.552700
vt 0.403900 0.556900
vt 0.187700 0.439200
vt 0.771500 0.439800
vt 0.785900 0.524000
vt 0.892500 0.459200
vt 0.725400 0.531900
vt 0.721800 0.457000
vt 0.655900 0.492800
vt 0.687500 0.383100
vt 0.666900 0.447700
vt 0.721800 0.457000
vt 0.633500 0.441200
vt 0.560300 0.327000
vt 0.575100 0.427800
vt 0.274400 0.717100
vt 0.270500 0.823600
vt 0.384500 0.702300
vt 0.278500 0.552700
vt 0.198700 0.670300
vt 0.371700 0.623200
vt 0.800600 0.109000
vt 0.623100 0.216700
vt 0.711500 0.258600
vt 0.718000 0.308500
vt 0.610800 0.240200
vt 0.607100 0.338600
vt 0.388400 0.876800
vt 0.277600 0.924800
vt 0.444800 0.976500
vt 0.363100 0.832300
vt 0.497600 0.843100
vt 0.506500 0.708400
vt 0.403900 0.556900
vt 0.418900 0.289300
vt 0.187700 0.439200
vt 0.501300 0.148600
vt 0.418900 0.289300
vt 0.610800 0.240200
vt 0.892500 0.459200
vt 0.950200 0.348600
vt 0.811800 0.349800
vt 0.720300 0.111200
vt 0.623100 0.216700
vt 0.800600 0.109000
vt 0.107000 0.606700
vt 0.061600 0.495800
vt 0.021600 0.686000
vt 0.655900 0.492800
vt 0.614800 0.501000
vt 0.662500 0.597600
vt 0.473100 0.577700
vt 0.660700 0.678700
vt 0.614800 0.501000
vt 0.506500 0.708400
vt 0.660700 0.678700
vt 0.478300 0.666100
vt 0.443200 0.614200
vt 0.371700 0.623200
vt 0.451500 0.711000
vt 0.687500 0.383100
vt 0.607100 0.338600
vt 0.666900 0.447700
vt 0.607100 0.338600
vt 0.687500 0.383100
vt 0.718000 0.308500
vt 0.061600 0.495800
vt 0.107000 0.606700
vt 0.278500 0.552700
vt 0.187700 0.439200
vt 0.061600 0.495800
vt 0.278500 0.552700
vt 0.721800 0.457000
vt 0.771500 0.439800
vt 0.687500 0.383100
vt 0.771500 0.439800
vt 0.721800 0.457000
vt 0.725400 0.531900
vt 0.811800 0.349800
vt 0.783500 0.289000
vt 0.756900 0.354600
vt 0.711500 0.258600
vt 0.783500 0.289000
vt 0.843900 0.287200
vt 0.473100 0.577700
vt 0.403900 0.556900
vt 0.443200 0.614200
vt 0.403900 0.556900
vt 0.473100 0.577700
vt 0.474400 0.386000
vt 0.388400 0.876800
vt 0.444800 0.976500
vt 0.497600 0.843100
vt 0.892500 0.459200
vt 0.785900 0.524000
vt 0.843500 0.603700
vt 0.274400 0.717100
vt 0.198700 0.670300
vt 0.270500 0.823600
vt 0.371700 0.623200
vt 0.198700 0.670300
vt 0.274400 0.717100
vt 0.277600 0.924800
vt 0.270500 0.823600
vt 0.177500 0.863400
vt 0.932300 0.253800
vt 0.843900 0.287200
vt 0.950200 0.348600
vt 0.655900 0.492800
vt 0.633500 0.441200
vt 0.614800 0.501000
vt 0.721800 0.457000
vt 0.666900 0.447700
vt 0.655900 0.492800
vt 0.363100 0.832300
vt 0.384500 0.702300
vt 0.270500 0.823600
vt 0.270500 0.823600
vt 0.277600 0.924800
vt 0.388400 0.876800
vt 0.711500 0.258600
vt 0.623100 0.216700
vt 0.718000 0.308500
vt 0.783500 0.289000
vt 0.711500 0.258600
vt 0.718000 0.308500
vt 0.242600 0.286000
vt 0.061600 0.495800
vt 0.187700 0.439200
vt 0.418900 0.289300
vt 0.242600 0.286000
vt 0.187700 0.439200
vt 0.785900 0.524000
vt 0.752900 0.573200
vt 0.843500 0.603700
vt 0.785900 0.524000
vt 0.771500 0.439800
vt 0.725400 0.531900
vt 0.811800 0.349800
vt 0.950200 0.348600
vt 0.843900 0.287200
vt 0.843900 0.287200
vt 0.783500 0.289000
vt 0.811800 0.349800
vt 0.506500 0.708400
vt 0.451500 0.711000
vt 0.363100 0.832300
vt 0.506500 0.708400
vt 0.478300 0.666100
vt 0.451500 0.711000
vt 0.403900 0.556900
vt 0.474400 0.386000
vt 0.418900 0.289300
vt 0.474400 0.386000
vt 0.560300 0.327000
vt 0.418900 0.289300
vt 0.575100 0.427800
vt 0.614800 0.501000
vt 0.633500 0.441200
vt 0.575100 0.427800
vt 0.474400 0.386000
vt 0.614800 0.501000
vt 0.623100 0.216700
vt 0.720300 0.111200
vt 0.669200 0.032500
vt 0.800600 0.109000
vt 0.669200 0.032500
vt 0.720300 0.111200
vt 0.610800 0.240200
vt 0.718000 0.308500
vt 0.623100 0.216700
vt 0.610800 0.240200
vt 0.623100 0.216700
vt 0.501300 0.148600
vt 0.278500 0.552700
vt 0.107000 0.606700
vt 0.198700 0.670300
vt 0.198700 0.670300
vt 0.107000 0.606700
vt 0.068400 0.815900
vt 0.443200 0.614200
vt 0.478300 0.666100
vt 0.473100 0.577700
vt 0.478300 0.666100
vt 0.443200 0.614200
vt 0.451500 0.711000
vt 0.932300 0.253800
vt 0.847700 0.204700
vt 0.843900 0.287200
vt 0.177500 0.863400
vt 0.198700 0.670300
vt 0.068400 0.815900
vt 0.451500 0.711000
vt 0.371700 0.623200
vt 0.384500 0.702300
vt 0.384500 0.702300
vt 0.371700 0.623200
vt 0.274400 0.717100
vt 0.633500 0.441200
vt 0.655900 0.492800
vt 0.666900 0.447700
vt 0.666900 0.447700
vt 0.607100 0.338600
vt 0.633500 0.441200
vt 0.388400 0.876800
vt 0.363100 0.832300
vt 0.270500 0.823600
vt 0.497600 0.843100
vt 0.363100 0.832300
vt 0.388400 0.876800
vt 0.444800 0.976500
vt 0.594100 0.852400
vt 0.497600 0.843100
vt 0.497600 0.843100
vt 0.594100 0.852400
vt 0.506500 0.708400
vt 0.662500 0.597600
vt 0.660700 0.678700
vt 0.752900 0.573200
vt 0.660700 0.678700
vt 0.662500 0.597600
vt 0.614800 0.501000
vt 0.725400 0.531900
vt 0.752900 0.573200
vt 0.785900 0.524000
vt 0.725400 0.531900
vt 0.662500 0.597600
vt 0.752900 0.573200
vt 0.756900 0.354600
vt 0.783500 0.289000
vt 0.718000 0.308500
vt 0.687500 0.383100
vt 0.756900 0.354600
vt 0.718000 0.308500
vt 0.633500 0.441200
vt 0.607100 0.338600
vt 0.560300 0.327000
vt 0.607100 0.338600
vt 0.610800 0.240200
vt 0.560300 0.327000
vt 0.843900 0.287200
vt 0.847700 0.204700
vt 0.711500 0.258600
vt 0.478300 0.666100
vt 0.660700 0.678700
vt 0.473100 0.577700
vt 0.771500 0.439800
vt 0.811800 0.349800
vt 0.756900 0.354600
vt 0.560300 0.327000
vt 0.610800 0.240200
vt 0.418900 0.289300
vt 0.278500 0.552700
vt 0.371700 0.623200
vt 0.403900 0.556900
vt 0.107000 0.606700
vt 0.021600 0.686000
vt 0.068400 0.815900
vt 0.660700 0.678700
vt 0.506500 0.708400
vt 0.594100 0.852400
vt 0.843500 0.603700
vt 0.752900 0.573200
vt 0.660700 0.678700
vt 0.687500 0.383100
vt 0.771500 0.439800
vt 0.756900 0.354600
vt 0.669200 0.032500
vt 0.501300 0.148600
vt 0.623100 0.216700
vt 0.847700 0.204700
vt 0.800600 0.109000
vt 0.711500 0.258600
vt 0.771500 0.439800
vt 0.892500 0.459200
vt 0.811800 0.349800
vt 0.198700 0.670300
vt 0.177500 0.863400
vt 0.270500 0.823600
vt 0.384500 0.702300
vt 0.363100 0.832300
vt 0.451500 0.711000
vt 0.403900 0.556900
vt 0.371700 0.623200
vt 0.443200 0.614200
vt 0.560300 0.327000
vt 0.474400 0.386000
vt 0.575100 0.427800
vt 0.725400 0.531900
vt 0.655900 0.492800
vt 0.662500 0.597600
vt 0.614800 0.501000
vt 0.474400 0.386000
vt 0.473100 0.577700
vt 0.278500 0.552700
vt 0.403900 0.556900
vt 0.187700 0.439200
vt 0.771500 0.439800
vt 0.785900 0.524000
vt 0.892500 0.459200
vt 0.725400 0.531900
vt 0.721800 0.457000
vt 0.655900 0.492800
vt 0.687500 0.383100
vt 0.666900 0.447700
vt 0.721800 0.457000
vt 0.633500 0.441200
vt 0.560300 0.327000
vt 0.575100 0.427800
vt 0.274400 0.717100
vt 0.270500 0.823600
vt 0.384500 0.702300
vt 0.278500 0.552700
vt 0.198700 0.670300
vt 0.371700 0.623200
vt 0.800600 0.109000
vt 0.623100 0.216700
vt 0.711500 0.258600
vt 0.718000 0.308500
vt 0.610800 0.240200
vt 0.607100 0.338600
vt 0.388400 0.876800
vt 0.277600 0.924800
vt 0.444800 0.976500
vt 0.363100 0.832300
vt 0.497600 0.843100
vt 0.506500 0.708400
vt 0.403900 0.556900
vt 0.418900 0.289300
vt 0.187700 0.439200
vt 0.501300 0.148600
vt 0.418900 0.289300
vt 0.610800 0.240200
vt 0.892500 0.459200
vt 0.950200 0.348600
vt 0.811800 0.349800
vt 0.720300 0.111200
vt 0.623100 0.216700
vt 0.800600 0.109000
vt 0.107000 0.606700
vt 0.061600 0.495800
vt 0.021600 0.686000
vt 0.655900 0.492800
vt 0.614800 0.501000
vt 0.662500 0.597600
vt 0.473100 0.577700
vt 0.660700 0.678700
vt 0.614800 0.501000
vt 0.506500 0.708400
vt 0.660700 0.678700
vt 0.478300 0.666100
vt 0.443200 0.614200
vt 0.371700 0.623200
vt 0.451500 0.711000
vt 0.687500 0.383100
vt 0.607100 0.338600
vt 0.666900 0.447700
vt 0.607100 0.338600
vt 0.687500 0.383100
vt 0.718000 0.308500
vt 0.061600 0.495800
vt 0.107000 0.606700
vt 0.278500 0.552700
vt 0.187700 0.439200
vt 0.061600 0.495800
vt 0.278500 0.552700
vt 0.721800 0.457000
vt 0.771500 0.439800
vt 0.687500 0.383100
vt 0.771500 0.439800
vt 0.721800 0.457000
vt 0.725400 0.531900
vt 0.811800 0.349800
vt 0.783500 0.289000
vt 0.756900 0.354600
vt 0.711500 0.258600
vt 0.783500 0.289000
vt 0.843900 0.287200
vt 0.473100 0.577700
vt 0.403900 0.556900
vt 0.443200 0.614200
vt 0.403900 0.556900
vt 0.473100 0.577700
vt 0.474400 0.386000
vt 0.388400 0.876800
vt 0.444800 0.976500
vt 0.497600 0.843100
vt 0.892500 0.459200
vt 0.785900 0.524000
vt 0.843500 0.603700
vt 0.274400 0.717100
vt 0.198700 0.670300
vt 0.270500 0.823600
vt 0.371700 0.623200
vt 0.198700 0.670300
vt 0.274400 0.717100
vt 0.277600 0.924800
vt 0.270500 0.823600
vt 0.177500 0.863400
vt 0.932300 0.253800
vt 0.843900 0.287200
vt 0.950200 0.348600
vt 0.655900 0.492800
vt 0.633500 0.441200
vt 0.614800 0.501000
vt 0.721800 0.457000
vt 0.666900 0.447700
vt 0.655900 0.492800
vt 0.363100 0.832300
vt 0.384500 0.702300
vt 0.270500 0.823600
vt 0.270500 0.823600
vt 0.277600 0.924800
vt 0.388400 0.876800
vt 0.711500 0.258600
vt 0.623100 0.216700
vt 0.718000 0.308500
vt 0.783500 0.289000
vt 0.711500 0.258600
vt 0.718000 0.308500
vt 0.242600 0.286000
vt 0.061600 0.495800
vt 0.187700 0.439200
vt 0.418900 0.289300
vt 0.242600 0.286000
vt 0.187700 0.439200
vt 0.785900 0.524000
vt 0.752900 0.573200
vt 0.843500 0.603700
vt 0.785900 0.524000
vt 0.771500 0.439800
vt 0.725400 0.531900
vt 0.811800 0.349800
vt 0.950200 0.348600
vt 0.843900 0.287200
vt 0.843900 0.287200
vt 0.783500 0.289000
vt 0.811800 0.349800
vt 0.506500 0.708400
vt 0.451500 0.711000
vt 0.363100 0.832300
vt 0.506500 0.708400
vt 0.478300 0.666100
vt 0.451500 0.711000
vt 0.403900 0.556900
vt 0.474400 0.386000
vt 0.418900 0.289300
vt 0.474400 0.386000
vt 0.560300 0.327000
vt 0.418900 0.289300
vt 0.575100 0.427800
vt 0.614800 0.501000
vt 0.633500 0.441200
vt 0.575100 0.427800
vt 0.474400 0.386000
vt 0.614800 0.501000
vt 0.623100 0.216700
vt 0.720300 0.111200
vt 0.669200 0.032500
vt 0.800600 0.109000
vt 0.669200 0.032500
vt 0.720300 0.111200
vt 0.610800 0.240200
vt 0.718000 0.308500
vt 0.623100 0.216700
vt 0.610800 0.240200
vt 0.623100 0.216700
vt 0.501300 0.148600
vt 0.278500 0.552700
vt 0.107000 0.606700
vt 0.198700 0.670300
vt 0.198700 0.670300
vt 0.107000 0.606700
vt 0.068400 0.815900
vt 0.443200 0.614200
vt 0.478300 0.666100
vt 0.473100 0.577700
vt 0.478300 0.666100
vt 0.443200 0.614200
vt 0.451500 0.711000
vt 0.932300 0.253800
vt 0.847700 0.204700
vt 0.843900 0.287200
vt 0.177500 0.863400
vt 0.198700 0.670300
vt 0.068400 0.815900
vt 0.451500 0.711000
vt 0.371700 0.623200
vt 0.384500 0.702300
vt 0.384500 0.702300
vt 0.371700 0.623200
vt 0.274400 0.717100
vt 0.633500 0.441200
vt 0.655900 0.492800
vt 0.666900 0.447700
vt 0.666900 0.447700
vt 0.607100 0.338600
vt 0.633500 0.441200
vt 0.388400 0.876800
vt 0.363100 0.832300
vt 0.270500 0.823600
vt 0.497600 0.843100
vt 0.363100 0.832300
vt 0.388400 0.876800
vt 0.444800 0.976500
vt 0.594100 0.852400
vt 0.497600 0.843100
vt 0.497600 0.843100
vt 0.594100 0.852400
vt 0.506500 0.708400
vt 0.662500 0.597600
vt 0.660700 0.678700
vt 0.752900 0.573200
vt 0.660700 0.678700
vt 0.662500 0.597600
vt 0.614800 0.501000
vt 0.725400 0.531900
vt 0.752900 0.573200
vt 0.785900 0.524000
vt 0.725400 0.531900
vt 0.662500 0.597600
vt 0.752900 0.573200
vt 0.756900 0.354600
vt 0.783500 0.289000
vt 0.718000 0.308500
vt 0.687500 0.383100
vt 0.756900 0.354600
vt 0.718000 0.308500
vt 0.633500 0.441200
vt 0.607100 0.338600
vt 0.560300 0.327000
vt 0.607100 0.338600
vt 0.610800 0.240200
vt 0.560300 0.327000
vt 0.843900 0.287200
vt 0.847700 0.204700
vt 0.711500 0.258600
vt 0.478300 0.666100
vt 0.660700 0.678700
vt 0.473100 0.577700
vt 0.771500 0.439800
vt 0.811800 0.349800
vt 0.756900 0.354600
vt 0.560300 0.327000
vt 0.610800 0.240200
vt 0.418900 0.289300
vt 0.278500 0.552700
vt 0.371700 0.623200
vt 0.403900 0.556900
vt 0.107000 0.606700
vt 0.021600 0.686000
vt 0.068400 0.815900
vt 0.660700 0.678700
vt 0.506500 0.708400
vt 0.594100 0.852400
vt 0.843500 0.603700
vt 0.752900 0.573200
vt 0.660700 0.678700
vt 0.687500 0.383100
vt 0.771500 0.439800
vt 0.756900 0.354600
vt 0.669200 0.032500
vt 0.501300 0.148600
vt 0.623100 0.216700
vt 0.847700 0.204700
vt 0.800600 0.109000
vt 0.711500 0.258600
vt 0.771500 0.439800
vt 0.892500 0.459200
vt 0.811800 0.349800
vt 0.198700 0.670300
vt 0.177500 0.863400
vt 0.270500 0.823600
vt 0.384500 0.702300
vt 0.363100 0.832300
vt 0.451500 0.711000
vt 0.403900 0.556900
vt 0.371700 0.623200
vt 0.443200 0.614200
vt 0.560300 0.327000
vt 0.474400 0.386000
vt 0.575100 0.427800
vt 0.725400 0.531900
vt 0.655900 0.492800
vt 0.662500 0.597600
vt 0.614800 0.501000
vt 0.474400 0.386000
vt 0.473100 0.577700
vt 0.278500 0.552700
vt 0.403900 0.556900
vt 0.187700 0.439200
vt 0.771500 0.439800
vt 0.785900 0.524000
vt 0.892500 0.459200
vt 0.725400 0.531900
vt 0.721800 0.457000
vt 0.655900 0.492800
vt 0.687500 0.383100
vt 0.666900 0.447700
vt 0.721800 0.457000
vt 0.633500 0.441200
vt 0.560300 0.327000
vt 0.575100 0.427800
vt 0.274400 0.717100
vt 0.270500 0.823600
vt 0.384500 0.702300
vt 0.278500 0.552700
vt 0.198700 0.670300
vt 0.371700 0.623200
vt 0.800600 0.109000
vt 0.623100 0.216700
vt 0.711500 0.258600
vt 0.718000 0.308500
vt 0.610800 0.240200
vt 0.607100 0.338600
vt 0.388400 0.876800
vt 0.277600 0.924800
vt 0.444800 0.976500
vt 0.363100 0.832300
vt 0.497600 0.843100
vt 0.506500 0.708400
vt 0.403900 0.556900
vt 0.418900 0.289300
vt 0.187700 0.439200
vt 0.501300 0.148600
vt 0.418900 0.289300
vt 0.610800 0.240200
vt 0.892500 0.459200
vt 0.950200 0.348600
vt 0.811800 0.349800
vt 0.720300 0.111200
vt 0.623100 0.216700
vt 0.800600 0.109000
vt 0.107000 0.606700
vt 0.061600 0.495800
vt 0.021600 0.686000
vt 0.655900 0.492800
vt 0.614800 0.501000
vt 0.662500 0.597600
vt 0.473100 0.577700
vt 0.660700 0.678700
vt 0.614800 0.501000
vt 0.506500 0.708400
vt 0.660700 0.678700
vt 0.478300 0.666100
vt 0.443200 0.614200
vt 0.371700 0.623200
vt 0.451500 0.711000
vt 0.687500 0.383100
vt 0.607100 0.338600
vt 0.666900 0.447700
vt 0.607100 0.338600
vt 0.687500 0.383100
vt 0.718000 0.308500
vt 0.061600 0.495800
vt 0.107000 0.606700
vt 0.278500 0.552700
vt 0.187700 0.439200
vt 0.061600 0.495800
vt 0.278500 0.552700
vt 0.721800 0.457000
vt 0.771500 0.439800
vt 0.687500 0.383100
vt 0.771500 0.439800
vt 0.721800 0.457000
vt 0.725400 0.531900
vt 0.811800 0.349800
vt 0.783500 0.289000
vt 0.756900 0.354600
vt 0.711500 0.258600
vt 0.783500 0.289000
vt 0.843900 0.287200
vt 0.473100 0.577700
vt 0.403900 0.556900
vt 0.443200 0.614200
vt 0.403900 0.556900
vt 0.473100 0.577700
vt 0.474400 0.386000
vt 0.388400 0.876800
vt 0.444800 0.976500
vt 0.497600 0.843100
vt 0.892500 0.459200
vt 0.785900 0.524000
vt 0.843500 0.603700
vt 0.274400 0.717100
vt 0.198700 0.670300
vt 0.270500 0.823600
vt 0.371700 0.623200
vt 0.198700 0.670300
vt 0.274400 0.717100
vt 0.277600 0.924800
vt 0.270500 0.823600
vt 0.177500 0.863400
vt 0.932300 0.253800
vt 0.843900 0.287200
vt 0.950200 0.348600
vt 0.655900 0.492800
vt 0.633500 0.441200
vt 0.614800 0.501000
vt 0.721800 0.457000
vt 0.666900 0.447700
vt 0.655900 0.492800
vt 0.363100 0.832300
vt 0.384500 0.702300
vt 0.270500 0.823600
vt 0.270500 0.823600
vt 0.277600 0.924800
vt 0.388400 0.876800
vt 0.711500 0.258600
vt 0.623100 0.216700
vt 0.718000 0.308500
vt 0.783500 0.289000
vt 0.711500 0.258600
vt 0.718000 0.308500
vt 0.242600 0.286000
vt 0.061600 0.495800
vt 0.187700 0.439200
vt 0.418900 0.289300
vt 0.242600 0.286000
vt 0.187700 0.439200
vt 0.785900 0.524000
vt 0.752900 0.573200
vt 0.843500 0.603700
vt 0.785900 0.524000
vt 0.771500 0.439800
vt 0.725400 0.531900
vt 0.811800 0.349800
vt 0.950200 0.348600
vt 0.843900 0.287200
vt 0.843900 0.287200
vt 0.783500 0.289000
vt 0.811800 0.349800
vt 0.506500 0.708400
vt 0.451500 0.711000
vt 0.363100 0.832300
vt 0.506500 0.708400
vt 0.478300 0.666100
vt 0.451500 0.711000
vt 0.403900 0.556900
vt 0.474400 0.386000
vt 0.418900 0.289300
vt 0.474400 0.386000
vt 0.560300 0.327000
vt 0.418900 0.289300
vt 0.575100 0.427800
vt 0.614800 0.501000
vt 0.633500 0.441200
vt 0.575100 0.427800
vt 0.474400 0.386000
vt 0.614800 0.501000
vt 0.623100 0.216700
vt 0.720300 0.111200
vt 0.669200 0.032500
vt 0.800600 0.109000
vt 0.669200 0.032500
vt 0.720300 0.111200
vt 0.610800 0.240200
vt 0.718000 0.308500
vt 0.623100 0.216700
vt 0.610800 0.240200
vt 0.623100 0.216700
vt 0.501300 0.148600
vt 0.278500 0.552700
vt 0.107000 0.606700
vt 0.198700 0.670300
vt 0.198700 0.670300
vt 0.107000 0.606700
vt 0.068400 0.815900
vt 0.443200 0.614200
vt 0.478300 0.666100
vt 0.473100 0.577700
vt 0.478300 0.666100
vt 0.443200 0.614200
vt 0.451500 0.711000
vt 0.932300 0.253800
vt 0.847700 0.204700
vt 0.843900 0.287200
vt 0.177500 0.863400
vt 0.198700 0.670300
vt 0.068400 0.815900
vt 0.451500 0.711000
vt 0.371700 0.623200
vt 0.384500 0.702300
vt 0.384500 0.702300
vt 0.371700 0.623200
vt 0.274400 0.717100
vt 0.633500 0.441200
vt 0.655900 0.492800
vt 0.666900 0.447700
vt 0.666900 0.447700
vt 0.607100 0.338600
vt 0.633500 0.441200
vt 0.388400 0.876800
vt 0.363100 0.832300
vt 0.270500 0.823600
vt 0.497600 0.843100
vt 0.363100 0.832300
vt 0.388400 0.876800
vt 0.444800 0.976500
vt 0.594100 0.852400
vt 0.497600 0.843100
vt 0.497600 0.843100
vt 0.594100 0.852400
vt 0.506500 0.708400
vt 0.662500 0.597600
vt 0.660700 0.678700
vt 0.752900 0.573200
vt 0.660700 0.678700
vt 0.662500 0.597600
vt 0.614800 0.501000
vt 0.725400 0.531900
vt 0.752900 0.573200
vt 0.785900 0.524000
vt 0.725400 0.531900
vt 0.662500 0.597600
vt 0.752900 0.573200
vt 0.756900 0.354600
vt 0.783500 0.289000
vt 0.718000 0.308500
vt 0.687500 0.383100
vt 0.756900 0.354600
vt 0.718000 0.308500
vt 0.633500 0.441200
vt 0.607100 0.338600
vt 0.560300 0.327000
vt 0.607100 0.338600
vt 0.610800 0.240200
vt 0.560300 0.327000
vt 0.843900 0.287200
vt 0.847700 0.204700
vt 0.711500 0.258600
vt 0.478300 0.666100
vt 0.660700 0.678700
vt 0.473100 0.577700
vt 0.771500 0.439800
vt 0.811800 0.349800
vt 0.756900 0.354600
vt 0.560300 0.327000
vt 0.610800 0.240200
vt 0.418900 0.289300
vt 0.278500 0.552700
vt 0.371700 0.623200
vt 0.403900 0.556900
vt 0.107000 0.606700
vt 0.021600 0.686000
vt 0.068400 0.815900
vt 0.660700 0.678700
vt 0.506500 0.708400
vt 0.594100 0.852400
vt 0.843500 0.603700
vt 0.752900 0.573200
vt 0.660700 0.678700
vt 0.687500 0.383100
vt 0.771500 0.439800
vt 0.756900 0.354600
vt 0.669200 0.032500
vt 0.501300 0.148600
vt 0.623100 0.216700
vt 0.847700 0.204700
vt 0.800600 0.109000
vt 0.711500 0.258600
vt 0.771500 0.439800
vt 0.892500 0.459200
vt 0.811800 0.349800
vt 0.198700 0.670300
vt 0.177500 0.863400
vt 0.270500 0.823600
vt 0.384500 0.702300
vt 0.363100 0.832300
vt 0.451500 0.711000
vt 0.403900 0.556900
vt 0.371700 0.623200
vt 0.443200 0.614200
vt 0.560300 0.327000
vt 0.474400 0.386000
vt 0.575100 0.427800
vt 0.725400 0.531900
vt 0.655900 0.492800
vt 0.662500 0.597600
vt 0.614800 0.501000
vt 0.474400 0.386000
vt 0.473100 0.577700
vt 0.278500 0.552700
vt 0.403900 0.556900
vt 0.187700 0.439200
vt 0.771500 0.439800
vt 0.785900 0.524000
vt 0.892500 0.459200
vt 0.725400 0.531900
vt 0.721800 0.457000
vt 0.655900 0.492800
vt 0.687500 0.383100
vt 0.666900 0.447700
vt 0.721800 0.457000
vt 0.633500 0.441200
vt 0.560300 0.327000
vt 0.575100 0.427800
vt 0.274400 0.717100
vt 0.270500 0.823600
vt 0.384500 0.702300
vt 0.278500 0.552700
vt 0.198700 0.670300
vt 0.371700 0.623200
vt 0.800600 0.109000
vt 0.623100 0.216700
vt 0.711500 0.258600
vt 0.718000 0.308500
vt 0.610800 0.240200
vt 0.607100 0.338600
vt 0.388400 0.876800
vt 0.277600 0.924800
vt 0.444800 0.976500
vt 0.363100 0.832300
vt 0.497600 0.843100
vt 0.506500 0.708400
vt 0.403900 0.556900
vt 0.418900 0.289300
vt 0.187700 0.439200
vt 0.501300 0.148600
vt 0.418900 0.289300
vt 0.610800 0.240200
vt 0.892500 0.459200
vt 0.950200 0.348600
vt 0.811800 0.349800
vt 0.720300 0.111200
vt 0.623100 0.216700
vt 0.800600 0.109000
vt 0.107000 0.606700
vt 0.061600 0.495800
vt 0.021600 0.686000
vt 0.655900 0.492800
vt 0.614800 0.501000
vt 0.662500 0.597600
vt 0.473100 0.577700
vt 0.660700 0.678700
vt 0.614800 0.501000
vt 0.506500 0.708400
vt 0.660700 0.678700
vt 0.478300 0.666100
vt 0.443200 0.614200
vt 0.371700 0.623200
vt 0.451500 0.711000
vt 0.687500 0.383100
vt 0.607100 0.338600
vt 0.666900 0.447700
vt 0.607100 0.338600
vt 0.687500 0.383100
vt 0.718000 0.308500
vt 0.061600 0.495800
vt 0.107000 0.606700
vt 0.278500 0.552700
vt 0.187700 0.439200
vt 0.061600 0.495800
vt 0.278500 0.552700
vt 0.721800 0.457000
vt 0.771500 0.439800
vt 0.687500 0.383100
vt 0.771500 0.439800
vt 0.721800 0.457000
vt 0.725400 0.531900
vt 0.811800 0.349800
vt 0.783500 0.289000
vt 0.756900 0.354600
vt 0.711500 0.258600
vt 0.783500 0.289000
vt 0.843900 0.287200
vt 0.473100 0.577700
vt 0.403900 0.556900
vt 0.443200 0.614200
vt 0.403900 0.556900
vt 0.473100 0.577700
vt 0.474400 0.386000
vt 0.388400 0.876800
vt 0.444800 0.976500
vt 0.497600 0.843100
vt 0.892500 0.459200
vt 0.785900 0.524000
vt 0.843500 0.603700
vt 0.274400 0.717100
vt 0.198700 0.670300
vt 0.270500 0.823600
vt 0.371700 0.623200
vt 0.198700 0.670300
vt 0.274400 0.717100
vt 0.277600 0.924800
vt 0.270500 0.823600
vt 0.177500 0.863400
vt 0.932300 0.253800
vt 0.843900 0.287200
vt 0.950200 0.348600
vt 0.655900 0.492800
vt 0.633500 0.441200
vt 0.614800 0.501000
vt 0.721800 0.457000
vt 0.666900 0.447700
vt 0.655900 0.492800
vt 0.363100 0.832300
vt 0.384500 0.702300
vt 0.270500 0.823600
vt 0.270500 0.823600
vt 0.277600 0.924800
vt 0.388400 0.876800
vt 0.711500 0.258600
vt 0.623100 0.216700
vt 0.718000 0.308500
vt 0.783500 0.289000
vt 0.711500 0.258600
vt 0.718000 0.308500
vt 0.242600 0.286000
vt 0.061600 0.495800
vt 0.187700 0.439200
vt 0.418900 0.289300
vt 0.242600 0.286000
vt 0.187700 0.439200
vt 0.785900 0.524000
vt 0.752900 0.573200
vt 0.843500 0.603700
vt 0.785900 0.524000
vt 0.771500 0.439800
vt 0.725400 0.531900
vt 0.811800 0.349800
vt 0.950200 0.348600
vt 0.843900 0.287200
vt 0.843900 0.287200
vt 0.783500 0.289000
vt 0.811800 0.349800
vt 0.506500 0.708400
vt 0.451500 0.711000
vt 0.363100 0.832300
vt 0.506500 0.708400
vt 0.478300 0.666100
vt 0.451500 0.711000
vt 0.403900 0.556900
vt 0.474400 0.386000
vt 0.418900 0.289300
vt 0.474400 0.386000
vt 0.560300 0.327000
vt 0.418900 0.289300
vt 0.575100 0.427800
vt 0.614800 0.501000
vt 0.633500 0.441200
vt 0.575100 0.427800
vt 0.474400 0.386000
vt 0.614800 0.501000
vt 0.623100 0.216700
vt 0.720300 0.111200
vt 0.669200 0.032500
vt 0.800600 0.109000
vt 0.669200 0.032500
vt 0.720300 0.111200
vt 0.610800 0.240200
vt 0.718000 0.308500
vt 0.623100 0.216700
vt 0.610800 0.240200
vt 0.623100 0.216700
vt 0.501300 0.148600
vt 0.278500 0.552700
vt 0.107000 0.606700
vt 0.198700 0.670300
vt 0.198700 0.670300
vt 0.107000 0.606700
vt 0.068400 0.815900
vt 0.443200 0.614200
vt 0.478300 0.666100
vt 0.473100 0.577700
vt 0.478300 0.666100
vt 0.443200 0.614200
vt 0.451500 0.711000
vt 0.932300 0.253800
vt 0.847700 0.204700
vt 0.843900 0.287200
vt 0.177500 0.863400
vt 0.198700 0.670300
vt 0.068400 0.815900
vt 0.451500 0.711000
vt 0.371700 0.623200
vt 0.384500 0.702300
vt 0.384500 0.702300
vt 0.371700 0.623200
vt 0.274400 0.717100
vt 0.633500 0.441200
vt 0.655900 0.492800
vt 0.666900 0.447700
vt 0.666900 0.447700
vt 0.607100 0.338600
vt 0.633500 0.441200
vt 0.388400 0.876800
vt 0.363100 0.832300
vt 0.270500 0.823600
vt 0.497600 0.843100
vt 0.363100 0.832300
vt 0.388400 0.876800
vt 0.444800 0.976500
vt 0.594100 0.852400
vt 0.497600 0.843100
vt 0.497600 0.843100
vt 0.594100 0.852400
vt 0.506500 0.708400
vt 0.662500 0.597600
vt 0.660700 0.678700
vt 0.752900 0.573200
vt 0.660700 0.678700
vt 0.662500 0.597600
vt 0.614800 0.501000
vt 0.725400 0.531900
vt 0.752900 0.573200
vt 0.785900 0.524000
vt 0.725400 0.531900
vt 0.662500 0.597600
vt 0.752900 0.573200
vt 0.756900 0.354600
vt 0.783500 0.289000
vt 0.718000 0.308500
vt 0.687500 0.383100
vt 0.756900 0.354600
vt 0.718000 0.308500
vt 0.633500 0.441200
vt 0.607100 0.338600
vt 0.560300 0.327000
vt 0.607100 0.338600
vt 0.610800 0.240200
vt 0.560300 0.327000
vt 0.843900 0.287200
vt 0.847700 0.204700
vt 0.711500 0.258600
vt 0.478300 0.666100
vt 0.660700 0.678700
vt 0.473100 0.577700
vt 0.771500 0.439800
vt 0.811800 0.349800
vt 0.756900 0.354600
vt 0.560300 0.327000
vt 0.610800 0.240200
vt 0.418900 0.289300
vt 0.278500 0.552700
vt 0.371700 0.623200
vt 0.403900 0.556900
vt 0.107000 0.606700
vt 0.021600 0.686000
vt 0.068400 0.815900
vt 0.660700 0.678700
vt 0.506500 0.708400
vt 0.594100 0.852400
vt 0.843500 0.603700
vt 0.752900 0.573200
vt 0.660700 0.678700
vt 0.687500 0.383100
vt 0.771500 0.439800
vt 0.756900 0.354600
vt 0.669200 0.032500
vt 0.501300 0.148600
vt 0.623100 0.216700
vt 0.847700 0.204700
vt 0.800600 0.109000
vt 0.711500 0.258600
vt 0.771500 0.439800
vt 0.892500 0.459200
vt 0.811800 0.349800
vt 0.198700 0.670300
vt 0.177500 0.863400
vt 0.270500 0.823600
vt 0.384500 0.702300
vt 0.363100 0.832300
vt 0.451500 0.711000
vt 0.403900 0.556900
vt 0.371700 0.623200
vt 0.443200 0.614200
vt 0.560300 0.327000
vt 0.474400 0.386000
vt 0.575100 0.427800
vt 0.725400 0.531900
vt 0.655900 0.492800
vt 0.662500 0.597600
vt 0.614800 0.501000
vt 0.474400 0.386000
vt 0.473100 0.577700
vt 0.278500 0.552700
vt 0.403900 0.556900
vt 0.187700 0.439200
vt 0.771500 0.439800
vt 0.785900 0.524000
vt 0.892500 0.459200
vt 0.725400 0.531900
vt 0.721800 0.457000
vt 0.655900 0.492800
vt 0.687500 0.383100
vt 0.666900 0.447700
vt 0.721800 0.457000
vt 0.633500 0.441200
vt 0.560300 0.327000
vt 0.575100 0.427800
vt 0.274400 0.717100
vt 0.270500 0.823600
vt 0.384500 0.702300
vt 0.278500 0.552700
vt 0.198700 0.670300
vt 0.371700 0.623200
vt 0.800600 0.109000
vt 0.623100 0.216700
vt 0.711500 0.258600
vt 0.718000 0.308500
vt 0.610800 0.240200
vt 0.607100 0.338600
vt 0.388400 0.876800
vt 0.277600 0.924800
vt 0.444800 0.976500
vt 0.363100 0.832300
vt 0.497600 0.843100
vt 0.506500 0.708400
vt 0.403900 0.556900
vt 0.418900 0.289300
vt 0.187700 0.439200
vt 0.501300 0.148600
vt 0.418900 0.289300
vt 0.610800 0.240200
vt 0.892500 0.459200
vt 0.950200 0.348600
vt 0.811800 0.349800
vt 0.720300 0.111200
vt 0.623100 0.216700
vt 0.800600 0.109000
vt 0.107000 0.606700
vt 0.061600 0.495800
vt 0.021600 0.686000
vt 0.655900 0.492800
vt 0.614800 0.501000
vt 0.662500 0.597600
vt 0.473100 0.577700
vt 0.660700 0.678700
vt 0.614800 0.501000
vt 0.506500 0.708400
vt 0.660700 0.678700
vt 0.478300 0.666100
vt 0.443200 0.614200
vt 0.371700 0.623200
vt 0.451500 0.711000
vt 0.687500 0.383100
vt 0.607100 0.338600
vt 0.666900 0.447700
vt 0.607100 0.338600
vt 0.687500 0.383100
vt 0.718000 0.308500
vt 0.061600 0.495800
vt 0.107000 0.606700
vt 0.278500 0.552700
vt 0.187700 0.439200
vt 0.061600 0.495800
vt 0.278500 0.552700
vt 0.721800 0.457000
vt 0.771500 0.439800
vt 0.687500 0.383100
vt 0.771500 0.439800
vt 0.721800 0.457000
vt 0.725400 0.531900
vt 0.811800 0.349800
vt 0.783500 0.289000
vt 0.756900 0.354600
vt 0.711500 0.258600
vt 0.783500 0.289000
vt 0.843900 0.287200
vt 0.473100 0.577700
vt 0.403900 0.556900
vt 0.443200 0.614200
vt 0.403900 0.556900
vt 0.473100 0.577700
vt 0.474400 0.386000
vt 0.388400 0.876800
vt 0.444800 0.976500
vt 0.497600 0.843100
vt 0.892500 0.459200
vt 0.785900 0.524000
vt 0.843500 0.603700
vt 0.274400 0.717100
vt 0.198700 0.670300
vt 0.270500 0.823600
vt 0.371700 0.623200
vt 0.198700 0.670300
vt 0.274400 0.717100
vt 0.277600 0.924800
vt 0.270500 0.823600
vt 0.177500 0.863400
vt 0.932300 0.253800
vt 0.843900 0.287200
vt 0.950200 0.348600
vt 0.655900 0.492800
vt 0.633500 0.441200
vt 0.614800 0.501000
vt 0.721800 0.457000
vt 0.666900 0.447700
vt 0.655900 0.492800
vt 0.363100 0.832300
vt 0.384500 0.702300
vt 0.270500 0.823600
vt 0.270500 0.823600
vt 0.277600 0.924800
vt 0.388400 0.876800
vt 0.711500 0.258600
vt 0.623100 0.216700
vt 0.718000 0.308500
vt 0.783500 0.289000
vt 0.711500 0.258600
vt 0.718000 0.308500
vt 0.242600 0.286000
vt 0.061600 0.495800
vt 0.187700 0.439200
vt 0.418900 0.289300
vt 0.242600 0.286000
vt 0.187700 0.439200
vt 0.785900 0.524000
vt 0.752900 0.573200
vt 0.843500 0.603700
vt 0.785900 0.524000
vt 0.771500 0.439800
vt 0.725400 0.531900
vt 0.811800 0.349800
vt 0.950200 0.348600
vt 0.843900 0.287200
vt 0.843900 0.287200
vt 0.783500 0.289000
vt 0.811800 0.349800
vt 0.506500 0.708400
vt 0.451500 0.711000
vt 0.363100 0.832300
vt 0.506500 0.708400
vt 0.478300 0.666100
vt 0.451500 0.711000
vt 0.403900 0.556900
vt 0.474400 0.386000
vt 0.418900 0.289300
vt 0.474400 0.386000
vt 0.560300 0.327000
vt 0.418900 0.289300
vt 0.575100 0.427800
vt 0.614800 0.501000
vt 0.633500 0.441200
vt 0.575100 0.427800
vt 0.474400 0.386000
vt 0.614800 0.501000
vt 0.623100 0.216700
vt 0.720300 0.111200
vt 0.669200 0.032500
vt 0.800600 0.109000
vt 0.669200 0.032500
vt 0.720300 0.111200
vt 0.610800 0.240200
vt 0.718000 0.308500
vt 0.623100 0.216700
vt 0.610800 0.240200
vt 0.623100 0.216700
vt 0.501300 0.148600
vt 0.278500 0.552700
vt 0.107000 0.606700
vt 0.198700 0.670300
vt 0.198700 0.670300
vt 0.107000 0.606700
vt 0.068400 0.815900
vt 0.443200 0.614200
vt 0.478300 0.666100
vt 0.473100 0.577700
vt 0.478300 0.666100
vt 0.443200 0.614200
vt 0.451500 0.711000
vt 0.932300 0.253800
vt 0.847700 0.204700
vt 0.843900 0.287200
vt 0.177500 0.863400
vt 0.198700 0.670300
vt 0.068400 0.815900
vt 0.451500 0.711000
vt 0.371700 0.623200
vt 0.384500 0.702300
vt 0.384500 0.702300
vt 0.371700 0.623200
vt 0.274400 0.717100
vt 0.633500 0.441200
vt 0.655900 0.492800
vt 0.666900 0.447700
vt 0.666900 0.447700
vt 0.607100 0.338600
vt 0.633500 0.441200
vt 0.388400 0.876800
vt 0.363100 0.832300
vt 0.270500 0.823600
vt 0.497600 0.843100
vt 0.363100 0.832300
vt 0.388400 0.876800
vt 0.444800 0.976500
vt 0.594100 0.852400
vt 0.497600 0.843100
vt 0.497600 0.843100
vt 0.594100 0.852400
vt 0.506500 0.708400
vt 0.662500 0.597600
vt 0.660700 0.678700
vt 0.752900 0.573200
vt 0.660700 0.678700
vt 0.662500 0.597600
vt 0.614800 0.501000
vt 0.725400 0.531900
vt 0.752900 0.573200
vt 0.785900 0.524000
vt 0.725400 0.531900
vt 0.662500 0.597600
vt 0.752900 0.573200
vt 0.756900 0.354600
vt 0.783500 0.289000
vt 0.718000 0.308500
vt 0.687500 0.383100
vt 0.756900 0.354600
vt 0.718000 0.308500
vt 0.633500 0.441200
vt 0.607100 0.338600
vt 0.560300 0.327000
vt 0.607100 0.338600
vt 0.610800 0.240200
vt 0.560300 0.327000
vt 0.843900 0.287200
vt 0.847700 0.204700
vt 0.711500 0.258600
f 1/1 3/3 2/2
f 4/4 6/6 5/5
f 7/7 9/9 8/8
f 10/10 12/12 11/11
f 13/13 15/15 14/14
f 16/16 18/18 17/17
f 19/19 21/21 20/20
f 22/22 24/24 23/23
f 25/25 27/27 26/26
f 28/28 30/30 29/29
f 31/31 33/33 32/32
f 34/34 36/36 35/35
f 37/37 39/39 38/38
f 40/40 42/42 41/41
f 43/43 45/45 44/44
f 46/46 48/48 47/47
f 49/49 51/51 50/50
f 52/52 54/54 53/53
f 55/55 57/57 56/56
f 58/58 60/60 59/59
f 61/61 63/63 62/62
f 64/64 66/66 65/65
f 67/67 69/69 68/68
f 70/70 72/72 71/71
f 73/73 75/75 74/74
f 76/76 78/78 77/77
f 79/79 81/81 80/80
f 82/82 84/84 83/83
f 85/85 87/87 86/86
f 88/88 90/90 89/89
f 91/91 93/93 92/92
f 94/94 96/96 95/95
f 97/97 99/99 98/98
f 100/100 102/102 101/101
f 103/103 105/105 104/104
f 106/106 108/108 107/107
f 109/109 111/111 110/110
f 112/112 114/114 113/113
f 115/115 117/117 116/116
f 118/118 120/120 119/119
f 121/121 123/123 122/122
f 124/124 126/126 125/125
f 127/127 129/129 128/128
f 130/130 132/132 131/131
f 133/133 135/135 134/134
f 136/136 138/138 137/137
f 139/139 141/141 140/140
f 142/142 144/144 143/143
f 145/145 147/147 146/146
f 148/148 150/150 149/149
f 151/151 153/153 152/152
f 154/154 156/156 155/155
f 157/157 159/159 158/158
f 160/160 162/162 161/161
f 163/163 165/165 164/164
f 166/166 168/168 167/167
f 169/169 171/171 170/170
f 172/172 174/174 173/173
f 175/175 177/177 176/176
f 178/178 180/180 179/179
f 181/181 183/183 182/182
f 184/184 186/186 185/185
f 187/187 189/189 188/188
f 190/190 192/192 191/191
f 193/193 195/195 194/194
f 196/196 198/198 197/197
f 199/199 201/201 200/200
f 202/202 204/204 203/203
f 205/205 207/207 206/206
f 208/208 210/210 209/209
f 211/211 213/213 212/212
f 214/214 216/216 215/215
f 217/217 219/219 218/218
f 220/220 222/222 221/221
f 223/223 225/225 224/224
f 226/226 228/228 227/227
f 229/229 231/231 230/230
f 232/232 234/234 233/233
f 235/235 237/237 236/236
f 238/238 240/240 239/239
f 241/241 243/243 242/242
f 244/244 246/246 245/245
f 247/247 249/249 248/248
f 250/250 252/252 251/251
f 253/253 255/255 254/254
f 256/256 258/258 257/257
f 259/259 261/261 260/260
f 262/262 264/264 263/263
f 265/265 267/267 266/266
f 268/268 270/270 269/269
f 271/271 273/273 272/272
f 274/274 276/276 275/275
f 277/277 279/279 278/278
f 280/280 282/282 281/281
f 283/283 285/285 284/284
f 286/286 288/288 287/287
f 289/289 291/291 290/290
f 292/292 294/294 293/293
f 295/295 297/297 296/296
f 298/298 300/300 299/299
f 301/301 303/303 302/302
f 304/304 306/306 305/305
f 307/307 309/309 308/308
f 310/310 312/312 311/311
f 313/313 315/315 314/314
f 316/316 318/318 317/317
f 319/319 321/321 320/320
f 322/322 324/324 323/323
f 325/325 327/327 326/326
f 328/328 330/330 329/329
f 331/331 333/333 332/332
f 334/334 336/336 335/335
f 337/337 339/339 338/338
f 340/340 342/342 341/341
f 343/343 345/345 344/344
f 346/346 348/348 347/347
f 349/349 351/351 350/350
f 352/352 354/354 353/353
f 355/355 357/357 356/356
f 358/358 360/360 359/359
f 361/361 363/363 362/362
f 364/364 366/366 365/365
f 367/367 369/369 368/368
f 370/370 372/372 371/371
f 373/373 375/375 374/374
f 376/376 378/378 377/377
f 379/379 381/381 380/380
f 382/382 384/384 383/383
f 385/385 387/387 386/386
f 388/388 390/390 389/389
f 391/391 393/393 392/392
f 394/394 396/396 395/395
f 397/397 399/399 398/398
f 400/400 402/402 401/401
f 403/403 405/405 404/404
f 406/406 408/408 407/407
f 409/409 411/411 410/410
f 412/412 414/414 413/413
f 415/415 417/417 416/416
f 418/418 420/420 419/419
f 421/421 423/423 422/422
f 424/424 426/426 425/425
f 427/427 429/429 428/428
f 430/430 432/432 431/431
f 433/433 435/435 434/434
f 436/436 438/438 437/437
f 439/439 441/441 440/440
f 442/442 444/444 443/443
f 445/445 447/447 446/446
f 448/448 450/450 449/449
f 451/451 453/453 452/452
f 454/454 456/456 455/455
f 457/457 459/459 458/458
f 460/460 462/462 461/461
f 463/463 465/465 464/464
f 466/466 468/468 467/467
f 469/469 471/471 470/470
f 472/472 474/474 473/473
f 475/475 477/477 476/476
f 478/478 480/480 479/479
f 481/481 483/483 482/482
f 484/484 486/486 485/485
f 487/487 489/489 488/488
f 490/490 492/492 491/491
f 493/493 495/495 494/494
f 496/496 498/498 497/497
f 499/499 501/501 500/500
f 502/502 504/504 503/503
f 505/505 507/507 506/506
f 508/508 510/510 509/509
f 511/511 513/513 512/512
f 514/514 516/516 515/515
f 517/517 519/519 518/518
f 520/520 522/522 521/521
f 523/523 525/525 524/524
f 526/526 528/528 527/527
f 529/529 531/531 530/530
f 532/532 534/534 533/533
f 535/535 537/537 536/536
f 538/538 540/540 539/539
f 541/541 543/543 542/542
f 544/544 546/546 545/545
f 547/547 549/549 548/548
f 550/550 552/552 551/551
f 553/553 555/555 554/554
f 556/556 558/558 557/557
f 559/559 561/561 560/560
f 562/562 564/564 563/563
f 565/565 567/567 566/566
f 568/568 570/570 569/569
f 571/571 573/573 572/572
f 574/574 576/576 575/575
f 577/577 579/579 578/578
f 580/580 582/582 581/581
f 583/583 585/585 584/584
f 586/586 588/588 587/587
f 589/589 591/591 590/590
f 592/592 594/594 593/593
f 595/595 597/597 596/596
f 598/598 600/600 599/599
f 601/601 603/603 602/602
f 604/604 606/606 605/605
f 607/607 609/609 608/608
f 610/610 612/612 611/611
f 613/613 615/615 614/614
f 616/616 618/618 617/617
f 619/619 621/621 620/620
f 622/622 624/624 623/623
f 625/625 627/627 626/626
f 628/628 630/630 629/629
f 631/631 633/633 632/632
f 634/634 636/636 635/635
f 637/637 639/639 638/638
f 640/640 642/642 641/641
f 643/643 645/645 644/644
f 646/646 648/648 647/647
f 649/649 651/651 650/650
f 652/652 654/654 653/653
f 655/655 657/657 656/656
f 658/658 660/660 659/659
f 661/661 663/663 662/662
f 664/664 666/666 665/665
f 667/667 669/669 668/668
f 670/670 672/672 671/671
f 673/673 675/675 674/674
f 676/676 678/678 677/677
f 679/679 681/681 680/680
f 682/682 684/684 683/683
f 685/685 687/687 686/686
f 688/688 690/690 689/689
f 691/691 693/693 692/692
f 694/694 696/696 695/695
f 697/697 699/699 698/698
f 700/700 702/702 701/701
f 703/703 705/705 704/704
f 706/706 708/708 707/707
f 709/709 711/711 710/710
f 712/712 714/714 713/713
f 715/715 717/717 716/716
f 718/718 720/720 719/719
f 721/721 723/723 722/722
f 724/724 726/726 725/725
f 727/727 729/729 728/728
f 730/730 732/732 731/731
f 733/733 735/735 734/734
f 736/736 738/738 737/737
f 739/739 741/741 740/740
f 742/742 744/744 743/743
f 745/745 747/747 746/746
f 748/748 750/750 749/749
f 751/751 753/753 752/752
f 754/754 756/756 755/755
f 757/757 759/759 758/758
f 760/760 762/762 761/761
f 763/763 765/765 764/764
f 766/766 768/768 767/767
f 769/769 771/771 770/770
f 772/772 774/774 773/773
f 775/775 777/777 776/776
f 778/778 780/780 779/779
f 781/781 783/783 782/782
f 784/784 786/786 785/785
f 787/787 789/789 788/788
f 790/790 792/792 791/791
f 793/793 795/795 794/794
f 796/796 798/798 797/797
f 799/799 801/801 800/800
f 802/802 804/804 803/803
f 805/805 807/807 806/806
f 808/808 810/810 809/809
f 811/811 813/813 812/812
f 814/814 816/816 815/815
f 817/817 819/819 818/818
f 820/820 822/822 821/821
f 823/823 825/825 824/824
f 826/826 828/828 827/827
f 829/829 831/831 830/830
f 832/832 834/834 833/833
f 835/835 837/837 836/836
f 838/838 840/840 839/839
f 841/841 843/843 842/842
f 844/844 846/846 845/845
f 847/847 849/849 848/848
f 850/850 852/852 851/851
f 853/853 855/855 854/854
f 856/856 858/858 857/857
f 859/859 861/861 860/860
f 862/862 864/864 863/863
f 865/865 867/867 866/866
f 868/868 870/870 869/869
f 871/871 873/873 872/872
f 874/874 876/876 875/875
f 877/877 879/879 878/878
f 880/880 882/882 881/881
f 883/883 885/885 884/884
f 886/886 888/888 887/887
f 889/889 891/891 890/890
f 892/892 894/894 893/893
f 895/895 897/897 896/896
f 898/898 900/900 899/899
f 901/901 903/903 902/902
f 904/904 906/906 905/905
f 907/907 909/909 908/908
f 910/910 912/912 911/911
f 913/913 915/915 914/914
f 916/916 918/918 917/917
f 919/919 921/921 920/920
f 922/922 924/924 923/923
f 925/925 927/927 926/926
f 928/928 930/930 929/929
f 931/931 933/933 932/932
f 934/934 936/936 935/935
f 937/937 939/939 938/938
f 940/940 942/942 941/941
f 943/943 945/945 944/944
f 946/946 948/948 947/947
f 949/949 951/951 950/950
f 952/952 954/954 953/953
f 955/955 957/957 956/956
f 958/958 960/960 959/959
f 961/961 963/963 962/962
f 964/964 966/966 965/965
f 967/967 969/969 968/968
f 970/970 972/972 971/971
f 973/973 975/975 974/974
f 976/976 978/978 977/977
f 979/979 981/981 980/980
f 982/982 984/984 983/983
f 985/985 987/987 986/986
f 988/988 990/990 989/989
f 991/991 993/993 992/992
f 994/994 996/996 995/995
f 997/997 999/999 998/998
f 1000/1000 1002/1002 1001/1001
f 1003/1003 1005/1005 1004/1004
f 1006/1006 1008/1008 1007/1007
f 1009/1009 1011/1011 1010/1010
f 1012/1012 1014/1014 1013/1013
f 1015/1015 1017/1017 1016/1016
f 1018/1018 1020/1020 1019/1019
f 1021/1021 1023/1023 1022/1022
f 1024/1024 1026/1026 1025/1025
f 1027/1027 1029/1029 1028/1028
f 1030/1030 1032/1032 1031/1031
f 1033/1033 1035/1035 1034/1034
f 1036/1036 1038/1038 1037/1037
f 1039/1039 1041/1041 1040/1040
f 1042/1042 1044/1044 1043/1043
f 1045/1045 1047/1047 1046/1046
f 1048/1048 1050/1050 1049/1049
f 1051/1051 1053/1053 1052/1052
f 1054/1054 1056/1056 1055/1055
f 1057/1057 1059/1059 1058/1058
f 1060/1060 1062/1062 1061/1061
f 1063/1063 1065/1065 1064/1064
f 1066/1066 1068/1068 1067/1067
f 1069/1069 1071/1071 1070/1070
f 1072/1072 1074/1074 1073/1073
f 1075/1075 1077/1077 1076/1076
f 1078/1078 1080/1080 1079/1079
f 1081/1081 1083/1083 1082/1082
f 1084/1084 1086/1086 1085/1085
f 1087/1087 1089/1089 1088/1088
f 1090/1090 1092/1092 1091/1091
f 1093/1093 1095/1095 1094/1094
f 1096/1096 1098/1098 1097/1097
f 1099/1099 1101/1101 1100/1100
f 1102/1102 1104/1104 1103/1103
f 1105/1105 1107/1107 1106/1106
f 1108/1108 1110/1110 1109/1109
f 1111/1111 1113/1113 1112/1112
f 1114/1114 1116/1116 1115/1115
f 1117/1117 1119/1119 1118/1118
f 1120/1120 1122/1122 1121/1121
f 1123/1123 1125/1125 1124/1124
f 1126/1126 1128/1128 1127/1127
f 1129/1129 1131/1131 1130/1130
f 1132/1132 1134/1134 1133/1133
f 1135/1135 1137/1137 1136/1136
f 1138/1138 1140/1140 1139/1139
f 1141/1141 1143/1143 1142/1142
f 1144/1144 1146/1146 1145/1145
f 1147/1147 1149/1149 1148/1148
f 1150/1150 1152/1152 1151/1151
f 1153/1153 1155/1155 1154/1154
f 1156/1156 1158/1158 1157/1157
f 1159/1159 1161/1161 1160/1160
f 1162/1162 1164/1164 1163/1163
f 1165/1165 1167/1167 1166/1166
f 1168/1168 1170/1170 1169/1169
f 1171/1171 1173/1173 1172/1172
f 1174/1174 1176/1176 1175/1175
f 1177/1177 1179/1179 1178/1178
f 1180/1180 1182/1182 1181/1181
f 1183/1183 1185/1185 1184/1184
f 1186/1186 1188/1188 1187/1187
f 1189/1189 1191/1191 1190/1190
f 1192/1192 1194/1194 1193/1193
f 1195/1195 1197/1197 1196/1196
f 1198/1198 1200/1200 1199/1199
f 1201/1201 1203/1203 1202/1202
f 1204/1204 1206/1206 1205/1205
f 1207/1207 1209/1209 1208/1208
f 1210/1210 1212/1212 1211/1211
f 1213/1213 1215/1215 1214/1214
f 1216/1216 1218/1218 1217/1217
f 1219/1219 1221/1221 1220/1220
f 1222/1222 1224/1224 1223/1223
f 1225/1225 1227/1227 1226/1226
f 1228/1228 1230/1230 1229/1229
f 1231/1231 1233/1233 1232/1232
f 1234/1234 1236/1236 1235/1235
f 1237/1237 1239/1239 1238/1238
f 1240/1240 1242/1242 1241/1241
f 1243/1243 1245/1245 1244/1244
f 1246/1246 1248/1248 1247/1247
f 1249/1249 1251/1251 1250/1250
f 1252/1252 1254/1254 1253/1253
f 1255/1255 1257/1257 1256/1256
f 1258/1258 1260/1260 1259/1259
f 1261/1261 1263/1263 1262/1262
f 1264/1264 1266/1266 1265/1265
f 1267/1267 1269/1269 1268/1268
f 1270/1270 1272/1272 1271/1271
f 1273/1273 1275/1275 1274/1274
f 1276/1276 1278/1278 1277/1277
f 1279/1279 1281/1281 1280/1280
f 1282/1282 1284/1284 1283/1283
f 1285/1285 1287/1287 1286/1286
f 1288/1288 1290/1290 1289/1289
f 1291/1291 1293/1293 1292/1292
f 1294/1294 1296/1296 1295/1295
f 1297/1297 1299/1299 1298/1298
f 1300/1300 1302/1302 1301/1301
f 1303/1303 1305/1305 1304/1304
f 1306/1306 1308/1308 1307/1307
f 1309/1309 1311/1311 1310/1310
f 1312/1312 1314/1314 1313/1313
f 1315/1315 1317/1317 1316/1316
f 1318/1318 1320/1320 1319/1319
f 1321/1321 1323/1323 1322/1322
f 1324/1324 1326/1326 1325/1325
f 1327/1327 1329/1329 1328/1328
f 1330/1330 1332/1332 1331/1331
f 1333/1333 1335/1335 1334/1334
f 1336/1336 1338/1338 1337/1337
f 1339/1339 1341/1341 1340/1340
f 1342/1342 1344/1344 1343/1343
f 1345/1345 1347/1347 1346/1346
f 1348/1348 1350/1350 1349/1349
f 1351/1351 1353/1353 1352/1352
f 1354/1354 1356/1356 1355/1355
f 1357/1357 1359/1359 1358/1358
f 1360/1360 1362/1362 1361/1361
f 1363/1363 1365/1365 1364/1364
f 1366/1366 1368/1368 1367/1367
f 1369/1369 1371/1371 1370/1370
f 1372/1372 1374/1374 1373/1373
f 1375/1375 1377/1377 1376/1376
f 1378/1378 1380/1380 1379/1379
f 1381/1381 1383/1383 1382/1382
f 1384/1384 1386/1386 1385/1385
f 1387/1387 1389/1389 1388/1388
f 1390/1390 1392/1392 1391/1391
f 1393/1393 1395/1395 1394/1394
f 1396/1396 1398/1398 1397/1397
f 1399/1399 1401/1401 1400/1400
f 1402/1402 1404/1404 1403/1403
f 1405/1405 1407/1407 1406/1406
f 1408/1408 1410/1410 1409/1409
f 1411/1411 1413/1413 1412/1412
f 1414/1414 1416/1416 1415/1415
f 1417/1417 1419/1419 1418/1418
f 1420/1420 1422/1422 1421/1421
f 1423/1423 1425/1425 1424/1424
f 1426/1426 1428/1428 1427/1427
f 1429/1429 1431/1431 1430/1430
f 1432/1432 1434/1434 1433/1433
f 1435/1435 1437/1437 1436/1436
f 1438/1438 1440/1440 1439/1439
f 1441/1441 1443/1443 1442/1442
f 1444/1444 1446/1446 1445/1445
f 1447/1447 1449/1449 1448/1448
f 1450/1450 1452/1452 1451/1451
f 1453/1453 1455/1455 1454/1454
f 1456/1456 1458/1458 1457/1457
f 1459/1459 1461/1461 1460/1460
f 1462/1462 1464/1464 1463/1463
f 1465/1465 1467/1467 1466/1466
f 1468/1468 1470/1470 1469/1469
f 1471/1471 1473/1473 1472/1472
f 1474/1474 1476/1476 1475/1475
f 1477/1477 1479/1479 1478/1478
f 1480/1480 1482/1482 1481/1481
f 1483/1483 1485/1485 1484/1484
f 1486/1486 1488/1488 1487/1487
f 1489/1489 1491/1491 1490/1490
f 1492/1492 1494/1494 1493/1493
f 1495/1495 1497/1497 1496/1496
f 1498/1498 1500/1500 1499/1499
f 1501/1501 1503/1503 1502/1502
f 1504/1504 1506/1506 1505/1505
f 1507/1507 1509/1509 1508/1508
f 1510/1510 1512/1512 1511/1511
f 1513/1513 1515/1515 1514/1514
f 1516/1516 1518/1518 1517/1517
f 1519/1519 1521/1521 1520/1520
f 1522/1522 1524/1524 1523/1523
f 1525/1525 1527/1527 1526/1526
f 1528/1528 1530/1530 1529/1529
f 1531/1531 1533/1533 1532/1532
f 1534/1534 1536/1536 1535/1535
f 1537/1537 1539/1539 1538/1538
f 1540/1540 1542/1542 1541/1541
f 1543/1543 1545/1545 1544/1544
f 1546/1546 1548/1548 1547/1547
f 1549/1549 1551/1551 1550/1550
f 1552/1552 1554/1554 1553/1553
f 1555/1555 1557/1557 1556/1556
f 1558/1558 1560/1560 1559/1559
f 1561/1561 1563/1563 1562/1562
f 1564/1564 1566/1566 1565/1565
f 1567/1567 1569/1569 1568/1568
f 1570/1570 1572/1572 1571/1571
f 1573/1573 1575/1575 1574/1574
f 1576/1576 1578/1578 1577/1577
f 1579/1579 1581/1581 1580/1580
f 1582/1582 1584/1584 1583/1583
f 1585/1585 1587/1587 1586/1586
f 1588/1588 1590/1590 1589/1589
f 1591/1591 1593/1593 1592/1592
f 1594/1594 1596/1596 1595/1595
f 1597/1597 1599/1599 1598/1598
f 1600/1600 1602/1602 1601/1601
f 1603/1603 1605/1605 1604/1604
f 1606/1606 1608/1608 1607/1607
f 1609/1609 1611/1611 1610/1610
f 1612/1612 1614/1614 1613/1613
f 1615/1615 1617/1617 1616/1616
f 1618/1618 1620/1620 1619/1619
f 1621/1621 1623/1623 1622/1622
f 1624/1624 1626/1626 1625/1625
f 1627/1627 1629/1629 1628/1628
f 1630/1630 1632/1632 1631/1631
f 1633/1633 1635/1635 1634/1634
f 1636/1636 1638/1638 1637/1637
f 1639/1639 1641/1641 1640/1640
f 1642/1642 1644/1644 1643/1643
f 1645/1645 1647/1647 1646/1646
f 1648/1648 1650/1650 1649/1649
f 1651/1651 1653/1653 1652/1652
f 1654/1654 1656/1656 1655/1655
f 1657/1657 1659/1659 1658/1658
f 1660/1660 1662/1662 1661/1661
f 1663/1663 1665/1665 1664/1664
f 1666/1666 1668/1668 1667/1667
f 1669/1669 1671/1671 1670/1670
f 1672/1672 1674/1674 1673/1673
f 1675/1675 1677/1677 1676/1676
f 1678/1678 1680/1680 1679/1679
f 1681/1681 1683/1683 1682/1682
f 1684/1684 1686/1686 1685/1685
f 1687/1687 1689/1689 1688/1688
f 1690/1690 1692/1692 1691/1691
f 1693/1693 1695/1695 1694/1694
f 1696/1696 1698/1698 1697/1697
f 1699/1699 1701/1701 1700/1700
f 1702/1702 1704/1704 1703/1703
f 1705/1705 1707/1707 1706/1706
f 1708/1708 1710/1710 1709/1709
f 1711/1711 1713/1713 1712/1712
f 1714/1714 1716/1716 1715/1715
f 1717/1717 1719/1719 1718/1718
f 1720/1720 1722/1722 1721/1721
f 1723/1723 1725/1725 1724/1724
f 1726/1726 1728/1728 1727/1727
f 1729/1729 1731/1731 1730/1730
f 1732/1732 1734/1734 1733/1733
f 1735/1735 1737/1737 1736/1736
f 1738/1738 1740/1740 1739/1739
f 1741/1741 1743/1743 1742/1742
f 1744/1744 1746/1746 1745/1745
f 1747/1747 1749/1749 1748/1748
f 1750/1750 1752/1752 1751/1751
f 1753/1753 1755/1755 1754/1754
f 1756/1756 1758/1758 1757/1757
f 1759/1759 1761/1761 1760/1760
f 1762/1762 1764/1764 1763/1763
f 1765/1765 1767/1767 1766/1766
f 1768/1768 1770/1770 1769/1769
f 1771/1771 1773/1773 1772/1772
f 1774/1774 1776/1776 1775/1775
f 1777/1777 1779/1779 1778/1778
f 1780/1780 1782/1782 1781/1781
f 1783/1783 1785/1785 1784/1784
f 1786/1786 1788/1788 1787/1787
f 1789/1789 1791/1791 1790/1790
f 1792/1792 1794/1794 1793/1793
f 1795/1795 1797/1797 1796/1796
f 1798/1798 1800/1800 1799/1799
f 1801/1801 1803/1803 1802/1802
f 1804/1804 1806/1806 1805/1805
f 1807/1807 1809/1809 1808/1808
f 1810/1810 1812/1812 1811/1811
f 1813/1813 1815/1815 1814/1814
f 1816/1816 1818/1818 1817/1817
f 1819/1819 1821/1821 1820/1820
f 1822/1822 1824/1824 1823/1823
f 1825/1825 1827/1827 1826/1826
f 1828/1828 1830/1830 1829/1829
f 1831/1831 1833/1833 1832/1832
f 1834/1834 1836/1836 1835/1835
f 1837/1837 1839/1839 1838/1838
f 1840/1840 1842/1842 1841/1841
f 1843/1843 1845/1845 1844/1844
f 1846/1846 1848/1848 1847/1847
f 1849/1849 1851/1851 1850/1850
f 1852/1852 1854/1854 1853/1853
f 1855/1855 1857/1857 1856/1856
f 1858/1858 1860/1860 1859/1859
f 1861/1861 1863/1863 1862/1862
f 1864/1864 1866/1866 1865/1865
f 1867/1867 1869/1869 1868/1868
f 1870/1870 1872/1872 1871/1871
f 1873/1873 1875/1875 1874/1874
f 1876/1876 1878/1878 1877/1877
f 1879/1879 1881/1881 1880/1880
f 1882/1882 1884/1884 1883/1883
f 1885/1885 1887/1887 1886/1886
f 1888/1888 1890/1890 1889/1889
f 1891/1891 1893/1893 1892/1892
f 1894/1894 1896/1896 1895/1895
f 1897/1897 1899/1899 1898/1898
f 1900/1900 1902/1902 1901/1901
f 1903/1903 1905/1905 1904/1904
f 1906/1906 1908/1908 1907/1907
f 1909/1909 1911/1911 1910/1910
f 1912/1912 1914/1914 1913/1913
f 1915/1915 1917/1917 1916/1916
f 1918/1918 1920/1920 1919/1919
f 1921/1921 1923/1923 1922/1922
f 1924/1924 1926/1926 1925/1925
f 1927/1927 1929/1929 1928/1928
f 1930/1930 1932/1932 1931/1931
f 1933/1933 1935/1935 1934/1934
f 1936/1936 1938/1938 1937/1937
f 1939/1939 1941/1941 1940/1940
f 1942/1942 1944/1944 1943/1943
f 1945/1945 1947/1947 1946/1946
f 1948/1948 1950/1950 1949/1949
f 1951/1951 1953/1953 1952/1952
f 1954/1954 1956/1956 1955/1955
f 1957/1957 1959/1959 1958/1958
f 1960/1960 1962/1962 1961/1961
f 1963/1963 1965/1965 1964/1964
f 1966/1966 1968/1968 1967/1967
f 1969/1969 1971/1971 1970/1970
f 1972/1972 1974/1974 1973/1973
f 1975/1975 1977/1977 1976/1976
f 1978/1978 1980/1980 1979/1979
f 1981/1981 1983/1983 1982/1982
f 1984/1984 1986/1986 1985/1985
f 1987/1987 1989/1989 1988/1988
f 1990/1990 1992/1992 1991/1991
f 1993/1993 1995/1995 1994/1994
f 1996/1996 1998/1998 1997/1997
f 1999/1999 2001/2001 2000/2000
f 2002/2002 2004/2004 2003/2003
f 2005/2005 2007/2007 2006/2006
f 2008/2008 2010/2010 2009/2009
f 2011/2011 2013/2013 2012/2012
f 2014/2014 2016/2016 2015/2015
f 2017/2017 2019/2019 2018/2018
f 2020/2020 2022/2022 2021/2021
f 2023/2023 2025/2025 2024/2024
f 2026/2026 2028/2028 2027/2027
f 2029/2029 2031/2031 2030/2030
f 2032/2032 2034/2034 2033/2033
f 2035/2035 2037/2037 2036/2036
f 2038/2038 2040/2040 2039/2039
f 2041/2041 2043/2043 2042/2042
f 2044/2044 2046/2046 2045/2045
f 2047/2047 2049/2049 2048/2048
f 2050/2050 2052/2052 2051/2051
f 2053/2053 2055/2055 2054/2054
f 2056/2056 2058/2058 2057/2057
f 2059/2059 2061/2061 2060/2060
f 2062/2062 2064/2064 2063/2063
f 2065/2065 2067/2067 2066/2066
f 2068/2068 2070/2070 2069/2069
f 2071/2071 2073/2073 2072/2072
f 2074/2074 2076/2076 2075/2075
f 2077/2077 2079/2079 2078/2078
f 2080/2080 2082/2082 2081/2081
f 2083/2083 2085/2085 2084/2084
f 2086/2086 2088/2088 2087/2087
f 2089/2089 2091/2091 2090/2090
f 2092/2092 2094/2094 2093/2093
f 2095/2095 2097/2097 2096/2096
f 2098/2098 2100/2100 2099/2099
f 2101/2101 2103/2103 2102/2102
f 2104/2104 2106/2106 2105/2105
f 2107/2107 2109/2109 2108/2108
f 2110/2110 2112/2112 2111/2111
f 2113/2113 2115/2115 2114/2114
f 2116/2116 2118/2118 2117/2117
f 2119/2119 2121/2121 2120/2120
f 2122/2122 2124/2124 2123/2123
f 2125/2125 2127/2127 2126/2126
f 2128/2128 2130/2130 2129/2129
f 2131/2131 2133/2133 2132/2132
f 2134/2134 2136/2136 2135/2135
f 2137/2137 2139/2139 2138/2138
f 2140/2140 2142/2142 2141/2141
f 2143/2143 2145/2145 2144/2144
f 2146/2146 2148/2148 2147/2147
f 2149/2149 2151/2151 2150/2150
f 2152/2152 2154/2154 2153/2153
f 2155/2155 2157/2157 2156/2156
f 2158/2158 2160/2160 2159/2159
f 2161/2161 2163/2163 2162/2162
f 2164/2164 2166/2166 2165/2165
f 2167/2167 2169/2169 2168/2168
f 2170/2170 2172/2172 2171/2171
f 2173/2173 2175/2175 2174/2174
f 2176/2176 2178/2178 2177/2177
f 2179/2179 2181/2181 2180/2180
f 2182/2182 2184/2184 2183/2183
f 2185/2185 2187/2187 2186/2186
f 2188/2188 2190/2190 2189/2189
f 2191/2191 2193/2193 2192/2192
f 2194/2194 2196/2196 2195/2195
f 2197/2197 2199/2199 2198/2198
f 2200/2200 2202/2202 2201/2201
f 2203/2203 2205/2205 2204/2204
f 2206/2206 2208/2208 2207/2207
f 2209/2209 2211/2211 2210/2210
f 2212/2212 2214/2214 2213/2213
f 2215/2215 2217/2217 2216/2216
f 2218/2218 2220/2220 2219/2219
f 2221/2221 2223/2223 2222/2222
f 2224/2224 2226/2226 2225/2225
f 2227/2227 2229/2229 2228/2228
f 2230/2230 2232/2232 2231/2231
f 2233/2233 2235/2235 2234/2234
f 2236/2236 2238/2238 2237/2237
f 2239/2239 2241/2241 2240/2240
f 2242/2242 2244/2244 2243/2243
f 2245/2245 2247/2247 2246/2246
f 2248/2248 2250/2250 2249/2249
f 2251/2251 2253/2253 2252/2252
f 2254/2254 2256/2256 2255/2255
f 2257/2257 2259/2259 2258/2258
f 2260/2260 2262/2262 2261/2261
f 2263/2263 2265/2265 2264/2264
f 2266/2266 2268/2268 2267/2267
f 2269/2269 2271/2271 2270/2270
f 2272/2272 2274/2274 2273/2273
f 2275/2275 2277/2277 2276/2276
f 2278/2278 2280/2280 2279/2279
f 2281/2281 2283/2283 2282/2282
f 2284/2284 2286/2286 2285/2285
f 2287/2287 2289/2289 2288/2288
f 2290/2290 2292/2292 2291/2291
f 2293/2293 2295/2295 2294/2294
f 2296/2296 2298/2298 2297/2297
f 2299/2299 2301/2301 2300/2300
f 2302/2302 2304/2304 2303/2303
f 2305/2305 2307/2307 2306/2306
f 2308/2308 2310/2310 2309/2309
f 2311/2311 2313/2313 2312/2312
f 2314/2314 2316/2316 2315/2315
f 2317/2317 2319/2319 2318/2318
f 2320/2320 2322/2322 2321/2321
f 2323/2323 2325/2325 2324/2324
f 2326/2326 2328/2328 2327/2327
f 2329/2329 2331/2331 2330/2330
f 2332/2332 2334/2334 2333/2333
f 2335/2335 2337/2337 2336/2336
f 2338/2338 2340/2340 2339/2339
f 2341/2341 2343/2343 2342/2342
f 2344/2344 2346/2346 2345/2345
f 2347/2347 2349/2349 2348/2348
f 2350/2350 2352/2352 2351/2351
f 2353/2353 2355/2355 2354/2354
f 2356/2356 2358/2358 2357/2357
f 2359/2359 2361/2361 2360/2360
f 2362/2362 2364/2364 2363/2363
f 2365/2365 2367/2367 2366/2366
f 2368/2368 2370/2370 2369/2369
f 2371/2371 2373/2373 2372/2372
f 2374/2374 2376/2376 2375/2375
f 2377/2377 2379/2379 2378/2378
f 2380/2380 2382/2382 2381/2381
f 2383/2383 2385/2385 2384/2384
f 2386/2386 2388/2388 2387/2387
f 2389/2389 2391/2391 2390/2390
f 2392/2392 2394/2394 2393/2393
f 2395/2395 2397/2397 2396/2396
f 2398/2398 2400/2400 2399/2399
f 2401/2401 2403/2403 2402/2402
f 2404/2404 2406/2406 2405/2405
f 2407/2407 2409/2409 2408/2408
f 2410/2410 2412/2412 2411/2411
f 2413/2413 2415/2415 2414/2414
f 2416/2416 2418/2418 2417/2417
f 2419/2419 2421/2421 2420/2420
f 2422/2422 2424/2424 2423/2423
f 2425/2425 2427/2427 2426/2426
f 2428/2428 2430/2430 2429/2429
f 2431/2431 2433/2433 2432/2432
f 2434/2434 2436/2436 2435/2435
f 2437/2437 2439/2439 2438/2438
f 2440/2440 2442/2442 2441/2441
f 2443/2443 2445/2445 2444/2444
f 2446/2446 2448/2448 2447/2447
f 2449/2449 2451/2451 2450/2450
f 2452/2452 2454/2454 2453/2453
f 2455/2455 2457/2457 2456/2456
f 2458/2458 2460/2460 2459/2459
f 2461/2461 2463/2463 2462/2462
f 2464/2464 2466/2466 2465/2465
f 2467/2467 2469/2469 2468/2468
f 2470/2470 2472/2472 2471/2471
f 2473/2473 2475/2475 2474/2474
f 2476/2476 2478/2478 2477/2477
f 2479/2479 2481/2481 2480/2480
f 2482/2482 2484/2484 2483/2483
f 2485/2485 2487/2487 2486/2486
f 2488/2488 2490/2490 2489/2489
f 2491/2491 2493/2493 2492/2492
f 2494/2494 2496/2496 2495/2495
f 2497/2497 2499/2499 2498/2498
f 2500/2500 2502/2502 2501/2501
f 2503/2503 2505/2505 2504/2504
f 2506/2506 2508/2508 2507/2507
f 2509/2509 2511/2511 2510/2510
f 2512/2512 2514/2514 2513/2513
f 2515/2515 2517/2517 2516/2516
f 2518/2518 2520/2520 2519/2519
f 2521/2521 2523/2523 2522/2522
f 2524/2524 2526/2526 2525/2525
f 2527/2527 2529/2529 2528/2528
f 2530/2530 2532/2532 2531/2531
f 2533/2533 2535/2535 2534/2534
f 2536/2536 2538/2538 2537/2537
f 2539/2539 2541/2541 2540/2540
f 2542/2542 2544/2544 2543/2543
f 2545/2545 2547/2547 2546/2546
f 2548/2548 2550/2550 2549/2549
f 2551/2551 2553/2553 2552/2552
f 2554/2554 2556/2556 2555/2555
f 2557/2557 2559/2559 2558/2558
f 2560/2560 2562/2562 2561/2561
f 2563/2563 2565/2565 2564/2564
f 2566/2566 2568/2568 2567/2567
f 2569/2569 2571/2571 2570/2570
f 2572/2572 2574/2574 2573/2573
f 2575/2575 2577/2577 2576/2576
f 2578/2578 2580/2580 2579/2579
f 2581/2581 2583/2583 2582/2582
f 2584/2584 2586/2586 2585/2585
f 2587/2587 2589/2589 2588/2588
f 2590/2590 2592/2592 2591/2591
f 2593/2593 2595/2595 2594/2594
f 2596/2596 2598/2598 2597/2597
f 2599/2599 2601/2601 2600/2600
f 2602/2602 2604/2604 2603/2603
f 2605/2605 2607/2607 2606/2606
f 2608/2608 2610/2610 2609/2609
f 2611/2611 2613/2613 2612/2612
f 2614/2614 2616/2616 2615/2615
f 2617/2617 2619/2619 2618/2618
f 2620/2620 2622/2622 2621/2621
f 2623/2623 2625/2625 2624/2624
f 2626/2626 2628/2628 2627/2627
f 2629/2629 2631/2631 2630/2630
f 2632/2632 2634/2634 2633/2633
f 2635/2635 2637/2637 2636/2636
f 2638/2638 2640/2640 2639/2639
f 2641/2641 2643/2643 2642/2642
f 2644/2644 2646/2646 2645/2645
f 2647/2647 2649/2649 2648/2648
f 2650/2650 2652/2652 2651/2651
f 2653/2653 2655/2655 2654/2654
f 2656/2656 2658/2658 2657/2657
f 2659/2659 2661/2661 2660/2660
f 2662/2662 2664/2664 2663/2663
f 2665/2665 2667/2667 2666/2666
f 2668/2668 2670/2670 2669/2669
f 2671/2671 2673/2673 2672/2672
f 2674/2674 2676/2676 2675/2675
f 2677/2677 2679/2679 2678/2678
f 2680/2680 2682/2682 2681/2681
f 2683/2683 2685/2685 2684/2684
f 2686/2686 2688/2688 2687/2687
f 2689/2689 2691/2691 2690/2690
f 2692/2692 2694/2694 2693/2693
f 2695/2695 2697/2697 2696/2696
f 2698/2698 2700/2700 2699/2699
f 2701/2701 2703/2703 2702/2702
f 2704/2704 2706/2706 2705/2705
f 2707/2707 2709/2709 2708/2708
f 2710/2710 2712/2712 2711/2711
f 2713/2713 2715/2715 2714/2714
f 2716/2716 2718/2718 2717/2717
f 2719/2719 2721/2721 2720/2720
f 2722/2722 2724/2724 2723/2723
f 2725/2725 2727/2727 2726/2726
f 2728/2728 2730/2730 2729/2729
f 2731/2731 2733/2733 2732/2732
f 2734/2734 2736/2736 2735/2735
f 2737/2737 2739/2739 2738/2738
f 2740/2740 2742/2742 2741/2741
f 2743/2743 2745/2745 2744/2744
f 2746/2746 2748/2748 2747/2747
f 2749/2749 2751/2751 2750/2750
f 2752/2752 2754/2754 2753/2753
f 2755/2755 2757/2757 2756/2756
f 2758/2758 2760/2760 2759/2759
f 2761/2761 2763/2763 2762/2762
f 2764/2764 2766/2766 2765/2765
f 2767/2767 2769/2769 2768/2768
f 2770/2770 2772/2772 2771/2771
f 2773/2773 2775/2775 2774/2774
f 2776/2776 2778/2778 2777/2777
f 2779/2779 2781/2781 2780/2780
f 2782/2782 2784/2784 2783/2783
f 2785/2785 2787/2787 2786/2786
f 2788/2788 2790/2790 2789/2789
f 2791/2791 2793/2793 2792/2792
f 2794/2794 2796/2796 2795/2795
f 2797/2797 2799/2799 2798/2798
f 2800/2800 2802/2802 2801/2801
f 2803/2803 2805/2805 2804/2804
f 2806/2806 2808/2808 2807/2807
f 2809/2809 2811/2811 2810/2810
f 2812/2812 2814/2814 2813/2813
f 2815/2815 2817/2817 2816/2816
f 2818/2818 2820/2820 2819/2819
f 2821/2821 2823/2823 2822/2822
f 2824/2824 2826/2826 2825/2825
f 2827/2827 2829/2829 2828/2828
f 2830/2830 2832/2832 2831/2831
f 2833/2833 2835/2835 2834/2834
f 2836/2836 2838/2838 2837/2837
f 2839/2839 2841/2841 2840/2840
f 2842/2842 2844/2844 2843/2843
f 2845/2845 2847/2847 2846/2846
f 2848/2848 2850/2850 2849/2849
f 2851/2851 2853/2853 2852/2852
f 2854/2854 2856/2856 2855/2855
f 2857/2857 2859/2859 2858/2858
f 2860/2860 2862/2862 2861/2861
f 2863/2863 2865/2865 2864/2864
f 2866/2866 2868/2868 2867/2867
f 2869/2869 2871/2871 2870/2870
f 2872/2872 2874/2874 2873/2873
f 2875/2875 2877/2877 2876/2876
f 2878/2878 2880/2880 2879/2879
f 2881/2881 2883/2883 2882/2882
f 2884/2884 2886/2886 2885/2885
f 2887/2887 2889/2889 2888/2888
f 2890/2890 2892/2892 2891/2891
f 2893/2893 2895/2895 2894/2894
f 2896/2896 2898/2898 2897/2897
f 2899/2899 2901/2901 2900/2900
f 2902/2902 2904/2904 2903/2903
f 2905/2905 2907/2907 2906/2906
f 2908/2908 2910/2910 2909/2909
f 2911/2911 2913/2913 2912/2912
f 2914/2914 2916/2916 2915/2915
f 2917/2917 2919/2919 2918/2918
f 2920/2920 2922/2922 2921/2921
f 2923/2923 2925/2925 2924/2924
f 2926/2926 2928/2928 2927/2927
f 2929/2929 2931/2931 2930/2930
f 2932/2932 2934/2934 2933/2933
f 2935/2935 2937/2937 2936/2936
f 2938/2938 2940/2940 2939/2939
f 2941/2941 2943/2943 2942/2942
f 2944/2944 2946/2946 2945/2945
f 2947/2947 2949/2949 2948/2948
f 2950/2950 2952/2952 2951/2951
f 2953/2953 2955/2955 2954/2954
f 2956/2956 2958/2958 2957/2957
f 2959/2959 2961/2961 2960/2960
f 2962/2962 2964/2964 2963/2963
f 2965/2965 2967/2967 2966/2966
f 2968/2968 2970/2970 2969/2969
f 2971/2971 2973/2973 2972/2972
f 2974/2974 2976/2976 2975/2975
f 2977/2977 2979/2979 2978/2978
f 2980/2980 2982/2982 2981/2981
f 2983/2983 2985/2985 2984/2984
f 2986/2986 2988/2988 2987/2987
f 2989/2989 2991/2991 2990/2990
f 2992/2992 2994/2994 2993/2993
f 2995/2995 2997/2997 2996/2996
f 2998/2998 3000/3000 2999/2999
f 3001/3001 3003/3003 3002/3002
f 3004/3004 3006/3006 3005/3005
f 3007/3007 3009/3009 3008/3008
f 3010/3010 3012/3012 3011/3011
f 3013/3013 3015/3015 3014/3014
f 3016/3016 3018/3018 3017/3017
f 3019/3019 3021/3021 3020/3020
f 3022/3022 3024/3024 3023/3023
f 3025/3025 3027/3027 3026/3026
f 3028/3028 3030/3030 3029/3029
f 3031/3031 3033/3033 3032/3032
f 3034/3034 3036/3036 3035/3035
f 3037/3037 3039/3039 3038/3038
f 3040/3040 3042/3042 3041/3041
f 3043/3043 3045/3045 3044/3044
f 3046/3046 3048/3048 3047/3047
f 3049/3049 3051/3051 3050/3050
f 3052/3052 3054/3054 3053/3053
f 3055/3055 3057/3057 3056/3056
f 3058/3058 3060/3060 3059/3059
f 3061/3061 3063/3063 3062/3062
f 3064/3064 3066/3066 3065/3065
f 3067/3067 3069/3069 3068/3068
f 3070/3070 3072/3072 3071/3071
f 3073/3073 3075/3075 3074/3074
f 3076/3076 3078/3078 3077/3077
f 3079/3079 3081/3081 3080/3080
f 3082/3082 3084/3084 3083/3083
f 3085/3085 3087/3087 3086/3086
f 3088/3088 3090/3090 3089/3089
f 3091/3091 3093/3093 3092/3092
f 3094/3094 3096/3096 3095/3095
f 3097/3097 3099/3099 3098/3098
f 3100/3100 3102/3102 3101/3101
f 3103/3103 3105/3105 3104/3104
f 3106/3106 3108/3108 3107/3107
f 3109/3109 3111/3111 3110/3110
f 3112/3112 3114/3114 3113/3113
f 3115/3115 3117/3117 3116/3116
f 3118/3118 3120/3120 3119/3119
f 3121/3121 3123/3123 3122/3122
f 3124/3124 3126/3126 3125/3125
f 3127/3127 3129/3129 3128/3128
f 3130/3130 3132/3132 3131/3131
f 3133/3133 3135/3135 3134/3134
f 3136/3136 3138/3138 3137/3137
f 3139/3139 3141/3141 3140/3140
f 3142/3142 3144/3144 3143/3143
f 3145/3145 3147/3147 3146/3146
f 3148/3148 3150/3150 3149/3149
f 3151/3151 3153/3153 3152/3152
f 3154/3154 3156/3156 3155/3155
f 3157/3157 3159/3159 3158/3158
f 3160/3160 3162/3162 3161/3161
f 3163/3163 3165/3165 3164/3164
f 3166/3166 3168/3168 3167/3167
f 3169/3169 3171/3171 3170/3170
f 3172/3172 3174/3174 3173/3173
f 3175/3175 3177/3177 3176/3176
f 3178/3178 3180/3180 3179/3179
f 3181/3181 3183/3183 3182/3182
f 3184/3184 3186/3186 3185/3185
f 3187/3187 3189/3189 3188/3188
f 3190/3190 3192/3192 3191/3191
f 3193/3193 3195/3195 3194/3194
f 3196/3196 3198/3198 3197/3197
f 3199/3199 3201/3201 3200/3200
f 3202/3202 3204/3204 3203/3203
f 3205/3205 3207/3207 3206/3206
f 3208/3208 3210/3210 3209/3209
f 3211/3211 3213/3213 3212/3212
f 3214/3214 3216/3216 3215/3215
f 3217/3217 3219/3219 3218/3218
f 3220/3220 3222/3222 3221/3221
f 3223/3223 3225/3225 3224/3224
f 3226/3226 3228/3228 3227/3227
f 3229/3229 3231/3231 3230/3230
f 3232/3232 3234/3234 3233/3233
f 3235/3235 3237/3237 3236/3236
f 3238/3238 3240/3240 3239/3239
f 3241/3241 3243/3243 3242/3242
f 3244/3244 3246/3246 3245/3245
f 3247/3247 3249/3249 3248/3248
f 3250/3250 3252/3252 3251/3251
f 3253/3253 3255/3255 3254/3254
f 3256/3256 3258/3258 3257/3257
f 3259/3259 3261/3261 3260/3260
f 3262/3262 3264/3264 3263/3263
f 3265/3265 3267/3267 3266/3266
f 3268/3268 3270/3270 3269/3269
f 3271/3271 3273/3273 3272/3272
f 3274/3274 3276/3276 3275/3275
f 3277/3277 3279/3279 3278/3278
f 3280/3280 3282/3282 3281/3281
f 3283/3283 3285/3285 3284/3284
f 3286/3286 3288/3288 3287/3287
f 3289/3289 3291/3291 3290/3290
f 3292/3292 3294/3294 3293/3293
f 3295/3295 3297/3297 3296/3296
f 3298/3298 3300/3300 3299/3299
f 3301/3301 3303/3303 3302/3302
f 3304/3304 3306/3306 3305/3305
f 3307/3307 3309/3309 3308/3308
f 3310/3310 3312/3312 3311/3311
f 3313/3313 3315/3315 3314/3314
f 3316/3316 3318/3318 3317/3317
f 3319/3319 3321/3321 3320/3320
f 3322/3322 3324/3324 3323/3323
f 3325/3325 3327/3327 3326/3326
f 3328/3328 3330/3330 3329/3329
f 3331/3331 3333/3333 3332/3332
f 3334/3334 3336/3336 3335/3335
f 3337/3337 3339/3339 3338/3338
f 3340/3340 3342/3342 3341/3341
f 3343/3343 3345/3345 3344/3344
f 3346/3346 3348/3348 3347/3347
f 3349/3349 3351/3351 3350/3350
f 3352/3352 3354/3354 3353/3353
f 3355/3355 3357/3357 3356/3356
f 3358/3358 3360/3360 3359/3359
f 3361/3361 3363/3363 3362/3362
f 3364/3364 3366/3366 3365/3365
f 3367/3367 3369/3369 3368/3368
f 3370/3370 3372/3372 3371/3371
f 3373/3373 3375/3375 3374/3374
f 3376/3376 3378/3378 3377/3377
f 3379/3379 3381/3381 3380/3380
f 3382/3382 3384/3384 3383/3383
f 3385/3385 3387/3387 3386/3386
f 3388/3388 3390/3390 3389/3389
f 3391/3391 3393/3393 3392/3392
f 3394/3394 3396/3396 3395/3395
f 3397/3397 3399/3399 3398/3398
f 3400/3400 3402/3402 3401/3401
f 3403/3403 3405/3405 3404/3404
f 3406/3406 3408/3408 3407/3407
f 3409/3409 3411/3411 3410/3410
f 3412/3412 3414/3414 3413/3413
f 3415/3415 3417/3417 3416/3416
f 3418/3418 3420/3420 3419/3419
f 3421/3421 3423/3423 3422/3422
f 3424/3424 3426/3426 3425/3425
f 3427/3427 3429/3429 3428/3428
f 3430/3430 3432/3432 3431/3431
f 3433/3433 3435/3435 3434/3434
f 3436/3436 3438/3438 3437/3437
f 3439/3439 3441/3441 3440/3440
f 3442/3442 3444/3444 3443/3443
f 3445/3445 3447/3447 3446/3446
f 3448/3448 3450/3450 3449/3449
f 3451/3451 3453/3453 3452/3452
f 3454/3454 3456/3456 3455/3455
f 3457/3457 3459/3459 3458/3458
f 3460/3460 3462/3462 3461/3461
f 3463/3463 3465/3465 3464/3464
f 3466/3466 3468/3468 3467/3467
f 3469/3469 3471/3471 3470/3470
f 3472/3472 3474/3474 3473/3473
f 3475/3475 3477/3477 3476/3476
f 3478/3478 3480/3480 3479/3479
f 3481/3481 3483/3483 3482/3482
f 3484/3484 3486/3486 3485/3485
f 3487/3487 3489/3489 3488/3488
f 3490/3490 3492/3492 3491/3491
f 3493/3493 3495/3495 3494/3494
f 3496/3496 3498/3498 3497/3497
f 3499/3499 3501/3501 3500/3500
f 3502/3502 3504/3504 3503/3503
f 3505/3505 3507/3507 3506/3506
f 3508/3508 3510/3510 3509/3509
f 3511/3511 3513/3513 3512/3512
f 3514/3514 3516/3516 3515/3515
f 3517/3517 3519/3519 3518/3518
f 3520/3520 3522/3522 3521/3521
f 3523/3523 3525/3525 3524/3524
f 3526/3526 3528/3528 3527/3527
f 3529/3529 3531/3531 3530/3530
f 3532/3532 3534/3534 3533/3533
f 3535/3535 3537/3537 3536/3536
f 3538/3538 3540/3540 3539/3539
f 3541/3541 3543/3543 3542/3542
f 3544/3544 3546/3546 3545/3545
f 3547/3547 3549/3549 3548/3548
f 3550/3550 3552/3552 3551/3551
f 3553/3553 3555/3555 3554/3554
f 3556/3556 3558/3558 3557/3557
f 3559/3559 3561/3561 3560/3560
f 3562/3562 3564/3564 3563/3563
f 3565/3565 3567/3567 3566/3566
f 3568/3568 3570/3570 3569/3569
f 3571/3571 3573/3573 3572/3572
f 3574/3574 3576/3576 3575/3575
f 3577/3577 3579/3579 3578/3578
f 3580/3580 3582/3582 3581/3581
f 3583/3583 3585/3585 3584/3584
f 3586/3586 3588/3588 3587/3587
f 3589/3589 3591/3591 3590/3590
f 3592/3592 3594/3594 3593/3593
f 3595/3595 3597/3597 3596/3596
f 3598/3598 3600/3600 3599/3599
f 3601/3601 3603/3603 3602/3602
f 3604/3604 3606/3606 3605/3605
f 3607/3607 3609/3609 3608/3608
f 3610/3610 3612/3612 3611/3611
f 3613/3613 3615/3615 3614/3614
f 3616/3616 3618/3618 3617/3617
f 3619/3619 3621/3621 3620/3620
f 3622/3622 3624/3624 3623/3623
f 3625/3625 3627/3627 3626/3626
f 3628/3628 3630/3630 3629/3629
f 3631/3631 3633/3633 3632/3632
f 3634/3634 3636/3636 3635/3635
f 3637/3637 3639/3639 3638/3638
f 3640/3640 3642/3642 3641/3641
f 3643/3643 3645/3645 3644/3644
f 3646/3646 3648/3648 3647/3647
f 3649/3649 3651/3651 3650/3650
f 3652/3652 3654/3654 3653/3653
f 3655/3655 3657/3657 3656/3656
f 3658/3658 3660/3660 3659/3659
f 3661/3661 3663/3663 3662/3662
f 3664/3664 3666/3666 3665/3665
f 3667/3667 3669/3669 3668/3668
f 3670/3670 3672/3672 3671/3671
f 3673/3673 3675/3675 3674/3674
f 3676/3676 3678/3678 3677/3677
f 3679/3679 3681/3681 3680/3680
f 3682/3682 3684/3684 3683/3683
f 3685/3685 3687/3687 3686/3686
f 3688/3688 3690/3690 3689/3689
f 3691/3691 3693/3693 3692/3692
f 3694/3694 3696/3696 3695/3695
f 3697/3697 3699/3699 3698/3698
f 3700/3700 3702/3702 3701/3701
f 3703/3703 3705/3705 3704/3704
f 3706/3706 3708/3708 3707/3707
f 3709/3709 3711/3711 3710/3710
f 3712/3712 3714/3714 3713/3713
f 3715/3715 3717/3717 3716/3716
f 3718/3718 3720/3720 3719/3719
f 3721/3721 3723/3723 3722/3722
f 3724/3724 3726/3726 3725/3725
f 3727/3727 3729/3729 3728/3728
f 3730/3730 3732/3732 3731/3731
f 3733/3733 3735/3735 3734/3734
f 3736/3736 3738/3738 3737/3737
f 3739/3739 3741/3741 3740/3740
f 3742/3742 3744/3744 3743/3743
f 3745/3745 3747/3747 3746/3746
f 3748/3748 3750/3750 3749/3749
f 3751/3751 3753/3753 3752/3752
f 3754/3754 3756/3756 3755/3755
f 3757/3757 3759/3759 3758/3758
f 3760/3760 3762/3762 3761/3761
f 3763/3763 3765/3765 3764/3764
f 3766/3766 3768/3768 3767/3767
f 3769/3769 3771/3771 3770/3770
f 3772/3772 3774/3774 3773/3773
f 3775/3775 3777/3777 3776/3776
f 3778/3778 3780/3780 3779/3779
f 3781/3781 3783/3783 3782/3782
f 3784/3784 3786/3786 3785/3785
f 3787/3787 3789/3789 3788/3788
f 3790/3790 3792/3792 3791/3791
f 3793/3793 3795/3795 3794/3794
f 3796/3796 3798/3798 3797/3797
f 3799/3799 3801/3801 3800/3800
f 3802/3802 3804/3804 3803/3803
f 3805/3805 3807/3807 3806/3806
f 3808/3808 3810/3810 3809/3809
f 3811/3811 3813/3813 3812/3812
f 3814/3814 3816/3816 3815/3815
f 3817/3817 3819/3819 3818/3818
f 3820/3820 3822/3822 3821/3821
f 3823/3823 3825/3825 3824/3824
f 3826/3826 3828/3828 3827/3827
f 3829/3829 3831/3831 3830/3830
f 3832/3832 3834/3834 3833/3833
f 3835/3835 3837/3837 3836/3836
f 3838/3838 3840/3840 3839/3839
f 3841/3841 3843/3843 3842/3842
f 3844/3844 3846/3846 3845/3845
f 3847/3847 3849/3849 3848/3848
f 3850/3850 3852/3852 3851/3851
f 3853/3853 3855/3855 3854/3854
f 3856/3856 3858/3858 3857/3857
f 3859/3859 3861/3861 3860/3860
f 3862/3862 3864/3864 3863/3863
f 3865/3865 3867/3867 3866/3866
f 3868/3868 3870/3870 3869/3869
f 3871/3871 3873/3873 3872/3872
f 3874/3874 3876/3876 3875/3875
f 3877/3877 3879/3879 3878/3878
f 3880/3880 3882/3882 3881/3881
f 3883/3883 3885/3885 3884/3884
f 3886/3886 3888/3888 3887/3887
f 3889/3889 3891/3891 3890/3890
f 3892/3892 3894/3894 3893/3893
f 3895/3895 3897/3897 3896/3896
f 3898/3898 3900/3900 3899/3899
f 3901/3901 3903/3903 3902/3902
f 3904/3904 3906/3906 3905/3905
f 3907/3907 3909/3909 3908/3908
f 3910/3910 3912/3912 3911/3911
f 3913/3913 3915/3915 3914/3914
f 3916/3916 3918/3918 3917/3917
f 3919/3919 3921/3921 3920/3920
f 3922/3922 3924/3924 3923/3923
f 3925/3925 3927/3927 3926/3926
f 3928/3928 3930/3930 3929/3929
f 3931/3931 3933/3933 3932/3932
f 3934/3934 3936/3936 3935/3935
f 3937/3937 3939/3939 3938/3938
f 3940/3940 3942/3942 3941/3941
f 3943/3943 3945/3945 3944/3944
f 3946/3946 3948/3948 3947/3947
f 3949/3949 3951/3951 3950/3950
f 3952/3952 3954/3954 3953/3953
f 3955/3955 3957/3957 3956/3956
f 3958/3958 3960/3960 3959/3959
f 3961/3961 3963/3963 3962/3962
f 3964/3964 3966/3966 3965/3965
f 3967/3967 3969/3969 3968/3968
f 3970/3970 3972/3972 3971/3971
f 3973/3973 3975/3975 3974/3974
f 3976/3976 3978/3978 3977/3977
f 3979/3979 3981/3981 3980/3980
f 3982/3982 3984/3984 3983/3983
f 3985/3985 3987/3987 3986/3986
f 3988/3988 3990/3990 3989/3989
f 3991/3991 3993/3993 3992/3992
f 3994/3994 3996/3996 3995/3995
f 3997/3997 3999/3999 3998/3998
f 4000/4000 4002/4002 4001/4001
f 4003/4003 4005/4005 4004/4004
f 4006/4006 4008/4008 4007/4007
f 4009/4009 4011/4011 4010/4010
f 4012/4012 4014/4014 4013/4013
f 4015/4015 4017/4017 4016/4016
f 4018/4018 4020/4020 4019/4019
f 4021/4021 4023/4023 4022/4022
f 4024/4024 4026/4026 4025/4025
f 4027/4027 4029/4029 4028/4028
f 4030/4030 4032/4032 4031/4031
f 4033/4033 4035/4035 4034/4034
f 4036/4036 4038/4038 4037/4037
f 4039/4039 4041/4041 4040/4040
f 4042/4042 4044/4044 4043/4043
f 4045/4045 4047/4047 4046/4046
f 4048/4048 4050/4050 4049/4049
f 4051/4051 4053/4053 4052/4052
f 4054/4054 4056/4056 4055/4055
f 4057/4057 4059/4059 4058/4058
f 4060/4060 4062/4062 4061/4061
f 4063/4063 4065/4065 4064/4064
f 4066/4066 4068/4068 4067/4067
f 4069/4069 4071/4071 4070/4070
f 4072/4072 4074/4074 4073/4073
f 4075/4075 4077/4077 4076/4076
f 4078/4078 4080/4080 4079/4079
f 4081/4081 4083/4083 4082/4082
f 4084/4084 4086/4086 4085/4085
f 4087/4087 4089/4089 4088/4088
f 4090/4090 4092/4092 4091/4091
f 4093/4093 4095/4095 4094/4094
f 4096/4096 4098/4098 4097/4097
f 4099/4099 4101/4101 4100/4100
f 4102/4102 4104/4104 4103/4103
f 4105/4105 4107/4107 4106/4106
f 4108/4108 4110/4110 4109/4109
f 4111/4111 4113/4113 4112/4112
f 4114/4114 4116/4116 4115/4115
f 4117/4117 4119/4119 4118/4118
f 4120/4120 4122/4122 4121/4121
f 4123/4123 4125/4125 4124/4124
f 4126/4126 4128/4128 4127/4127
f 4129/4129 4131/4131 4130/4130
f 4132/4132 4134/4134 4133/4133
f 4135/4135 4137/4137 4136/4136
f 4138/4138 4140/4140 4139/4139
f 4141/4141 4143/4143 4142/4142
f 4144/4144 4146/4146 4145/4145
f 4147/4147 4149/4149 4148/4148
f 4150/4150 4152/4152 4151/4151
f 4153/4153 4155/4155 4154/4154
f 4156/4156 4158/4158 4157/4157
f 4159/4159 4161/4161 4160/4160
f 4162/4162 4164/4164 4163/4163
f 4165/4165 4167/4167 4166/4166
f 4168/4168 4170/4170 4169/4169
f 4171/4171 4173/4173 4172/4172
f 4174/4174 4176/4176 4175/4175
f 4177/4177 4179/4179 4178/4178
f 4180/4180 4182/4182 4181/4181
f 4183/4183 4185/4185 4184/4184
f 4186/4186 4188/4188 4187/4187
f 4189/4189 4191/4191 4190/4190
f 4192/4192 4194/4194 4193/4193
f 4195/4195 4197/4197 4196/4196
f 4198/4198 4200/4200 4199/4199
f 4201/4201 4203/4203 4202/4202
f 4204/4204 4206/4206 4205/4205
f 4207/4207 4209/4209 4208/4208
f 4210/4210 4212/4212 4211/4211
f 4213/4213 4215/4215 4214/4214
f 4216/4216 4218/4218 4217/4217
f 4219/4219 4221/4221 4220/4220
f 4222/4222 4224/4224 4223/4223
f 4225/4225 4227/4227 4226/4226
f 4228/4228 4230/4230 4229/4229
f 4231/4231 4233/4233 4232/4232
f 4234/4234 4236/4236 4235/4235
f 4237/4237 4239/4239 4238/4238
f 4240/4240 4242/4242 4241/4241
f 4243/4243 4245/4245 4244/4244
f 4246/4246 4248/4248 4247/4247
f 4249/4249 4251/4251 4250/4250
f 4252/4252 4254/4254 4253/4253
f 4255/4255 4257/4257 4256/4256
f 4258/4258 4260/4260 4259/4259
f 4261/4261 4263/4263 4262/4262
f 4264/4264 4266/4266 4265/4265
f 4267/4267 4269/4269 4268/4268
f 4270/4270 4272/4272 4271/4271
f 4273/4273 4275/4275 4274/4274
f 4276/4276 4278/4278 4277/4277
f 4279/4279 4281/4281 4280/4280
f 4282/4282 4284/4284 4283/4283
f 4285/4285 4287/4287 4286/4286
f 4288/4288 4290/4290 4289/4289
f 4291/4291 4293/4293 4292/4292
f 4294/4294 4296/4296 4295/4295
f 4297/4297 4299/4299 4298/4298
f 4300/4300 4302/4302 4301/4301
f 4303/4303 4305/4305 4304/4304
f 4306/4306 4308/4308 4307/4307
f 4309/4309 4311/4311 4310/4310
f 4312/4312 4314/4314 4313/4313
f 4315/4315 4317/4317 4316/4316
f 4318/4318 4320/4320 4319/4319
f 4321/4321 4323/4323 4322/4322
f 4324/4324 4326/4326 4325/4325
f 4327/4327 4329/4329 4328/4328
f 4330/4330 4332/4332 4331/4331
f 4333/4333 4335/4335 4334/4334
f 4336/4336 4338/4338 4337/4337
f 4339/4339 4341/4341 4340/4340
f 4342/4342 4344/4344 4343/4343
f 4345/4345 4347/4347 4346/4346
f 4348/4348 4350/4350 4349/4349
f 4351/4351 4353/4353 4352/4352
f 4354/4354 4356/4356 4355/4355
f 4357/4357 4359/4359 4358/4358
f 4360/4360 4362/4362 4361/4361
f 4363/4363 4365/4365 4364/4364
f 4366/4366 4368/4368 4367/4367
f 4369/4369 4371/4371 4370/4370
f 4372/4372 4374/4374 4373/4373
f 4375/4375 4377/4377 4376/4376
f 4378/4378 4380/4380 4379/4379
f 4381/4381 4383/4383 4382/4382
f 4384/4384 4386/4386 4385/4385
f 4387/4387 4389/4389 4388/4388
f 4390/4390 4392/4392 4391/4391
f 4393/4393 4395/4395 4394/4394
f 4396/4396 4398/4398 4397/4397
f 4399/4399 4401/4401 4400/4400
f 4402/4402 4404/4404 4403/4403
f 4405/4405 4407/4407 4406/4406
f 4408/4408 4410/4410 4409/4409
f 4411/4411 4413/4413 4412/4412
f 4414/4414 4416/4416 4415/4415
f 4417/4417 4419/4419 4418/4418
f 4420/4420 4422/4422 4421/4421
f 4423/4423 4425/4425 4424/4424
f 4426/4426 4428/4428 4427/4427
f 4429/4429 4431/4431 4430/4430
f 4432/4432 4434/4434 4433/4433
f 4435/4435 4437/4437 4436/4436
f 4438/4438 4440/4440 4439/4439
f 4441/4441 4443/4443 4442/4442
f 4444/4444 4446/4446 4445/4445
f 4447/4447 4449/4449 4448/4448
f 4450/4450 4452/4452 4451/4451
f 4453/4453 4455/4455 4454/4454
f 4456/4456 4458/4458 4457/4457
f 4459/4459 4461/4461 4460/4460
f 4462/4462 4464/4464 4463/4463
f 4465/4465 4467/4467 4466/4466
f 4468/4468 4470/4470 4469/4469
f 4471/4471 4473/4473 4472/4472
f 4474/4474 4476/4476 4475/4475
f 4477/4477 4479/4479 4478/4478
f 4480/4480 4482/4482 4481/4481
f 4483/4483 4485/4485 4484/4484
f 4486/4486 4488/4488 4487/4487
f 4489/4489 4491/4491 4490/4490
f 4492/4492 4494/4494 4493/4493
f 4495/4495 4497/4497 4496/4496
f 4498/4498 4500/4500 4499/4499
f 4501/4501 4503/4503 4502/4502
f 4504/4504 4506/4506 4505/4505
f 4507/4507 4509/4509 4508/4508
f 4510/4510 4512/4512 4511/4511
f 4513/4513 4515/4515 4514/4514
f 4516/4516 4518/4518 4517/4517
f 4519/4519 4521/4521 4520/4520
f 4522/4522 4524/4524 4523/4523
f 4525/4525 4527/4527 4526/4526
f 4528/4528 4530/4530 4529/4529
f 4531/4531 4533/4533 4532/4532
f 4534/4534 4536/4536 4535/4535
f 4537/4537 4539/4539 4538/4538
f 4540/4540 4542/4542 4541/4541
f 4543/4543 4545/4545 4544/4544
f 4546/4546 4548/4548 4547/4547
f 4549/4549 4551/4551 4550/4550
f 4552/4552 4554/4554 4553/4553
f 4555/4555 4557/4557 4556/4556
f 4558/4558 4560/4560 4559/4559
f 4561/4561 4563/4563 4562/4562
f 4564/4564 4566/4566 4565/4565
f 4567/4567 4569/4569 4568/4568
f 4570/4570 4572/4572 4571/4571
f 4573/4573 4575/4575 4574/4574
f 4576/4576 4578/4578 4577/4577
f 4579/4579 4581/4581 4580/4580
f 4582/4582 4584/4584 4583/4583
f 4585/4585 4587/4587 4586/4586
f 4588/4588 4590/4590 4589/4589
f 4591/4591 4593/4593 4592/4592
f 4594/4594 4596/4596 4595/4595
f 4597/4597 4599/4599 4598/4598
f 4600/4600 4602/4602 4601/4601
f 4603/4603 4605/4605 4604/4604
f 4606/4606 4608/4608 4607/4607
f 4609/4609 4611/4611 4610/4610
f 4612/4612 4614/4614 4613/4613
f 4615/4615 4617/4617 4616/4616
f 4618/4618 4620/4620 4619/4619
f 4621/4621 4623/4623 4622/4622
f 4624/4624 4626/4626 4625/4625
f 4627/4627 4629/4629 4628/4628
f 4630/4630 4632/4632 4631/4631
f 4633/4633 4635/4635 4634/4634
f 4636/4636 4638/4638 4637/4637
f 4639/4639 4641/4641 4640/4640
f 4642/4642 4644/4644 4643/4643
f 4645/4645 4647/4647 4646/4646
f 4648/4648 4650/4650 4649/4649
f 4651/4651 4653/4653 4652/4652
f 4654/4654 4656/4656 4655/4655
f 4657/4657 4659/4659 4658/4658
f 4660/4660 4662/4662 4661/4661
f 4663/4663 4665/4665 4664/4664
f 4666/4666 4668/4668 4667/4667
f 4669/4669 4671/4671 4670/4670
f 4672/4672 4674/4674 4673/4673
f 4675/4675 4677/4677 4676/4676
f 4678/4678 4680/4680 4679/4679
f 4681/4681 4683/4683 4682/4682
f 4684/4684 4686/4686 4685/4685
f 4687/4687 4689/4689 4688/4688
f 4690/4690 4692/4692 4691/4691
f 4693/4693 4695/4695 4694/4694
f 4696/4696 4698/4698 4697/4697
f 4699/4699 4701/4701 4700/4700
f 4702/4702 4704/4704 4703/4703
f 4705/4705 4707/4707 4706/4706
f 4708/4708 4710/4710 4709/4709
f 4711/4711 4713/4713 4712/4712
f 4714/4714 4716/4716 4715/4715
f 4717/4717 4719/4719 4718/4718
f 4720/4720 4722/4722 4721/4721
f 4723/4723 4725/4725 4724/4724
f 4726/4726 4728/4728 4727/4727
f 4729/4729 4731/4731 4730/4730
f 4732/4732 4734/4734 4733/4733
f 4735/4735 4737/4737 4736/4736
f 4738/4738 4740/4740 4739/4739
f 4741/4741 4743/4743 4742/4742
f 4744/4744 4746/4746 4745/4745
f 4747/4747 4749/4749 4748/4748
f 4750/4750 4752/4752 4751/4751
f 4753/4753 4755/4755 4754/4754
f 4756/4756 4758/4758 4757/4757
f 4759/4759 4761/4761 4760/4760
f 4762/4762 4764/4764 4763/4763
f 4765/4765 4767/4767 4766/4766
f 4768/4768 4770/4770 4769/4769
f 4771/4771 4773/4773 4772/4772
f 4774/4774 4776/4776 4775/4775
f 4777/4777 4779/4779 4778/4778
f 4780/4780 4782/4782 4781/4781
f 4783/4783 4785/4785 4784/4784
f 4786/4786 4788/4788 4787/4787
f 4789/4789 4791/4791 4790/4790
f 4792/4792 4794/4794 4793/4793
f 4795/4795 4797/4797 4796/4796
f 4798/4798 4800/4800 4799/4799
f 4801/4801 4803/4803 4802/4802
f 4804/4804 4806/4806 4805/4805
f 4807/4807 4809/4809 4808/4808
f 4810/4810 4812/4812 4811/4811
f 4813/4813 4815/4815 4814/4814
f 4816/4816 4818/4818 4817/4817
f 4819/4819 4821/4821 4820/4820
f 4822/4822 4824/4824 4823/4823
f 4825/4825 4827/4827 4826/4826
f 4828/4828 4830/4830 4829/4829
f 4831/4831 4833/4833 4832/4832
f 4834/4834 4836/4836 4835/4835
f 4837/4837 4839/4839 4838/4838
f 4840/4840 4842/4842 4841/4841
f 4843/4843 4845/4845 4844/4844
f 4846/4846 4848/4848 4847/4847
f 4849/4849 4851/4851 4850/4850
f 4852/4852 4854/4854 4853/4853
f 4855/4855 4857/4857 4856/4856
f 4858/4858 4860/4860 4859/4859
f 4861/4861 4863/4863 4862/4862
f 4864/4864 4866/4866 4865/4865
f 4867/4867 4869/4869 4868/4868
f 4870/4870 4872/4872 4871/4871
f 4873/4873 4875/4875 4874/4874
f 4876/4876 4878/4878 4877/4877
f 4879/4879 4881/4881 4880/4880
f 4882/4882 4884/4884 4883/4883
f 4885/4885 4887/4887 4886/4886
f 4888/4888 4890/4890 4889/4889
f 4891/4891 4893/4893 4892/4892
f 4894/4894 4896/4896 4895/4895
f 4897/4897 4899/4899 4898/4898
f 4900/4900 4902/4902 4901/4901
f 4903/4903 4905/4905 4904/4904
f 4906/4906 4908/4908 4907/4907
f 4909/4909 4911/4911 4910/4910
f 4912/4912 4914/4914 4913/4913
f 4915/4915 4917/4917 4916/4916
f 4918/4918 4920/4920 4919/4919
f 4921/4921 4923/4923 4922/4922
f 4924/4924 4926/4926 4925/4925
f 4927/4927 4929/4929 4928/4928
f 4930/4930 4932/4932 4931/4931
f 4933/4933 4935/4935 4934/4934
f 4936/4936 4938/4938 4937/4937
f 4939/4939 4941/4941 4940/4940
f 4942/4942 4944/4944 4943/4943
f 4945/4945 4947/4947 4946/4946
f 4948/4948 4950/4950 4949/4949
f 4951/4951 4953/4953 4952/4952
f 4954/4954 4956/4956 4955/4955
f 4957/4957 4959/4959 4958/4958
f 4960/4960 4962/4962 4961/4961
f 4963/4963 4965/4965 4964/4964
f 4966/4966 4968/4968 4967/4967
f 4969/4969 4971/4971 4970/4970
f 4972/4972 4974/4974 4973/4973
f 4975/4975 4977/4977 4976/4976
f 4978/4978 4980/4980 4979/4979
f 4981/4981 4983/4983 4982/4982
f 4984/4984 4986/4986 4985/4985
f 4987/4987 4989/4989 4988/4988
f 4990/4990 4992/4992 4991/4991
f 4993/4993 4995/4995 4994/4994
f 4996/4996 4998/4998 4997/4997
f 4999/4999 5001/5001 5000/5000
f 5002/5002 5004/5004 5003/5003
f 5005/5005 5007/5007 5006/5006
f 5008/5008 5010/5010 5009/5009
f 5011/5011 5013/5013 5012/5012
f 5014/5014 5016/5016 5015/5015
f 5017/5017 5019/5019 5018/5018
f 5020/5020 5022/5022 5021/5021
f 5023/5023 5025/5025 5024/5024
f 5026/5026 5028/5028 5027/5027
f 5029/5029 5031/5031 5030/5030
f 5032/5032 5034/5034 5033/5033
f 5035/5035 5037/5037 5036/5036
f 5038/5038 5040/5040 5039/5039
f 5041/5041 5043/5043 5042/5042
f 5044/5044 5046/5046 5045/5045
f 5047/5047 5049/5049 5048/5048
f 5050/5050 5052/5052 5051/5051
f 5053/5053 5055/5055 5054/5054
f 5056/5056 5058/5058 5057/5057
f 5059/5059 5061/5061 5060/5060
f 5062/5062 5064/5064 5063/5063
f 5065/5065 5067/5067 5066/5066
f 5068/5068 5070/5070 5069/5069
f 5071/5071 5073/5073 5072/5072
f 5074/5074 5076/5076 5075/5075
f 5077/5077 5079/5079 5078/5078
f 5080/5080 5082/5082 5081/5081
f 5083/5083 5085/5085 5084/5084
f 5086/5086 5088/5088 5087/5087
f 5089/5089 5091/5091 5090/5090
f 5092/5092 5094/5094 5093/5093
f 5095/5095 5097/5097 5096/5096
f 5098/5098 5100/5100 5099/5099
f 5101/5101 5103/5103 5102/5102
f 5104/5104 5106/5106 5105/5105
f 5107/5107 5109/5109 5108/5108
f 5110/5110 5112/5112 5111/5111
f 5113/5113 5115/5115 5114/5114
f 5116/5116 5118/5118 5117/5117
f 5119/5119 5121/5121 5120/5120
f 5122/5122 5124/5124 5123/5123
f 5125/5125 5127/5127 5126/5126
f 5128/5128 5130/5130 5129/5129
f 5131/5131 5133/5133 5132/5132
f 5134/5134 5136/5136 5135/5135
f 5137/5137 5139/5139 5138/5138
f 5140/5140 5142/5142 5141/5141
f 5143/5143 5145/5145 5144/5144
f 5146/5146 5148/5148 5147/5147
f 5149/5149 5151/5151 5150/5150
f 5152/5152 5154/5154 5153/5153
f 5155/5155 5157/5157 5156/5156
f 5158/5158 5160/5160 5159/5159
f 5161/5161 5163/5163 5162/5162
f 5164/5164 5166/5166 5165/5165
f 5167/5167 5169/5169 5168/5168
f 5170/5170 5172/5172 5171/5171
f 5173/5173 5175/5175 5174/5174
f 5176/5176 5178/5178 5177/5177
f 5179/5179 5181/5181 5180/5180
f 5182/5182 5184/5184 5183/5183
f 5185/5185 5187/5187 5186/5186
f 5188/5188 5190/5190 5189/5189
f 5191/5191 5193/5193 5192/5192
f 5194/5194 5196/5196 5195/5195
f 5197/5197 5199/5199 5198/5198
f 5200/5200 5202/5202 5201/5201
f 5203/5203 5205/5205 5204/5204
f 5206/5206 5208/5208 5207/5207
f 5209/5209 5211/5211 5210/5210
f 5212/5212 5214/5214 5213/5213
f 5215/5215 5217/5217 5216/5216
f 5218/5218 5220/5220 5219/5219
f 5221/5221 5223/5223 5222/5222
f 5224/5224 5226/5226 5225/5225
f 5227/5227 5229/5229 5228/5228
f 5230/5230 5232/5232 5231/5231
f 5233/5233 5235/5235 5234/5234
f 5236/5236 5238/5238 5237/5237
f 5239/5239 5241/5241 5240/5240
f 5242/5242 5244/5244 5243/5243
f 5245/5245 5247/5247 5246/5246
f 5248/5248 5250/5250 5249/5249
f 5251/5251 5253/5253 5252/5252
f 5254/5254 5256/5256 5255/5255
f 5257/5257 5259/5259 5258/5258
f 5260/5260 5262/5262 5261/5261
f 5263/5263 5265/5265 5264/5264
f 5266/5266 5268/5268 5267/5267
f 5269/5269 5271/5271 5270/5270
f 5272/5272 5274/5274 5273/5273
f 5275/5275 5277/5277 5276/5276
f 5278/5278 5280/5280 5279/5279
f 5281/5281 5283/5283 5282/5282
f 5284/5284 5286/5286 5285/5285
f 5287/5287 5289/5289 5288/5288
f 5290/5290 5292/5292 5291/5291
f 5293/5293 5295/5295 5294/5294
f 5296/5296 5298/5298 5297/5297
f 5299/5299 5301/5301 5300/5300
f 5302/5302 5304/5304 5303/5303
f 5305/5305 5307/5307 5306/5306
f 5308/5308 5310/5310 5309/5309
f 5311/5311 5313/5313 5312/5312
f 5314/5314 5316/5316 5315/5315
f 5317/5317 5319/5319 5318/5318
f 5320/5320 5322/5322 5321/5321
f 5323/5323 5325/5325 5324/5324
f 5326/5326 5328/5328 5327/5327
f 5329/5329 5331/5331 5330/5330
f 5332/5332 5334/5334 5333/5333
f 5335/5335 5337/5337 5336/5336
f 5338/5338 5340/5340 5339/5339
f 5341/5341 5343/5343 5342/5342
f 5344/5344 5346/5346 5345/5345
f 5347/5347 5349/5349 5348/5348
f 5350/5350 5352/5352 5351/5351
f 5353/5353 5355/5355 5354/5354
f 5356/5356 5358/5358 5357/5357
f 5359/5359 5361/5361 5360/5360
f 5362/5362 5364/5364 5363/5363
f 5365/5365 5367/5367 5366/5366
f 5368/5368 5370/5370 5369/5369
f 5371/5371 5373/5373 5372/5372
f 5374/5374 5376/5376 5375/5375
f 5377/5377 5379/5379 5378/5378
f 5380/5380 5382/5382 5381/5381
f 5383/5383 5385/5385 5384/5384
f 5386/5386 5388/5388 5387/5387
f 5389/5389 5391/5391 5390/5390
f 5392/5392 5394/5394 5393/5393
f 5395/5395 5397/5397 5396/5396
f 5398/5398 5400/5400 5399/5399
f 5401/5401 5403/5403 5402/5402
f 5404/5404 5406/5406 5405/5405
f 5407/5407 5409/5409 5408/5408
f 5410/5410 5412/5412 5411/5411
f 5413/5413 5415/5415 5414/5414
f 5416/5416 5418/5418 5417/5417
f 5419/5419 5421/5421 5420/5420
f 5422/5422 5424/5424 5423/5423
f 5425/5425 5427/5427 5426/5426
f 5428/5428 5430/5430 5429/5429
f 5431/5431 5433/5433 5432/5432
f 5434/5434 5436/5436 5435/5435
f 5437/5437 5439/5439 5438/5438
f 5440/5440 5442/5442 5441/5441
f 5443/5443 5445/5445 5444/5444
f 5446/5446 5448/5448 5447/5447
f 5449/5449 5451/5451 5450/5450
f 5452/5452 5454/5454 5453/5453
f 5455/5455 5457/5457 5456/5456
f 5458/5458 5460/5460 5459/5459
f 5461/5461 5463/5463 5462/5462
f 5464/5464 5466/5466 5465/5465
f 5467/5467 5469/5469 5468/5468
f 5470/5470 5472/5472 5471/5471
f 5473/5473 5475/5475 5474/5474
f 5476/5476 5478/5478 5477/5477
f 5479/5479 5481/5481 5480/5480
f 5482/5482 5484/5484 5483/5483
f 5485/5485 5487/5487 5486/5486
f 5488/5488 5490/5490 5489/5489
f 5491/5491 5493/5493 5492/5492
f 5494/5494 5496/5496 5495/5495
f 5497/5497 5499/5499 5498/5498
f 5500/5500 5502/5502 5501/5501
f 5503/5503 5505/5505 5504/5504
f 5506/5506 5508/5508 5507/5507
f 5509/5509 5511/5511 5510/5510
f 5512/5512 5514/5514 5513/5513
f 5515/5515 5517/5517 5516/5516
f 5518/5518 5520/5520 5519/5519
f 5521/5521 5523/5523 5522/5522
f 5524/5524 5526/5526 5525/5525
f 5527/5527 5529/5529 5528/5528
f 5530/5530 5532/5532 5531/5531
f 5533/5533 5535/5535 5534/5534
f 5536/5536 5538/5538 5537/5537
f 5539/5539 5541/5541 5540/5540
f 5542/5542 5544/5544 5543/5543
f 5545/5545 5547/5547 5546/5546
f 5548/5548 5550/5550 5549/5549
f 5551/5551 5553/5553 5552/5552
f 5554/5554 5556/5556 5555/5555
f 5557/5557 5559/5559 5558/5558
f 5560/5560 5562/5562 5561/5561
f 5563/5563 5565/5565 5564/5564
f 5566/5566 5568/5568 5567/5567
f 5569/5569 5571/5571 5570/5570
f 5572/5572 5574/5574 5573/5573
f 5575/5575 5577/5577 5576/5576
f 5578/5578 5580/5580 5579/5579
f 5581/5581 5583/5583 5582/5582
f 5584/5584 5586/5586 5585/5585
f 5587/5587 5589/5589 5588/5588
f 5590/5590 5592/5592 5591/5591
f 5593/5593 5595/5595 5594/5594
f 5596/5596 5598/5598 5597/5597
f 5599/5599 5601/5601 5600/5600
f 5602/5602 5604/5604 5603/5603
f 5605/5605 5607/5607 5606/5606
f 5608/5608 5610/5610 5609/5609
f 5611/5611 5613/5613 5612/5612
f 5614/5614 5616/5616 5615/5615
f 5617/5617 5619/5619 5618/5618
f 5620/5620 5622/5622 5621/5621
f 5623/5623 5625/5625 5624/5624
f 5626/5626 5628/5628 5627/5627
f 5629/5629 5631/5631 5630/5630
f 5632/5632 5634/5634 5633/5633
f 5635/5635 5637/5637 5636/5636
f 5638/5638 5640/5640 5639/5639
f 5641/5641 5643/5643 5642/5642
f 5644/5644 5646/5646 5645/5645
f 5647/5647 5649/5649 5648/5648
f 5650/5650 5652/5652 5651/5651
f 5653/5653 5655/5655 5654/5654
f 5656/5656 5658/5658 5657/5657
f 5659/5659 5661/5661 5660/5660
f 5662/5662 5664/5664 5663/5663
f 5665/5665 5667/5667 5666/5666
f 5668/5668 5670/5670 5669/5669
f 5671/5671 5673/5673 5672/5672
f 5674/5674 5676/5676 5675/5675
f 5677/5677 5679/5679 5678/5678
f 5680/5680 5682/5682 5681/5681
f 5683/5683 5685/5685 5684/5684
f 5686/5686 5688/5688 5687/5687
f 5689/5689 5691/5691 5690/5690
f 5692/5692 5694/5694 5693/5693
f 5695/5695 5697/5697 5696/5696
f 5698/5698 5700/5700 5699/5699
f 5701/5701 5703/5703 5702/5702
f 5704/5704 5706/5706 5705/5705
f 5707/5707 5709/5709 5708/5708
f 5710/5710 5712/5712 5711/5711
f 5713/5713 5715/5715 5714/5714
f 5716/5716 5718/5718 5717/5717
f 5719/5719 5721/5721 5720/5720
f 5722/5722 5724/5724 5723/5723
f 5725/5725 5727/5727 5726/5726
f 5728/5728 5730/5730 5729/5729
f 5731/5731 5733/5733 5732/5732
f 5734/5734 5736/5736 5735/5735
f 5737/5737 5739/5739 5738/5738
f 5740/5740 5742/5742 5741/5741
f 5743/5743 5745/5745 5744/5744
f 5746/5746 5748/5748 5747/5747
f 5749/5749 5751/5751 5750/5750
f 5752/5752 5754/5754 5753/5753
f 5755/5755 5757/5757 5756/5756
f 5758/5758 5760/5760 5759/5759
f 5761/5761 5763/5763 5762/5762
f 5764/5764 5766/5766 5765/5765
f 5767/5767 5769/5769 5768/5768
f 5770/5770 5772/5772 5771/5771
f 5773/5773 5775/5775 5774/5774
f 5776/5776 5778/5778 5777/5777
f 5779/5779 5781/5781 5780/5780
f 5782/5782 5784/5784 5783/5783
f 5785/5785 5787/5787 5786/5786
f 5788/5788 5790/5790 5789/5789
f 5791/5791 5793/5793 5792/5792
f 5794/5794 5796/5796 5795/5795
f 5797/5797 5799/5799 5798/5798
f 5800/5800 5802/5802 5801/5801
f 5803/5803 5805/5805 5804/5804
f 5806/5806 5808/5808 5807/5807
f 5809/5809 5811/5811 5810/5810
f 5812/5812 5814/5814 5813/5813
f 5815/5815 5817/5817 5816/5816
f 5818/5818 5820/5820 5819/5819
f 5821/5821 5823/5823 5822/5822
f 5824/5824 5826/5826 5825/5825
f 5827/5827 5829/5829 5828/5828
f 5830/5830 5832/5832 5831/5831
f 5833/5833 5835/5835 5834/5834
f 5836/5836 5838/5838 5837/5837
f 5839/5839 5841/5841 5840/5840
f 5842/5842 5844/5844 5843/5843
f 5845/5845 5847/5847 5846/5846
f 5848/5848 5850/5850 5849/5849
f 5851/5851 5853/5853 5852/5852
f 5854/5854 5856/5856 5855/5855
f 5857/5857 5859/5859 5858/5858
f 5860/5860 5862/5862 5861/5861
f 5863/5863 5865/5865 5864/5864
f 5866/5866 5868/5868 5867/5867
f 5869/5869 5871/5871 5870/5870
f 5872/5872 5874/5874 5873/5873
f 5875/5875 5877/5877 5876/5876
f 5878/5878 5880/5880 5879/5879
f 5881/5881 5883/5883 5882/5882
f 5884/5884 5886/5886 5885/5885
f 5887/5887 5889/5889 5888/5888
f 5890/5890 5892/5892 5891/5891
f 5893/5893 5895/5895 5894/5894
f 5896/5896 5898/5898 5897/5897
f 5899/5899 5901/5901 5900/5900
f 5902/5902 5904/5904 5903/5903
f 5905/5905 5907/5907 5906/5906
f 5908/5908 5910/5910 5909/5909
f 5911/5911 5913/5913 5912/5912
f 5914/5914 5916/5916 5915/5915
f 5917/5917 5919/5919 5918/5918
f 5920/5920 5922/5922 5921/5921
f 5923/5923 5925/5925 5924/5924
f 5926/5926 5928/5928 5927/5927
f 5929/5929 5931/5931 5930/5930
f 5932/5932 5934/5934 5933/5933
f 5935/5935 5937/5937 5936/5936
f 5938/5938 5940/5940 5939/5939
f 5941/5941 5943/5943 5942/5942
f 5944/5944 5946/5946 5945/5945
f 5947/5947 5949/5949 5948/5948
f 5950/5950 5952/5952 5951/5951
f 5953/5953 5955/5955 5954/5954
f 5956/5956 5958/5958 5957/5957
f 5959/5959 5961/5961 5960/5960
f 5962/5962 5964/5964 5963/5963
f 5965/5965 5967/5967 5966/5966
f 5968/5968 5970/5970 5969/5969
f 5971/5971 5973/5973 5972/5972
f 5974/5974 5976/5976 5975/5975
f 5977/5977 5979/5979 5978/5978
f 5980/5980 5982/5982 5981/5981
f 5983/5983 5985/5985 5984/5984
f 5986/5986 5988/5988 5987/5987
f 5989/5989 5991/5991 5990/5990
f 5992/5992 5994/5994 5993/5993
f 5995/5995 5997/5997 5996/5996
f 5998/5998 6000/6000 5999/5999
f 6001/6001 6003/6003 6002/6002
f 6004/6004 6006/6006 6005/6005
f 6007/6007 6009/6009 6008/6008
f 6010/6010 6012/6012 6011/6011
f 6013/6013 6015/6015 6014/6014
f 6016/6016 6018/6018 6017/6017
f 6019/6019 6021/6021 6020/6020
f 6022/6022 6024/6024 6023/6023
f 6025/6025 6027/6027 6026/6026
f 6028/6028 6030/6030 6029/6029
f 6031/6031 6033/6033 6032/6032
f 6034/6034 6036/6036 6035/6035
f 6037/6037 6039/6039 6038/6038
f 6040/6040 6042/6042 6041/6041
f 6043/6043 6045/6045 6044/6044
f 6046/6046 6048/6048 6047/6047
f 6049/6049 6051/6051 6050/6050
f 6052/6052 6054/6054 6053/6053
f 6055/6055 6057/6057 6056/6056
f 6058/6058 6060/6060 6059/6059
f 6061/6061 6063/6063 6062/6062
f 6064/6064 6066/6066 6065/6065
f 6067/6067 6069/6069 6068/6068
f 6070/6070 6072/6072 6071/6071
f 6073/6073 6075/6075 6074/6074
f 6076/6076 6078/6078 6077/6077
f 6079/6079 6081/6081 6080/6080
f 6082/6082 6084/6084 6083/6083
f 6085/6085 6087/6087 6086/6086
f 6088/6088 6090/6090 6089/6089
f 6091/6091 6093/6093 6092/6092
f 6094/6094 6096/6096 6095/6095
f 6097/6097 6099/6099 6098/6098
f 6100/6100 6102/6102 6101/6101
f 6103/6103 6105/6105 6104/6104
f 6106/6106 6108/6108 6107/6107
f 6109/6109 6111/6111 6110/6110
f 6112/6112 6114/6114 6113/6113
f 6115/6115 6117/6117 6116/6116
f 6118/6118 6120/6120 6119/6119
f 6121/6121 6123/6123 6122/6122
f 6124/6124 6126/6126 6125/6125
f 6127/6127 6129/6129 6128/6128
f 6130/6130 6132/6132 6131/6131
f 6133/6133 6135/6135 6134/6134
f 6136/6136 6138/6138 6137/6137
f 6139/6139 6141/6141 6140/6140
f 6142/6142 6144/6144 6143/6143
f 6145/6145 6147/6147 6146/6146
f 6148/6148 6150/6150 6149/6149
f 6151/6151 6153/6153 6152/6152
f 6154/6154 6156/6156 6155/6155
f 6157/6157 6159/6159 6158/6158
f 6160/6160 6162/6162 6161/6161
f 6163/6163 6165/6165 6164/6164
f 6166/6166 6168/6168 6167/6167
f 6169/6169 6171/6171 6170/6170
f 6172/6172 6174/6174 6173/6173
f 6175/6175 6177/6177 6176/6176
f 6178/6178 6180/6180 6179/6179
f 6181/6181 6183/6183 6182/6182
f 6184/6184 6186/6186 6185/6185
f 6187/6187 6189/6189 6188/6188
f 6190/6190 6192/6192 6191/6191
f 6193/6193 6195/6195 6194/6194
f 6196/6196 6198/6198 6197/6197
f 6199/6199 6201/6201 6200/6200
f 6202/6202 6204/6204 6203/6203
f 6205/6205 6207/6207 6206/6206
f 6208/6208 6210/6210 6209/6209
f 6211/6211 6213/6213 6212/6212
f 6214/6214 6216/6216 6215/6215
f 6217/6217 6219/6219 6218/6218
f 6220/6220 6222/6222 6221/6221
f 6223/6223 6225/6225 6224/6224
f 6226/6226 6228/6228 6227/6227
f 6229/6229 6231/6231 6230/6230
f 6232/6232 6234/6234 6233/6233
f 6235/6235 6237/6237 6236/6236
f 6238/6238 6240/6240 6239/6239
f 6241/6241 6243/6243 6242/6242
f 6244/6244 6246/6246 6245/6245
f 6247/6247 6249/6249 6248/6248
f 6250/6250 6252/6252 6251/6251
f 6253/6253 6255/6255 6254/6254
f 6256/6256 6258/6258 6257/6257
f 6259/6259 6261/6261 6260/6260
f 6262/6262 6264/6264 6263/6263
f 6265/6265 6267/6267 6266/6266
f 6268/6268 6270/6270 6269/6269
f 6271/6271 6273/6273 6272/6272
f 6274/6274 6276/6276 6275/6275
f 6277/6277 6279/6279 6278/6278
f 6280/6280 6282/6282 6281/6281
f 6283/6283 6285/6285 6284/6284
f 6286/6286 6288/6288 6287/6287
f 6289/6289 6291/6291 6290/6290
f 6292/6292 6294/6294 6293/6293
f 6295/6295 6297/6297 6296/6296
f 6298/6298 6300/6300 6299/6299
f 6301/6301 6303/6303 6302/6302
f 6304/6304 6306/6306 6305/6305
f 6307/6307 6309/6309 6308/6308
f 6310/6310 6312/6312 6311/6311
f 6313/6313 6315/6315 6314/6314
f 6316/6316 6318/6318 6317/6317
f 6319/6319 6321/6321 6320/6320
f 6322/6322 6324/6324 6323/6323
f 6325/6325 6327/6327 6326/6326
f 6328/6328 6330/6330 6329/6329
f 6331/6331 6333/6333 6332/6332
f 6334/6334 6336/6336 6335/6335
f 6337/6337 6339/6339 6338/6338
f 6340/6340 6342/6342 6341/6341
f 6343/6343 6345/6345 6344/6344
f 6346/6346 6348/6348 6347/6347
f 6349/6349 6351/6351 6350/6350
f 6352/6352 6354/6354 6353/6353
f 6355/6355 6357/6357 6356/6356
f 6358/6358 6360/6360 6359/6359
f 6361/6361 6363/6363 6362/6362
f 6364/6364 6366/6366 6365/6365
f 6367/6367 6369/6369 6368/6368
f 6370/6370 6372/6372 6371/6371
f 6373/6373 6375/6375 6374/6374
f 6376/6376 6378/6378 6377/6377
f 6379/6379 6381/6381 6380/6380
f 6382/6382 6384/6384 6383/6383
f 6385/6385 6387/6387 6386/6386
f 6388/6388 6390/6390 6389/6389
f 6391/6391 6393/6393 6392/6392
f 6394/6394 6396/6396 6395/6395
f 6397/6397 6399/6399 6398/6398
f 6400/6400 6402/6402 6401/6401
f 6403/6403 6405/6405 6404/6404
f 6406/6406 6408/6408 6407/6407
f 6409/6409 6411/6411 6410/6410
f 6412/6412 6414/6414 6413/6413
f 6415/6415 6417/6417 6416/6416
f 6418/6418 6420/6420 6419/6419
f 6421/6421 6423/6423 6422/6422
f 6424/6424 6426/6426 6425/6425
f 6427/6427 6429/6429 6428/6428
f 6430/6430 6432/6432 6431/6431
f 6433/6433 6435/6435 6434/6434
f 6436/6436 6438/6438 6437/6437
f 6439/6439 6441/6441 6440/6440
f 6442/6442 6444/6444 6443/6443
f 6445/6445 6447/6447 6446/6446
f 6448/6448 6450/6450 6449/6449
f 6451/6451 6453/6453 6452/6452
f 6454/6454 6456/6456 6455/6455
f 6457/6457 6459/6459 6458/6458
f 6460/6460 6462/6462 6461/6461
f 6463/6463 6465/6465 6464/6464
f 6466/6466 6468/6468 6467/6467
f 6469/6469 6471/6471 6470/6470
f 6472/6472 6474/6474 6473/6473
f 6475/6475 6477/6477 6476/6476
f 6478/6478 6480/6480 6479/6479
f 6481/6481 6483/6483 6482/6482
f 6484/6484 6486/6486 6485/6485
f 6487/6487 6489/6489 6488/6488
f 6490/6490 6492/6492 6491/6491
f 6493/6493 6495/6495 6494/6494
f 6496/6496 6498/6498 6497/6497
f 6499/6499 6501/6501 6500/6500
f 6502/6502 6504/6504 6503/6503
f 6505/6505 6507/6507 6506/6506
f 6508/6508 6510/6510 6509/6509
f 6511/6511 6513/6513 6512/6512
f 6514/6514 6516/6516 6515/6515
f 6517/6517 6519/6519 6518/6518
f 6520/6520 6522/6522 6521/6521
f 6523/6523 6525/6525 6524/6524
f 6526/6526 6528/6528 6527/6527
f 6529/6529 6531/6531 6530/6530
f 6532/6532 6534/6534 6533/6533
f 6535/6535 6537/6537 6536/6536
f 6538/6538 6540/6540 6539/6539
f 6541/6541 6543/6543 6542/6542
f 6544/6544 6546/6546 6545/6545
f 6547/6547 6549/6549 6548/6548
f 6550/6550 6552/6552 6551/6551
f 6553/6553 6555/6555 6554/6554
f 6556/6556 6558/6558 6557/6557
f 6559/6559 6561/6561 6560/6560
f 6562/6562 6564/6564 6563/6563
f 6565/6565 6567/6567 6566/6566
f 6568/6568 6570/6570 6569/6569
f 6571/6571 6573/6573 6572/6572
f 6574/6574 6576/6576 6575/6575
f 6577/6577 6579/6579 6578/6578
f 6580/6580 6582/6582 6581/6581
f 6583/6583 6585/6585 6584/6584
f 6586/6586 6588/6588 6587/6587
f 6589/6589 6591/6591 6590/6590
f 6592/6592 6594/6594 6593/6593
f 6595/6595 6597/6597 6596/6596
f 6598/6598 6600/6600 6599/6599
f 6601/6601 6603/6603 6602/6602
f 6604/6604 6606/6606 6605/6605
f 6607/6607 6609/6609 6608/6608
f 6610/6610 6612/6612 6611/6611
f 6613/6613 6615/6615 6614/6614
f 6616/6616 6618/6618 6617/6617
f 6619/6619 6621/6621 6620/6620
f 6622/6622 6624/6624 6623/6623
f 6625/6625 6627/6627 6626/6626
f 6628/6628 6630/6630 6629/6629
f 6631/6631 6633/6633 6632/6632
f 6634/6634 6636/6636 6635/6635
f 6637/6637 6639/6639 6638/6638
f 6640/6640 6642/6642 6641/6641
f 6643/6643 6645/6645 6644/6644
f 6646/6646 6648/6648 6647/6647
f 6649/6649 6651/6651 6650/6650
f 6652/6652 6654/6654 6653/6653
f 6655/6655 6657/6657 6656/6656
f 6658/6658 6660/6660 6659/6659
f 6661/6661 6663/6663 6662/6662
f 6664/6664 6666/6666 6665/6665
f 6667/6667 6669/6669 6668/6668
f 6670/6670 6672/6672 6671/6671
f 6673/6673 6675/6675 6674/6674
f 6676/6676 6678/6678 6677/6677
f 6679/6679 6681/6681 6680/6680
f 6682/6682 6684/6684 6683/6683
f 6685/6685 6687/6687 6686/6686
f 6688/6688 6690/6690 6689/6689
f 6691/6691 6693/6693 6692/6692
f 6694/6694 6696/6696 6695/6695
f 6697/6697 6699/6699 6698/6698
f 6700/6700 6702/6702 6701/6701
f 6703/6703 6705/6705 6704/6704
f 6706/6706 6708/6708 6707/6707
f 6709/6709 6711/6711 6710/6710
f 6712/6712 6714/6714 6713/6713
f 6715/6715 6717/6717 6716/6716
f 6718/6718 6720/6720 6719/6719
f 6721/6721 6723/6723 6722/6722
f 6724/6724 6726/6726 6725/6725
f 6727/6727 6729/6729 6728/6728
f 6730/6730 6732/6732 6731/6731
f 6733/6733 6735/6735 6734/6734
f 6736/6736 6738/6738 6737/6737
f 6739/6739 6741/6741 6740/6740
f 6742/6742 6744/6744 6743/6743
f 6745/6745 6747/6747 6746/6746
f 6748/6748 6750/6750 6749/6749
f 6751/6751 6753/6753 6752/6752
f 6754/6754 6756/6756 6755/6755
f 6757/6757 6759/6759 6758/6758
f 6760/6760 6762/6762 6761/6761
f 6763/6763 6765/6765 6764/6764
f 6766/6766 6768/6768 6767/6767
f 6769/6769 6771/6771 6770/6770
f 6772/6772 6774/6774 6773/6773
f 6775/6775 6777/6777 6776/6776
f 6778/6778 6780/6780 6779/6779
f 6781/6781 6783/6783 6782/6782
f 6784/6784 6786/6786 6785/6785
f 6787/6787 6789/6789 6788/6788
f 6790/6790 6792/6792 6791/6791
f 6793/6793 6795/6795 6794/6794
f 6796/6796 6798/6798 6797/6797
f 6799/6799 6801/6801 6800/6800
f 6802/6802 6804/6804 6803/6803
f 6805/6805 6807/6807 6806/6806
f 6808/6808 6810/6810 6809/6809
f 6811/6811 6813/6813 6812/6812
f 6814/6814 6816/6816 6815/6815
f 6817/6817 6819/6819 6818/6818
f 6820/6820 6822/6822 6821/6821
f 6823/6823 6825/6825 6824/6824
f 6826/6826 6828/6828 6827/6827
f 6829/6829 6831/6831 6830/6830
f 6832/6832 6834/6834 6833/6833
f 6835/6835 6837/6837 6836/6836
f 6838/6838 6840/6840 6839/6839
f 6841/6841 6843/6843 6842/6842
f 6844/6844 6846/6846 6845/6845
f 6847/6847 6849/6849 6848/6848
f 6850/6850 6852/6852 6851/6851
f 6853/6853 6855/6855 6854/6854
f 6856/6856 6858/6858 6857/6857
f 6859/6859 6861/6861 6860/6860
f 6862/6862 6864/6864 6863/6863
f 6865/6865 6867/6867 6866/6866
f 6868/6868 6870/6870 6869/6869
f 6871/6871 6873/6873 6872/6872
f 6874/6874 6876/6876 6875/6875
f 6877/6877 6879/6879 6878/6878
f 6880/6880 6882/6882 6881/6881
f 6883/6883 6885/6885 6884/6884
f 6886/6886 6888/6888 6887/6887
f 6889/6889 6891/6891 6890/6890
f 6892/6892 6894/6894 6893/6893
f 6895/6895 6897/6897 6896/6896
f 6898/6898 6900/6900 6899/6899
f 6901/6901 6903/6903 6902/6902
f 6904/6904 6906/6906 6905/6905
f 6907/6907 6909/6909 6908/6908
f 6910/6910 6912/6912 6911/6911
f 6913/6913 6915/6915 6914/6914
f 6916/6916 6918/6918 6917/6917
f 6919/6919 6921/6921 6920/6920
f 6922/6922 6924/6924 6923/6923
f 6925/6925 6927/6927 6926/6926
f 6928/6928 6930/6930 6929/6929
f 6931/6931 6933/6933 6932/6932
f 6934/6934 6936/6936 6935/6935
f 6937/6937 6939/6939 6938/6938
f 6940/6940 6942/6942 6941/6941
f 6943/6943 6945/6945 6944/6944
f 6946/6946 6948/6948 6947/6947
f 6949/6949 6951/6951 6950/6950
f 6952/6952 6954/6954 6953/6953
f 6955/6955 6957/6957 6956/6956
f 6958/6958 6960/6960 6959/6959
f 6961/6961 6963/6963 6962/6962
f 6964/6964 6966/6966 6965/6965
f 6967/6967 6969/6969 6968/6968
f 6970/6970 6972/6972 6971/6971
f 6973/6973 6975/6975 6974/6974
f 6976/6976 6978/6978 6977/6977
f 6979/6979 6981/6981 6980/6980
f 6982/6982 6984/6984 6983/6983
f 6985/6985 6987/6987 6986/6986
f 6988/6988 6990/6990 6989/6989
f 6991/6991 6993/6993 6992/6992
f 6994/6994 6996/6996 6995/6995
f 6997/6997 6999/6999 6998/6998
f 7000/7000 7002/7002 7001/7001
f 7003/7003 7005/7005 7004/7004
f 7006/7006 7008/7008 7007/7007
f 7009/7009 7011/7011 7010/7010
f 7012/7012 7014/7014 7013/7013
f 7015/7015 7017/7017 7016/7016
f 7018/7018 7020/7020 7019/7019
f 7021/7021 7023/7023 7022/7022
f 7024/7024 7026/7026 7025/7025
f 7027/7027 7029/7029 7028/7028
f 7030/7030 7032/7032 7031/7031
f 7033/7033 7035/7035 7034/7034
f 7036/7036 7038/7038 7037/7037
f 7039/7039 7041/7041 7040/7040
f 7042/7042 7044/7044 7043/7043
f 7045/7045 7047/7047 7046/7046
f 7048/7048 7050/7050 7049/7049
f 7051/7051 7053/7053 7052/7052
f 7054/7054 7056/7056 7055/7055
f 7057/7057 7059/7059 7058/7058
f 7060/7060 7062/7062 7061/7061
f 7063/7063 7065/7065 7064/7064
f 7066/7066 7068/7068 7067/7067
f 7069/7069 7071/7071 7070/7070
f 7072/7072 7074/7074 7073/7073
f 7075/7075 7077/7077 7076/7076
f 7078/7078 7080/7080 7079/7079
f 7081/7081 7083/7083 7082/7082
f 7084/7084 7086/7086 7085/7085
f 7087/7087 7089/7089 7088/7088
f 7090/7090 7092/7092 7091/7091
f 7093/7093 7095/7095 7094/7094
f 7096/7096 7098/7098 7097/7097
f 7099/7099 7101/7101 7100/7100
f 7102/7102 7104/7104 7103/7103
f 7105/7105 7107/7107 7106/7106
f 7108/7108 7110/7110 7109/7109
f 7111/7111 7113/7113 7112/7112
f 7114/7114 7116/7116 7115/7115
f 7117/7117 7119/7119 7118/7118
f 7120/7120 7122/7122 7121/7121
f 7123/7123 7125/7125 7124/7124
f 7126/7126 7128/7128 7127/7127
f 7129/7129 7131/7131 7130/7130
f 7132/7132 7134/7134 7133/7133
f 7135/7135 7137/7137 7136/7136
f 7138/7138 7140/7140 7139/7139
f 7141/7141 7143/7143 7142/7142
f 7144/7144 7146/7146 7145/7145
f 7147/7147 7149/7149 7148/7148
f 7150/7150 7152/7152 7151/7151
f 7153/7153 7155/7155 7154/7154
f 7156/7156 7158/7158 7157/7157
f 7159/7159 7161/7161 7160/7160
f 7162/7162 7164/7164 7163/7163
f 7165/7165 7167/7167 7166/7166
f 7168/7168 7170/7170 7169/7169
f 7171/7171 7173/7173 7172/7172
f 7174/7174 7176/7176 7175/7175
f 7177/7177 7179/7179 7178/7178
f 7180/7180 7182/7182 7181/7181
f 7183/7183 7185/7185 7184/7184
f 7186/7186 7188/7188 7187/7187
f 7189/7189 7191/7191 7190/7190
f 7192/7192 7194/7194 7193/7193
f 7195/7195 7197/7197 7196/7196
f 7198/7198 7200/7200 7199/7199
f 7201/7201 7203/7203 7202/7202
f 7204/7204 7206/7206 7205/7205
f 7207/7207 7209/7209 7208/7208
f 7210/7210 7212/7212 7211/7211
f 7213/7213 7215/7215 7214/7214
f 7216/7216 7218/7218 7217/7217
f 7219/7219 7221/7221 7220/7220
f 7222/7222 7224/7224 7223/7223
f 7225/7225 7227/7227 7226/7226
f 7228/7228 7230/7230 7229/7229
f 7231/7231 7233/7233 7232/7232
f 7234/7234 7236/7236 7235/7235
f 7237/7237 7239/7239 7238/7238
f 7240/7240 7242/7242 7241/7241
f 7243/7243 7245/7245 7244/7244
f 7246/7246 7248/7248 7247/7247
f 7249/7249 7251/7251 7250/7250
f 7252/7252 7254/7254 7253/7253
f 7255/7255 7257/7257 7256/7256
f 7258/7258 7260/7260 7259/7259
f 7261/7261 7263/7263 7262/7262
f 7264/7264 7266/7266 7265/7265
f 7267/7267 7269/7269 7268/7268
f 7270/7270 7272/7272 7271/7271
f 7273/7273 7275/7275 7274/7274
f 7276/7276 7278/7278 7277/7277
f 7279/7279 7281/7281 7280/7280
f 7282/7282 7284/7284 7283/7283
f 7285/7285 7287/7287 7286/7286
f 7288/7288 7290/7290 7289/7289
f 7291/7291 7293/7293 7292/7292
f 7294/7294 7296/7296 7295/7295
f 7297/7297 7299/7299 7298/7298
f 7300/7300 7302/7302 7301/7301
f 7303/7303 7305/7305 7304/7304
f 7306/7306 7308/7308 7307/7307
f 7309/7309 7311/7311 7310/7310
f 7312/7312 7314/7314 7313/7313
f 7315/7315 7317/7317 7316/7316
f 7318/7318 7320/7320 7319/7319
f 7321/7321 7323/7323 7322/7322
f 7324/7324 7326/7326 7325/7325
f 7327/7327 7329/7329 7328/7328
f 7330/7330 7332/7332 7331/7331
f 7333/7333 7335/7335 7334/7334
f 7336/7336 7338/7338 7337/7337
f 7339/7339 7341/7341 7340/7340
f 7342/7342 7344/7344 7343/7343
f 7345/7345 7347/7347 7346/7346
f 7348/7348 7350/7350 7349/7349
f 7351/7351 7353/7353 7352/7352
f 7354/7354 7356/7356 7355/7355
f 7357/7357 7359/7359 7358/7358
f 7360/7360 7362/7362 7361/7361
f 7363/7363 7365/7365 7364/7364
f 7366/7366 7368/7368 7367/7367
f 7369/7369 7371/7371 7370/7370
f 7372/7372 7374/7374 7373/7373
f 7375/7375 7377/7377 7376/7376
f 7378/7378 7380/7380 7379/7379
f 7381/7381 7383/7383 7382/7382
f 7384/7384 7386/7386 7385/7385
f 7387/7387 7389/7389 7388/7388
f 7390/7390 7392/7392 7391/7391
f 7393/7393 7395/7395 7394/7394
f 7396/7396 7398/7398 7397/7397
f 7399/7399 7401/7401 7400/7400
f 7402/7402 7404/7404 7403/7403
f 7405/7405 7407/7407 7406/7406
f 7408/7408 7410/7410 7409/7409
f 7411/7411 7413/7413 7412/7412
f 7414/7414 7416/7416 7415/7415
f 7417/7417 7419/7419 7418/7418
f 7420/7420 7422/7422 7421/7421
f 7423/7423 7425/7425 7424/7424
f 7426/7426 7428/7428 7427/7427
f 7429/7429 7431/7431 7430/7430
f 7432/7432 7434/7434 7433/7433
f 7435/7435 7437/7437 7436/7436
f 7438/7438 7440/7440 7439/7439
f 7441/7441 7443/7443 7442/7442
f 7444/7444 7446/7446 7445/7445
f 7447/7447 7449/7449 7448/7448
f 7450/7450 7452/7452 7451/7451
f 7453/7453 7455/7455 7454/7454
f 7456/7456 7458/7458 7457/7457
f 7459/7459 7461/7461 7460/7460
f 7462/7462 7464/7464 7463/7463
f 7465/7465 7467/7467 7466/7466
f 7468/7468 7470/7470 7469/7469
f 7471/7471 7473/7473 7472/7472
f 7474/7474 7476/7476 7475/7475
f 7477/7477 7479/7479 7478/7478
f 7480/7480 7482/7482 7481/7481
f 7483/7483 7485/7485 7484/7484
f 7486/7486 7488/7488 7487/7487
f 7489/7489 7491/7491 7490/7490
f 7492/7492 7494/7494 7493/7493
f 7495/7495 7497/7497 7496/7496
f 7498/7498 7500/7500 7499/7499
f 7501/7501 7503/7503 7502/7502
f 7504/7504 7506/7506 7505/7505
f 7507/7507 7509/7509 7508/7508
f 7510/7510 7512/7512 7511/7511
f 7513/7513 7515/7515 7514/7514
f 7516/7516 7518/7518 7517/7517
f 7519/7519 7521/7521 7520/7520
f 7522/7522 7524/7524 7523/7523
f 7525/7525 7527/7527 7526/7526
f 7528/7528 7530/7530 7529/7529
f 7531/7531 7533/7533 7532/7532
f 7534/7534 7536/7536 7535/7535
f 7537/7537 7539/7539 7538/7538
f 7540/7540 7542/7542 7541/7541
f 7543/7543 7545/7545 7544/7544
f 7546/7546 7548/7548 7547/7547
f 7549/7549 7551/7551 7550/7550
f 7552/7552 7554/7554 7553/7553
f 7555/7555 7557/7557 7556/7556
f 7558/7558 7560/7560 7559/7559
f 7561/7561 7563/7563 7562/7562
f 7564/7564 7566/7566 7565/7565
f 7567/7567 7569/7569 7568/7568
f 7570/7570 7572/7572 7571/7571
f 7573/7573 7575/7575 7574/7574
f 7576/7576 7578/7578 7577/7577
f 7579/7579 7581/7581 7580/7580
f 7582/7582 7584/7584 7583/7583
f 7585/7585 7587/7587 7586/7586
f 7588/7588 7590/7590 7589/7589
f 7591/7591 7593/7593 7592/7592
f 7594/7594 7596/7596 7595/7595
f 7597/7597 7599/7599 7598/7598
f 7600/7600 7602/7602 7601/7601
f 7603/7603 7605/7605 7604/7604
f 7606/7606 7608/7608 7607/7607
f 7609/7609 7611/7611 7610/7610
f 7612/7612 7614/7614 7613/7613
f 7615/7615 7617/7617 7616/7616
f 7618/7618 7620/7620 7619/7619
f 7621/7621 7623/7623 7622/7622
f 7624/7624 7626/7626 7625/7625
f 7627/7627 7629/7629 7628/7628
f 7630/7630 7632/7632 7631/7631
f 7633/7633 7635/7635 7634/7634
f 7636/7636 7638/7638 7637/7637
f 7639/7639 7641/7641 7640/7640
f 7642/7642 7644/7644 7643/7643
f 7645/7645 7647/7647 7646/7646
f 7648/7648 7650/7650 7649/7649
f 7651/7651 7653/7653 7652/7652
f 7654/7654 7656/7656 7655/7655
f 7657/7657 7659/7659 7658/7658
f 7660/7660 7662/7662 7661/7661
f 7663/7663 7665/7665 7664/7664
f 7666/7666 7668/7668 7667/7667
f 7669/7669 7671/7671 7670/7670
f 7672/7672 7674/7674 7673/7673
f 7675/7675 7677/7677 7676/7676
f 7678/7678 7680/7680 7679/7679
f 7681/7681 7683/7683 7682/7682
f 7684/7684 7686/7686 7685/7685
f 7687/7687 7689/7689 7688/7688
f 7690/7690 7692/7692 7691/7691
f 7693/7693 7695/7695 7694/7694
f 7696/7696 7698/7698 7697/7697
f 7699/7699 7701/7701 7700/7700
f 7702/7702 7704/7704 7703/7703
f 7705/7705 7707/7707 7706/7706
f 7708/7708 7710/7710 7709/7709
f 7711/7711 7713/7713 7712/7712
f 7714/7714 7716/7716 7715/7715
f 7717/7717 7719/7719 7718/7718
f 7720/7720 7722/7722 7721/7721
f 7723/7723 7725/7725 7724/7724
f 7726/7726 7728/7728 7727/7727
f 7729/7729 7731/7731 7730/7730
f 7732/7732 7734/7734 7733/7733
f 7735/7735 7737/7737 7736/7736
f 7738/7738 7740/7740 7739/7739
f 7741/7741 7743/7743 7742/7742
f 7744/7744 7746/7746 7745/7745
f 7747/7747 7749/7749 7748/7748
f 7750/7750 7752/7752 7751/7751
f 7753/7753 7755/7755 7754/7754
f 7756/7756 7758/7758 7757/7757
f 7759/7759 7761/7761 7760/7760
f 7762/7762 7764/7764 7763/7763
f 7765/7765 7767/7767 7766/7766
f 7768/7768 7770/7770 7769/7769
f 7771/7771 7773/7773 7772/7772
f 7774/7774 7776/7776 7775/7775
f 7777/7777 7779/7779 7778/7778
f 7780/7780 7782/7782 7781/7781
f 7783/7783 7785/7785 7784/7784
f 7786/7786 7788/7788 7787/7787
f 7789/7789 7791/7791 7790/7790
f 7792/7792 7794/7794 7793/7793
f 7795/7795 7797/7797 7796/7796
f 7798/7798 7800/7800 7799/7799
f 7801/7801 7803/7803 7802/7802
f 7804/7804 7806/7806 7805/7805
f 7807/7807 7809/7809 7808/7808
f 7810/7810 7812/7812 7811/7811
f 7813/7813 7815/7815 7814/7814
f 7816/7816 7818/7818 7817/7817
f 7819/7819 7821/7821 7820/7820
f 7822/7822 7824/7824 7823/7823
f 7825/7825 7827/7827 7826/7826
f 7828/7828 7830/7830 7829/7829
f 7831/7831 7833/7833 7832/7832
f 7834/7834 7836/7836 7835/7835
f 7837/7837 7839/7839 7838/7838
f 7840/7840 7842/7842 7841/7841
f 7843/7843 7845/7845 7844/7844
f 7846/7846 7848/7848 7847/7847
f 7849/7849 7851/7851 7850/7850
f 7852/7852 7854/7854 7853/7853
f 7855/7855 7857/7857 7856/7856
f 7858/7858 7860/7860 7859/7859
f 7861/7861 7863/7863 7862/7862
f 7864/7864 7866/7866 7865/7865
f 7867/7867 7869/7869 7868/7868
f 7870/7870 7872/7872 7871/7871
f 7873/7873 7875/7875 7874/7874
f 7876/7876 7878/7878 7877/7877
f 7879/7879 7881/7881 7880/7880
f 7882/7882 7884/7884 7883/7883
f 7885/7885 7887/7887 7886/7886
f 7888/7888 7890/7890 7889/7889
f 7891/7891 7893/7893 7892/7892
f 7894/7894 7896/7896 7895/7895
f 7897/7897 7899/7899 7898/7898
f 7900/7900 7902/7902 7901/7901
f 7903/7903 7905/7905 7904/7904
f 7906/7906 7908/7908 7907/7907
f 7909/7909 7911/7911 7910/7910
f 7912/7912 7914/7914 7913/7913
f 7915/7915 7917/7917 7916/7916
f 7918/7918 7920/7920 7919/7919
f 7921/7921 7923/7923 7922/7922
f 7924/7924 7926/7926 7925/7925
f 7927/7927 7929/7929 7928/7928
f 7930/7930 7932/7932 7931/7931
f 7933/7933 7935/7935 7934/7934
f 7936/7936 7938/7938 7937/7937
f 7939/7939 7941/7941 7940/7940
f 7942/7942 7944/7944 7943/7943
f 7945/7945 7947/7947 7946/7946
f 7948/7948 7950/7950 7949/7949
f 7951/7951 7953/7953 7952/7952
f 7954/7954 7956/7956 7955/7955
f 7957/7957 7959/7959 7958/7958
f 7960/7960 7962/7962 7961/7961
f 7963/7963 7965/7965 7964/7964
f 7966/7966 7968/7968 7967/7967
f 7969/7969 7971/7971 7970/7970
f 7972/7972 7974/7974 7973/7973
f 7975/7975 7977/7977 7976/7976
f 7978/7978 7980/7980 7979/7979
f 7981/7981 7983/7983 7982/7982
f 7984/7984 7986/7986 7985/7985
f 7987/7987 7989/7989 7988/7988
f 7990/7990 7992/7992 7991/7991
f 7993/7993 7995/7995 7994/7994
f 7996/7996 7998/7998 7997/7997
f 7999/7999 8001/8001 8000/8000
f 8002/8002 8004/8004 8003/8003
f 8005/8005 8007/8007 8006/8006
f 8008/8008 8010/8010 8009/8009
f 8011/8011 8013/8013 8012/8012
f 8014/8014 8016/8016 8015/8015
f 8017/8017 8019/8019 8018/8018
f 8020/8020 8022/8022 8021/8021
f 8023/8023 8025/8025 8024/8024
f 8026/8026 8028/8028 8027/8027
f 8029/8029 8031/8031 8030/8030
f 8032/8032 8034/8034 8033/8033
f 8035/8035 8037/8037 8036/8036
f 8038/8038 8040/8040 8039/8039
f 8041/8041 8043/8043 8042/8042
f 8044/8044 8046/8046 8045/8045
f 8047/8047 8049/8049 8048/8048
f 8050/8050 8052/8052 8051/8051
f 8053/8053 8055/8055 8054/8054
f 8056/8056 8058/8058 8057/8057
f 8059/8059 8061/8061 8060/8060
f 8062/8062 8064/8064 8063/8063
f 8065/8065 8067/8067 8066/8066
f 8068/8068 8070/8070 8069/8069
f 8071/8071 8073/8073 8072/8072
f 8074/8074 8076/8076 8075/8075
f 8077/8077 8079/8079 8078/8078
f 8080/8080 8082/8082 8081/8081
f 8083/8083 8085/8085 8084/8084
f 8086/8086 8088/8088 8087/8087
f 8089/8089 8091/8091 8090/8090
f 8092/8092 8094/8094 8093/8093
f 8095/8095 8097/8097 8096/8096
f 8098/8098 8100/8100 8099/8099
f 8101/8101 8103/8103 8102/8102
f 8104/8104 8106/8106 8105/8105
f 8107/8107 8109/8109 8108/8108
f 8110/8110 8112/8112 8111/8111
f 8113/8113 8115/8115 8114/8114
f 8116/8116 8118/8118 8117/8117
f 8119/8119 8121/8121 8120/8120
f 8122/8122 8124/8124 8123/8123
f 8125/8125 8127/8127 8126/8126
f 8128/8128 8130/8130 8129/8129
f 8131/8131 8133/8133 8132/8132
f 8134/8134 8136/8136 8135/8135
f 8137/8137 8139/8139 8138/8138
f 8140/8140 8142/8142 8141/8141
f 8143/8143 8145/8145 8144/8144
f 8146/8146 8148/8148 8147/8147
f 8149/8149 8151/8151 8150/8150
f 8152/8152 8154/8154 8153/8153
f 8155/8155 8157/8157 8156/8156
f 8158/8158 8160/8160 8159/8159
f 8161/8161 8163/8163 8162/8162
f 8164/8164 8166/8166 8165/8165
f 8167/8167 8169/8169 8168/8168
f 8170/8170 8172/8172 8171/8171
f 8173/8173 8175/8175 8174/8174
f 8176/8176 8178/8178 8177/8177
f 8179/8179 8181/8181 8180/8180
f 8182/8182 8184/8184 8183/8183
f 8185/8185 8187/8187 8186/8186
f 8188/8188 8190/8190 8189/8189
f 8191/8191 8193/8193 8192/8192
f 8194/8194 8196/8196 8195/8195
f 8197/8197 8199/8199 8198/8198
f 8200/8200 8202/8202 8201/8201
f 8203/8203 8205/8205 8204/8204
f 8206/8206 8208/8208 8207/8207
f 8209/8209 8211/8211 8210/8210
f 8212/8212 8214/8214 8213/8213
f 8215/8215 8217/8217 8216/8216
f 8218/8218 8220/8220 8219/8219
f 8221/8221 8223/8223 8222/8222
f 8224/8224 8226/8226 8225/8225
f 8227/8227 8229/8229 8228/8228
f 8230/8230 8232/8232 8231/8231
f 8233/8233 8235/8235 8234/8234
f 8236/8236 8238/8238 8237/8237
f 8239/8239 8241/8241 8240/8240
f 8242/8242 8244/8244 8243/8243
f 8245/8245 8247/8247 8246/8246
f 8248/8248 8250/8250 8249/8249
f 8251/8251 8253/8253 8252/8252
f 8254/8254 8256/8256 8255/8255
f 8257/8257 8259/8259 8258/8258
f 8260/8260 8262/8262 8261/8261
f 8263/8263 8265/8265 8264/8264
f 8266/8266 8268/8268 8267/8267
f 8269/8269 8271/8271 8270/8270
f 8272/8272 8274/8274 8273/8273
f 8275/8275 8277/8277 8276/8276
f 8278/8278 8280/8280 8279/8279
f 8281/8281 8283/8283 8282/8282
f 8284/8284 8286/8286 8285/8285
f 8287/8287 8289/8289 8288/8288
f 8290/8290 8292/8292 8291/8291
f 8293/8293 8295/8295 8294/8294
f 8296/8296 8298/8298 8297/8297
f 8299/8299 8301/8301 8300/8300
f 8302/8302 8304/8304 8303/8303
f 8305/8305 8307/8307 8306/8306
f 8308/8308 8310/8310 8309/8309
f 8311/8311 8313/8313 8312/8312
f 8314/8314 8316/8316 8315/8315
f 8317/8317 8319/8319 8318/8318
f 8320/8320 8322/8322 8321/8321
f 8323/8323 8325/8325 8324/8324
f 8326/8326 8328/8328 8327/8327
f 8329/8329 8331/8331 8330/8330
f 8332/8332 8334/8334 8333/8333
f 8335/8335 8337/8337 8336/8336
f 8338/8338 8340/8340 8339/8339
f 8341/8341 8343/8343 8342/8342
f 8344/8344 8346/8346 8345/8345
f 8347/8347 8349/8349 8348/8348
f 8350/8350 8352/8352 8351/8351
f 8353/8353 8355/8355 8354/8354
f 8356/8356 8358/8358 8357/8357
f 8359/8359 8361/8361 8360/8360
f 8362/8362 8364/8364 8363/8363
f 8365/8365 8367/8367 8366/8366
f 8368/8368 8370/8370 8369/8369
f 8371/8371 8373/8373 8372/8372
f 8374/8374 8376/8376 8375/8375
f 8377/8377 8379/8379 8378/8378
f 8380/8380 8382/8382 8381/8381
f 8383/8383 8385/8385 8384/8384
f 8386/8386 8388/8388 8387/8387
f 8389/8389 8391/8391 8390/8390
f 8392/8392 8394/8394 8393/8393
f 8395/8395 8397/8397 8396/8396
f 8398/8398 8400/8400 8399/8399
f 8401/8401 8403/8403 8402/8402
f 8404/8404 8406/8406 8405/8405
f 8407/8407 8409/8409 8408/8408
f 8410/8410 8412/8412 8411/8411
f 8413/8413 8415/8415 8414/8414
f 8416/8416 8418/8418 8417/8417
f 8419/8419 8421/8421 8420/8420
f 8422/8422 8424/8424 8423/8423
f 8425/8425 8427/8427 8426/8426
f 8428/8428 8430/8430 8429/8429
f 8431/8431 8433/8433 8432/8432
f 8434/8434 8436/8436 8435/8435
f 8437/8437 8439/8439 8438/8438
f 8440/8440 8442/8442 8441/8441
f 8443/8443 8445/8445 8444/8444
f 8446/8446 8448/8448 8447/8447
f 8449/8449 8451/8451 8450/8450
f 8452/8452 8454/8454 8453/8453
f 8455/8455 8457/8457 8456/8456
f 8458/8458 8460/8460 8459/8459
f 8461/8461 8463/8463 8462/8462
f 8464/8464 8466/8466 8465/8465
f 8467/8467 8469/8469 8468/8468
f 8470/8470 8472/8472 8471/8471
f 8473/8473 8475/8475 8474/8474
f 8476/8476 8478/8478 8477/8477
f 8479/8479 8481/8481 8480/8480
f 8482/8482 8484/8484 8483/8483
f 8485/8485 8487/8487 8486/8486
f 8488/8488 8490/8490 8489/8489
f 8491/8491 8493/8493 8492/8492
f 8494/8494 8496/8496 8495/8495
f 8497/8497 8499/8499 8498/8498
f 8500/8500 8502/8502 8501/8501
f 8503/8503 8505/8505 8504/8504
f 8506/8506 8508/8508 8507/8507
f 8509/8509 8511/8511 8510/8510
f 8512/8512 8514/8514 8513/8513
f 8515/8515 8517/8517 8516/8516
f 8518/8518 8520/8520 8519/8519
f 8521/8521 8523/8523 8522/8522
f 8524/8524 8526/8526 8525/8525
f 8527/8527 8529/8529 8528/8528
f 8530/8530 8532/8532 8531/8531
f 8533/8533 8535/8535 8534/8534
f 8536/8536 8538/8538 8537/8537
f 8539/8539 8541/8541 8540/8540
f 8542/8542 8544/8544 8543/8543
f 8545/8545 8547/8547 8546/8546
f 8548/8548 8550/8550 8549/8549
f 8551/8551 8553/8553 8552/8552
f 8554/8554 8556/8556 8555/8555
f 8557/8557 8559/8559 8558/8558
f 8560/8560 8562/8562 8561/8561
f 8563/8563 8565/8565 8564/8564
f 8566/8566 8568/8568 8567/8567
f 8569/8569 8571/8571 8570/8570
f 8572/8572 8574/8574 8573/8573
f 8575/8575 8577/8577 8576/8576
f 8578/8578 8580/8580 8579/8579
f 8581/8581 8583/8583 8582/8582
f 8584/8584 8586/8586 8585/8585
f 8587/8587 8589/8589 8588/8588
f 8590/8590 8592/8592 8591/8591
f 8593/8593 8595/8595 8594/8594
f 8596/8596 8598/8598 8597/8597
f 8599/8599 8601/8601 8600/8600
f 8602/8602 8604/8604 8603/8603
f 8605/8605 8607/8607 8606/8606
f 8608/8608 8610/8610 8609/8609
f 8611/8611 8613/8613 8612/8612
f 8614/8614 8616/8616 8615/8615
f 8617/8617 8619/8619 8618/8618
f 8620/8620 8622/8622 8621/8621
f 8623/8623 8625/8625 8624/8624
f 8626/8626 8628/8628 8627/8627
f 8629/8629 8631/8631 8630/8630
f 8632/8632 8634/8634 8633/8633
f 8635/8635 8637/8637 8636/8636
f 8638/8638 8640/8640 8639/8639
f 8641/8641 8643/8643 8642/8642
f 8644/8644 8646/8646 8645/8645
f 8647/8647 8649/8649 8648/8648
f 8650/8650 8652/8652 8651/8651
f 8653/8653 8655/8655 8654/8654
f 8656/8656 8658/8658 8657/8657
f 8659/8659 8661/8661 8660/8660
f 8662/8662 8664/8664 8663/8663
f 8665/8665 8667/8667 8666/8666
f 8668/8668 8670/8670 8669/8669
f 8671/8671 8673/8673 8672/8672
f 8674/8674 8676/8676 8675/8675
f 8677/8677 8679/8679 8678/8678
f 8680/8680 8682/8682 8681/8681
f 8683/8683 8685/8685 8684/8684
f 8686/8686 8688/8688 8687/8687
f 8689/8689 8691/8691 8690/8690
f 8692/8692 8694/8694 8693/8693
f 8695/8695 8697/8697 8696/8696
f 8698/8698 8700/8700 8699/8699
f 8701/8701 8703/8703 8702/8702
f 8704/8704 8706/8706 8705/8705
f 8707/8707 8709/8709 8708/8708
f 8710/8710 8712/8712 8711/8711
f 8713/8713 8715/8715 8714/8714
f 8716/8716 8718/8718 8717/8717
f 8719/8719 8721/8721 8720/8720
f 8722/8722 8724/8724 8723/8723
f 8725/8725 8727/8727 8726/8726
f 8728/8728 8730/8730 8729/8729
f 8731/8731 8733/8733 8732/8732
f 8734/8734 8736/8736 8735/8735
f 8737/8737 8739/8739 8738/8738
f 8740/8740 8742/8742 8741/8741
f 8743/8743 8745/8745 8744/8744
f 8746/8746 8748/8748 8747/8747
f 8749/8749 8751/8751 8750/8750
f 8752/8752 8754/8754 8753/8753
f 8755/8755 8757/8757 8756/8756
f 8758/8758 8760/8760 8759/8759
f 8761/8761 8763/8763 8762/8762
f 8764/8764 8766/8766 8765/8765
f 8767/8767 8769/8769 8768/8768
f 8770/8770 8772/8772 8771/8771
f 8773/8773 8775/8775 8774/8774
f 8776/8776 8778/8778 8777/8777
f 8779/8779 8781/8781 8780/8780
f 8782/8782 8784/8784 8783/8783
f 8785/8785 8787/8787 8786/8786
f 8788/8788 8790/8790 8789/8789
f 8791/8791 8793/8793 8792/8792
f 8794/8794 8796/8796 8795/8795
f 8797/8797 8799/8799 8798/8798
f 8800/8800 8802/8802 8801/8801
f 8803/8803 8805/8805 8804/8804
f 8806/8806 8808/8808 8807/8807
f 8809/8809 8811/8811 8810/8810
f 8812/8812 8814/8814 8813/8813
f 8815/8815 8817/8817 8816/8816
f 8818/8818 8820/8820 8819/8819
f 8821/8821 8823/8823 8822/8822
f 8824/8824 8826/8826 8825/8825
f 8827/8827 8829/8829 8828/8828
f 8830/8830 8832/8832 8831/8831
f 8833/8833 8835/8835 8834/8834
f 8836/8836 8838/8838 8837/8837
f 8839/8839 8841/8841 8840/8840
f 8842/8842 8844/8844 8843/8843
f 8845/8845 8847/8847 8846/8846
f 8848/8848 8850/8850 8849/8849
f 8851/8851 8853/8853 8852/8852
f 8854/8854 8856/8856 8855/8855
f 8857/8857 8859/8859 8858/8858
f 8860/8860 8862/8862 8861/8861
f 8863/8863 8865/8865 8864/8864
f 8866/8866 8868/8868 8867/8867
f 8869/8869 8871/8871 8870/8870
f 8872/8872 8874/8874 8873/8873
f 8875/8875 8877/8877 8876/8876
f 8878/8878 8880/8880 8879/8879
f 8881/8881 8883/8883 8882/8882
f 8884/8884 8886/8886 8885/8885
f 8887/8887 8889/8889 8888/8888
f 8890/8890 8892/8892 8891/8891
f 8893/8893 8895/8895 8894/8894
f 8896/8896 8898/8898 8897/8897
f 8899/8899 8901/8901 8900/8900
f 8902/8902 8904/8904 8903/8903
f 8905/8905 8907/8907 8906/8906
f 8908/8908 8910/8910 8909/8909
f 8911/8911 8913/8913 8912/8912
f 8914/8914 8916/8916 8915/8915
f 8917/8917 8919/8919 8918/8918
f 8920/8920 8922/8922 8921/8921
f 8923/8923 8925/8925 8924/8924
f 8926/8926 8928/8928 8927/8927
f 8929/8929 8931/8931 8930/8930
f 8932/8932 8934/8934 8933/8933
f 8935/8935 8937/8937 8936/8936
f 8938/8938 8940/8940 8939/8939
f 8941/8941 8943/8943 8942/8942
f 8944/8944 8946/8946 8945/8945
f 8947/8947 8949/8949 8948/8948
f 8950/8950 8952/8952 8951/8951
f 8953/8953 8955/8955 8954/8954
f 8956/8956 8958/8958 8957/8957
f 8959/8959 8961/8961 8960/8960
f 8962/8962 8964/8964 8963/8963
f 8965/8965 8967/8967 8966/8966
f 8968/8968 8970/8970 8969/8969
f 8971/8971 8973/8973 8972/8972
f 8974/8974 8976/8976 8975/8975
f 8977/8977 8979/8979 8978/8978
f 8980/8980 8982/8982 8981/8981
f 8983/8983 8985/8985 8984/8984
f 8986/8986 8988/8988 8987/8987
f 8989/8989 8991/8991 8990/8990
f 8992/8992 8994/8994 8993/8993
f 8995/8995 8997/8997 8996/8996
f 8998/8998 9000/9000 8999/8999
f 9001/9001 9003/9003 9002/9002
f 9004/9004 9006/9006 9005/9005
f 9007/9007 9009/9009 9008/9008
f 9010/9010 9012/9012 9011/9011
f 9013/9013 9015/9015 9014/9014
f 9016/9016 9018/9018 9017/9017
f 9019/9019 9021/9021 9020/9020
f 9022/9022 9024/9024 9023/9023
f 9025/9025 9027/9027 9026/9026
f 9028/9028 9030/9030 9029/9029
f 9031/9031 9033/9033 9032/9032
f 9034/9034 9036/9036 9035/9035
f 9037/9037 9039/9039 9038/9038
f 9040/9040 9042/9042 9041/9041
f 9043/9043 9045/9045 9044/9044
f 9046/9046 9048/9048 9047/9047
f 9049/9049 9051/9051 9050/9050
f 9052/9052 9054/9054 9053/9053
f 9055/9055 9057/9057 9056/9056
f 9058/9058 9060/9060 9059/9059
f 9061/9061 9063/9063 9062/9062
f 9064/9064 9066/9066 9065/9065
f 9067/9067 9069/9069 9068/9068
f 9070/9070 9072/9072 9071/9071
f 9073/9073 9075/9075 9074/9074
f 9076/9076 9078/9078 9077/9077
f 9079/9079 9081/9081 9080/9080
f 9082/9082 9084/9084 9083/9083
f 9085/9085 9087/9087 9086/9086
f 9088/9088 9090/9090 9089/9089
f 9091/9091 9093/9093 9092/9092
f 9094/9094 9096/9096 9095/9095
f 9097/9097 9099/9099 9098/9098
f 9100/9100 9102/9102 9101/9101
f 9103/9103 9105/9105 9104/9104
f 9106/9106 9108/9108 9107/9107
f 9109/9109 9111/9111 9110/9110
f 9112/9112 9114/9114 9113/9113
f 9115/9115 9117/9117 9116/9116
f 9118/9118 9120/9120 9119/9119
f 9121/9121 9123/9123 9122/9122
f 9124/9124 9126/9126 9125/9125
f 9127/9127 9129/9129 9128/9128
f 9130/9130 9132/9132 9131/9131
f 9133/9133 9135/9135 9134/9134
f 9136/9136 9138/9138 9137/9137
f 9139/9139 9141/9141 9140/9140
f 9142/9142 9144/9144 9143/9143
f 9145/9145 9147/9147 9146/9146
f 9148/9148 9150/9150 9149/9149
f 9151/9151 9153/9153 9152/9152
f 9154/9154 9156/9156 9155/9155
f 9157/9157 9159/9159 9158/9158
f 9160/9160 9162/9162 9161/9161
f 9163/9163 9165/9165 9164/9164
f 9166/9166 9168/9168 9167/9167
f 9169/9169 9171/9171 9170/9170
f 9172/9172 9174/9174 9173/9173
f 9175/9175 9177/9177 9176/9176
f 9178/9178 9180/9180 9179/9179
f 9181/9181 9183/9183 9182/9182
f 9184/9184 9186/9186 9185/9185
f 9187/9187 9189/9189 9188/9188
f 9190/9190 9192/9192 9191/9191
f 9193/9193 9195/9195 9194/9194
f 9196/9196 9198/9198 9197/9197
f 9199/9199 9201/9201 9200/9200
f 9202/9202 9204/9204 9203/9203
f 9205/9205 9207/9207 9206/9206
f 9208/9208 9210/9210 9209/9209
f 9211/9211 9213/9213 9212/9212
f 9214/9214 9216/9216 9215/9215
f 9217/9217 9219/9219 9218/9218
f 9220/9220 9222/9222 9221/9221
f 9223/9223 9225/9225 9224/9224
f 9226/9226 9228/9228 9227/9227
f 9229/9229 9231/9231 9230/9230
f 9232/9232 9234/9234 9233/9233
f 9235/9235 9237/9237 9236/9236
f 9238/9238 9240/9240 9239/9239
f 9241/9241 9243/9243 9242/9242
f 9244/9244 9246/9246 9245/9245
f 9247/9247 9249/9249 9248/9248
f 9250/9250 9252/9252 9251/9251
f 9253/9253 9255/9255 9254/9254
f 9256/9256 9258/9258 9257/9257
f 9259/9259 9261/9261 9260/9260
f 9262/9262 9264/9264 9263/9263
f 9265/9265 9267/9267 9266/9266
f 9268/9268 9270/9270 9269/9269
f 9271/9271 9273/9273 9272/9272
f 9274/9274 9276/9276 9275/9275
f 9277/9277 9279/9279 9278/9278
f 9280/9280 9282/9282 9281/9281
f 9283/9283 9285/9285 9284/9284
f 9286/9286 9288/9288 9287/9287
f 9289/9289 9291/9291 9290/9290
f 9292/9292 9294/9294 9293/9293
f 9295/9295 9297/9297 9296/9296
f 9298/9298 9300/9300 9299/9299
f 9301/9301 9303/9303 9302/9302
f 9304/9304 9306/9306 9305/9305
f 9307/9307 9309/9309 9308/9308
f 9310/9310 9312/9312 9311/9311
f 9313/9313 9315/9315 9314/9314
f 9316/9316 9318/9318 9317/9317
f 9319/9319 9321/9321 9320/9320
f 9322/9322 9324/9324 9323/9323
f 9325/9325 9327/9327 9326/9326
f 9328/9328 9330/9330 9329/9329
f 9331/9331 9333/9333 9332/9332
f 9334/9334 9336/9336 9335/9335
f 9337/9337 9339/9339 9338/9338
f 9340/9340 9342/9342 9341/9341
f 9343/9343 9345/9345 9344/9344
f 9346/9346 9348/9348 9347/9347
f 9349/9349 9351/9351 9350/9350
f 9352/9352 9354/9354 9353/9353
f 9355/9355 9357/9357 9356/9356
f 9358/9358 9360/9360 9359/9359
f 9361/9361 9363/9363 9362/9362
f 9364/9364 9366/9366 9365/9365
f 9367/9367 9369/9369 9368/9368
f 9370/9370 9372/9372 9371/9371
f 9373/9373 9375/9375 9374/9374
f 9376/9376 9378/9378 9377/9377
f 9379/9379 9381/9381 9380/9380
f 9382/9382 9384/9384 9383/9383
f 9385/9385 9387/9387 9386/9386
f 9388/9388 9390/9390 9389/9389
f 9391/9391 9393/9393 9392/9392
f 9394/9394 9396/9396 9395/9395
f 9397/9397 9399/9399 9398/9398
f 9400/9400 9402/9402 9401/9401
f 9403/9403 9405/9405 9404/9404
f 9406/9406 9408/9408 9407/9407
f 9409/9409 9411/9411 9410/9410
f 9412/9412 9414/9414 9413/9413
f 9415/9415 9417/9417 9416/9416
f 9418/9418 9420/9420 9419/9419
f 9421/9421 9423/9423 9422/9422
f 9424/9424 9426/9426 9425/9425
f 9427/9427 9429/9429 9428/9428
f 9430/9430 9432/9432 9431/9431
f 9433/9433 9435/9435 9434/9434
f 9436/9436 9438/9438 9437/9437
f 9439/9439 9441/9441 9440/9440
f 9442/9442 9444/9444 9443/9443
f 9445/9445 9447/9447 9446/9446
f 9448/9448 9450/9450 9449/9449
f 9451/9451 9453/9453 9452/9452
f 9454/9454 9456/9456 9455/9455
f 9457/9457 9459/9459 9458/9458
f 9460/9460 9462/9462 9461/9461
f 9463/9463 9465/9465 9464/9464
f 9466/9466 9468/9468 9467/9467
f 9469/9469 9471/9471 9470/9470
f 9472/9472 9474/9474 9473/9473
f 9475/9475 9477/9477 9476/9476
f 9478/9478 9480/9480 9479/9479
f 9481/9481 9483/9483 9482/9482
f 9484/9484 9486/9486 9485/9485
f 9487/9487 9489/9489 9488/9488
f 9490/9490 9492/9492 9491/9491
f 9493/9493 9495/9495 9494/9494
f 9496/9496 9498/9498 9497/9497
f 9499/9499 9501/9501 9500/9500
f 9502/9502 9504/9504 9503/9503
f 9505/9505 9507/9507 9506/9506
f 9508/9508 9510/9510 9509/9509
f 9511/9511 9513/9513 9512/9512
f 9514/9514 9516/9516 9515/9515
f 9517/9517 9519/9519 9518/9518
f 9520/9520 9522/9522 9521/9521
f 9523/9523 9525/9525 9524/9524
f 9526/9526 9528/9528 9527/9527
f 9529/9529 9531/9531 9530/9530
f 9532/9532 9534/9534 9533/9533
f 9535/9535 9537/9537 9536/9536
f 9538/9538 9540/9540 9539/9539
f 9541/9541 9543/9543 9542/9542
f 9544/9544 9546/9546 9545/9545
f 9547/9547 9549/9549 9548/9548
f 9550/9550 9552/9552 9551/9551
f 9553/9553 9555/9555 9554/9554
f 9556/9556 9558/9558 9557/9557
f 9559/9559 9561/9561 9560/9560
f 9562/9562 9564/9564 9563/9563
f 9565/9565 9567/9567 9566/9566
f 9568/9568 9570/9570 9569/9569
f 9571/9571 9573/9573 9572/9572
f 9574/9574 9576/9576 9575/9575
f 9577/9577 9579/9579 9578/9578
f 9580/9580 9582/9582 9581/9581
f 9583/9583 9585/9585 9584/9584
f 9586/9586 9588/9588 9587/9587
f 9589/9589 9591/9591 9590/9590
f 9592/9592 9594/9594 9593/9593
f 9595/9595 9597/9597 9596/9596
f 9598/9598 9600/9600 9599/9599
f 9601/9601 9603/9603 9602/9602
f 9604/9604 9606/9606 9605/9605
f 9607/9607 9609/9609 9608/9608
f 9610/9610 9612/9612 9611/9611
f 9613/9613 9615/9615 9614/9614
f 9616/9616 9618/9618 9617/9617
f 9619/9619 9621/9621 9620/9620
f 9622/9622 9624/9624 9623/9623
f 9625/9625 9627/9627 9626/9626
f 9628/9628 9630/9630 9629/9629
f 9631/9631 9633/9633 9632/9632
f 9634/9634 9636/9636 9635/9635
f 9637/9637 9639/9639 9638/9638
f 9640/9640 9642/9642 9641/9641
f 9643/9643 9645/9645 9644/9644
f 9646/9646 9648/9648 9647/9647
f 9649/9649 9651/9651 9650/9650
f 9652/9652 9654/9654 9653/9653
f 9655/9655 9657/9657 9656/9656
f 9658/9658 9660/9660 9659/9659
f 9661/9661 9663/9663 9662/9662
f 9664/9664 9666/9666 9665/9665
f 9667/9667 9669/9669 9668/9668
f 9670/9670 9672/9672 9671/9671
f 9673/9673 9675/9675 9674/9674
f 9676/9676 9678/9678 9677/9677
f 9679/9679 9681/9681 9680/9680
f 9682/9682 9684/9684 9683/9683
f 9685/9685 9687/9687 9686/9686
f 9688/9688 9690/9690 9689/9689
f 9691/9691 9693/9693 9692/9692
f 9694/9694 9696/9696 9695/9695
f 9697/9697 9699/9699 9698/9698
f 9700/9700 9702/9702 9701/9701
f 9703/9703 9705/9705 9704/9704
f 9706/9706 9708/9708 9707/9707
f 9709/9709 9711/9711 9710/9710
f 9712/9712 9714/9714 9713/9713
f 9715/9715 9717/9717 9716/9716
f 9718/9718 9720/9720 9719/9719
f 9721/9721 9723/9723 9722/9722
f 9724/9724 9726/9726 9725/9725
f 9727/9727 9729/9729 9728/9728
f 9730/9730 9732/9732 9731/9731
f 9733/9733 9735/9735 9734/9734
f 9736/9736 9738/9738 9737/9737
f 9739/9739 9741/9741 9740/9740
f 9742/9742 9744/9744 9743/9743
f 9745/9745 9747/9747 9746/9746
f 9748/9748 9750/9750 9749/9749
f 9751/9751 9753/9753 9752/9752
f 9754/9754 9756/9756 9755/9755
f 9757/9757 9759/9759 9758/9758
f 9760/9760 9762/9762 9761/9761
f 9763/9763 9765/9765 9764/9764
f 9766/9766 9768/9768 9767/9767
f 9769/9769 9771/9771 9770/9770
f 9772/9772 9774/9774 9773/9773
f 9775/9775 9777/9777 9776/9776
f 9778/9778 9780/9780 9779/9779
f 9781/9781 9783/9783 9782/9782
f 9784/9784 9786/9786 9785/9785
f 9787/9787 9789/9789 9788/9788
f 9790/9790 9792/9792 9791/9791
f 9793/9793 9795/9795 9794/9794
f 9796/9796 9798/9798 9797/9797
f 9799/9799 9801/9801 9800/9800
f 9802/9802 9804/9804 9803/9803
f 9805/9805 9807/9807 9806/9806
f 9808/9808 9810/9810 9809/9809
f 9811/9811 9813/9813 9812/9812
f 9814/9814 9816/9816 9815/9815
f 9817/9817 9819/9819 9818/9818
f 9820/9820 9822/9822 9821/9821
f 9823/9823 9825/9825 9824/9824
f 9826/9826 9828/9828 9827/9827
f 9829/9829 9831/9831 9830/9830
f 9832/9832 9834/9834 9833/9833
f 9835/9835 9837/9837 9836/9836
f 9838/9838 9840/9840 9839/9839
f 9841/9841 9843/9843 9842/9842
f 9844/9844 9846/9846 9845/9845
f 9847/9847 9849/9849 9848/9848
f 9850/9850 9852/9852 9851/9851
f 9853/9853 9855/9855 9854/9854
f 9856/9856 9858/9858 9857/9857
f 9859/9859 9861/9861 9860/9860
f 9862/9862 9864/9864 9863/9863
f 9865/9865 9867/9867 9866/9866
f 9868/9868 9870/9870 9869/9869
f 9871/9871 9873/9873 9872/9872
f 9874/9874 9876/9876 9875/9875
f 9877/9877 9879/9879 9878/9878
f 9880/9880 9882/9882 9881/9881
f 9883/9883 9885/9885 9884/9884
f 9886/9886 9888/9888 9887/9887
f 9889/9889 9891/9891 9890/9890
f 9892/9892 9894/9894 9893/9893
f 9895/9895 9897/9897 9896/9896
f 9898/9898 9900/9900 9899/9899
f 9901/9901 9903/9903 9902/9902
f 9904/9904 9906/9906 9905/9905
f 9907/9907 9909/9909 9908/9908
f 9910/9910 9912/9912 9911/9911
f 9913/9913 9915/9915 9914/9914
f 9916/9916 9918/9918 9917/9917
f 9919/9919 9921/9921 9920/9920
f 9922/9922 9924/9924 9923/9923
f 9925/9925 9927/9927 9926/9926
f 9928/9928 9930/9930 9929/9929
f 9931/9931 9933/9933 9932/9932
f 9934/9934 9936/9936 9935/9935
f 9937/9937 9939/9939 9938/9938
f 9940/9940 9942/9942 9941/9941
f 9943/9943 9945/9945 9944/9944
f 9946/9946 9948/9948 9947/9947
f 9949/9949 9951/9951 9950/9950
f 9952/9952 9954/9954 9953/9953
f 9955/9955 9957/9957 9956/9956
f 9958/9958 9960/9960 9959/9959
f 9961/9961 9963/9963 9962/9962
f 9964/9964 9966/9966 9965/9965
f 9967/9967 9969/9969 9968/9968
f 9970/9970 9972/9972 9971/9971
f 9973/9973 9975/9975 9974/9974
f 9976/9976 9978/9978 9977/9977
f 9979/9979 9981/9981 9980/9980
f 9982/9982 9984/9984 9983/9983
f 9985/9985 9987/9987 9986/9986
f 9988/9988 9990/9990 9989/9989
f 9991/9991 9993/9993 9992/9992
f 9994/9994 9996/9996 9995/9995
f 9997/9997 9999/9999 9998/9998
f 10000/10000 10002/10002 10001/10001
f 10003/10003 10005/10005 10004/10004
f 10006/10006 10008/10008 10007/10007
f 10009/10009 10011/10011 10010/10010
f 10012/10012 10014/10014 10013/10013
f 10015/10015 10017/10017 10016/10016
f 10018/10018 10020/10020 10019/10019
f 10021/10021 10023/10023 10022/10022
f 10024/10024 10026/10026 10025/10025
f 10027/10027 10029/10029 10028/10028
f 10030/10030 10032/10032 10031/10031
f 10033/10033 10035/10035 10034/10034
f 10036/10036 10038/10038 10037/10037
f 10039/10039 10041/10041 10040/10040
f 10042/10042 10044/10044 10043/10043
f 10045/10045 10047/10047 10046/10046
f 10048/10048 10050/10050 10049/10049
f 10051/10051 10053/10053 10052/10052
f 10054/10054 10056/10056 10055/10055
f 10057/10057 10059/10059 10058/10058
f 10060/10060 10062/10062 10061/10061
f 10063/10063 10065/10065 10064/10064
f 10066/10066 10068/10068 10067/10067
f 10069/10069 10071/10071 10070/10070
f 10072/10072 10074/10074 10073/10073
f 10075/10075 10077/10077 10076/10076
f 10078/10078 10080/10080 10079/10079
f 10081/10081 10083/10083 10082/10082
f 10084/10084 10086/10086 10085/10085
f 10087/10087 10089/10089 10088/10088
f 10090/10090 10092/10092 10091/10091
f 10093/10093 10095/10095 10094/10094
f 10096/10096 10098/10098 10097/10097
f 10099/10099 10101/10101 10100/10100
f 10102/10102 10104/10104 10103/10103
f 10105/10105 10107/10107 10106/10106
f 10108/10108 10110/10110 10109/10109
f 10111/10111 10113/10113 10112/10112
f 10114/10114 10116/10116 10115/10115
f 10117/10117 10119/10119 10118/10118
f 10120/10120 10122/10122 10121/10121
f 10123/10123 10125/10125 10124/10124
f 10126/10126 10128/10128 10127/10127
f 10129/10129 10131/10131 10130/10130
f 10132/10132 10134/10134 10133/10133
f 10135/10135 10137/10137 10136/10136
f 10138/10138 10140/10140 10139/10139
f 10141/10141 10143/10143 10142/10142
f 10144/10144 10146/10146 10145/10145
f 10147/10147 10149/10149 10148/10148
f 10150/10150 10152/10152 10151/10151
f 10153/10153 10155/10155 10154/10154
f 10156/10156 10158/10158 10157/10157
f 10159/10159 10161/10161 10160/10160
f 10162/10162 10164/10164 10163/10163
f 10165/10165 10167/10167 10166/10166
f 10168/10168 10170/10170 10169/10169
f 10171/10171 10173/10173 10172/10172
f 10174/10174 10176/10176 10175/10175
f 10177/10177 10179/10179 10178/10178
f 10180/10180 10182/10182 10181/10181
f 10183/10183 10185/10185 10184/10184
f 10186/10186 10188/10188 10187/10187
f 10189/10189 10191/10191 10190/10190
f 10192/10192 10194/10194 10193/10193
f 10195/10195 10197/10197 10196/10196
f 10198/10198 10200/10200 10199/10199
f 10201/10201 10203/10203 10202/10202
f 10204/10204 10206/10206 10205/10205
f 10207/10207 10209/10209 10208/10208
f 10210/10210 10212/10212 10211/10211
f 10213/10213 10215/10215 10214/10214
f 10216/10216 10218/10218 10217/10217
f 10219/10219 10221/10221 10220/10220
f 10222/10222 10224/10224 10223/10223
f 10225/10225 10227/10227 10226/10226
f 10228/10228 10230/10230 10229/10229
f 10231/10231 10233/10233 10232/10232
f 10234/10234 10236/10236 10235/10235
f 10237/10237 10239/10239 10238/10238
f 10240/10240 10242/10242 10241/10241
f 10243/10243 10245/10245 10244/10244
f 10246/10246 10248/10248 10247/10247
f 10249/10249 10251/10251 10250/10250
f 10252/10252 10254/10254 10253/10253
f 10255/10255 10257/10257 10256/10256
f 10258/10258 10260/10260 10259/10259
f 10261/10261 10263/10263 10262/10262
f 10264/10264 10266/10266 10265/10265
f 10267/10267 10269/10269 10268/10268
f 10270/10270 10272/10272 10271/10271
f 10273/10273 10275/10275 10274/10274
f 10276/10276 10278/10278 10277/10277
f 10279/10279 10281/10281 10280/10280
f 10282/10282 10284/10284 10283/10283
f 10285/10285 10287/10287 10286/10286
f 10288/10288 10290/10290 10289/10289
f 10291/10291 10293/10293 10292/10292
f 10294/10294 10296/10296 10295/10295
f 10297/10297 10299/10299 10298/10298
f 10300/10300 10302/10302 10301/10301
f 10303/10303 10305/10305 10304/10304
f 10306/10306 10308/10308 10307/10307
f 10309/10309 10311/10311 10310/10310
f 10312/10312 10314/10314 10313/10313
f 10315/10315 10317/10317 10316/10316
f 10318/10318 10320/10320 10319/10319
f 10321/10321 10323/10323 10322/10322
f 10324/10324 10326/10326 10325/10325
f 10327/10327 10329/10329 10328/10328
f 10330/10330 10332/10332 10331/10331
f 10333/10333 10335/10335 10334/10334
f 10336/10336 10338/10338 10337/10337
f 10339/10339 10341/10341 10340/10340
f 10342/10342 10344/10344 10343/10343
f 10345/10345 10347/10347 10346/10346
f 10348/10348 10350/10350 10349/10349
f 10351/10351 10353/10353 10352/10352
f 10354/10354 10356/10356 10355/10355
f 10357/10357 10359/10359 10358/10358
f 10360/10360 10362/10362 10361/10361
f 10363/10363 10365/10365 10364/10364
f 10366/10366 10368/10368 10367/10367
f 10369/10369 10371/10371 10370/10370
f 10372/10372 10374/10374 10373/10373
f 10375/10375 10377/10377 10376/10376
f 10378/10378 10380/10380 10379/10379
f 10381/10381 10383/10383 10382/10382
f 10384/10384 10386/10386 10385/10385
f 10387/10387 10389/10389 10388/10388
f 10390/10390 10392/10392 10391/10391
f 10393/10393 10395/10395 10394/10394
f 10396/10396 10398/10398 10397/10397
f 10399/10399 10401/10401 10400/10400
f 10402/10402 10404/10404 10403/10403
f 10405/10405 10407/10407 10406/10406
f 10408/10408 10410/10410 10409/10409
f 10411/10411 10413/10413 10412/10412
f 10414/10414 10416/10416 10415/10415
f 10417/10417 10419/10419 10418/10418
f 10420/10420 10422/10422 10421/10421
f 10423/10423 10425/10425 10424/10424
f 10426/10426 10428/10428 10427/10427
f 10429/10429 10431/10431 10430/10430
f 10432/10432 10434/10434 10433/10433
f 10435/10435 10437/10437 10436/10436
f 10438/10438 10440/10440 10439/10439
f 10441/10441 10443/10443 10442/10442
f 10444/10444 10446/10446 10445/10445
f 10447/10447 10449/10449 10448/10448
f 10450/10450 10452/10452 10451/10451
f 10453/10453 10455/10455 10454/10454
f 10456/10456 10458/10458 10457/10457
f 10459/10459 10461/10461 10460/10460
f 10462/10462 10464/10464 10463/10463
f 10465/10465 10467/10467 10466/10466
f 10468/10468 10470/10470 10469/10469
f 10471/10471 10473/10473 10472/10472
f 10474/10474 10476/10476 10475/10475
f 10477/10477 10479/10479 10478/10478
f 10480/10480 10482/10482 10481/10481
f 10483/10483 10485/10485 10484/10484
f 10486/10486 10488/10488 10487/10487
f 10489/10489 10491/10491 10490/10490
f 10492/10492 10494/10494 10493/10493
f 10495/10495 10497/10497 10496/10496
f 10498/10498 10500/10500 10499/10499
f 10501/10501 10503/10503 10502/10502
f 10504/10504 10506/10506 10505/10505
f 10507/10507 10509/10509 10508/10508
f 10510/10510 10512/10512 10511/10511
f 10513/10513 10515/10515 10514/10514
f 10516/10516 10518/10518 10517/10517
f 10519/10519 10521/10521 10520/10520
f 10522/10522 10524/10524 10523/10523
f 10525/10525 10527/10527 10526/10526
f 10528/10528 10530/10530 10529/10529
f 10531/10531 10533/10533 10532/10532
f 10534/10534 10536/10536 10535/10535
f 10537/10537 10539/10539 10538/10538
f 10540/10540 10542/10542 10541/10541
f 10543/10543 10545/10545 10544/10544
f 10546/10546 10548/10548 10547/10547
f 10549/10549 10551/10551 10550/10550
f 10552/10552 10554/10554 10553/10553
f 10555/10555 10557/10557 10556/10556
f 10558/10558 10560/10560 10559/10559
f 10561/10561 10563/10563 10562/10562
f 10564/10564 10566/10566 10565/10565
f 10567/10567 10569/10569 10568/10568
f 10570/10570 10572/10572 10571/10571
f 10573/10573 10575/10575 10574/10574
f 10576/10576 10578/10578 10577/10577
f 10579/10579 10581/10581 10580/10580
f 10582/10582 10584/10584 10583/10583
f 10585/10585 10587/10587 10586/10586
f 10588/10588 10590/10590 10589/10589
f 10591/10591 10593/10593 10592/10592
f 10594/10594 10596/10596 10595/10595
f 10597/10597 10599/10599 10598/10598
f 10600/10600 10602/10602 10601/10601
f 10603/10603 10605/10605 10604/10604
f 10606/10606 10608/10608 10607/10607
f 10609/10609 10611/10611 10610/10610
f 10612/10612 10614/10614 10613/10613
f 10615/10615 10617/10617 10616/10616
f 10618/10618 10620/10620 10619/10619
f 10621/10621 10623/10623 10622/10622
f 10624/10624 10626/10626 10625/10625
f 10627/10627 10629/10629 10628/10628
f 10630/10630 10632/10632 10631/10631
f 10633/10633 10635/10635 10634/10634
f 10636/10636 10638/10638 10637/10637
f 10639/10639 10641/10641 10640/10640
f 10642/10642 10644/10644 10643/10643
f 10645/10645 10647/10647 10646/10646
f 10648/10648 10650/10650 10649/10649
f 10651/10651 10653/10653 10652/10652
f 10654/10654 10656/10656 10655/10655
f 10657/10657 10659/10659 10658/10658
f 10660/10660 10662/10662 10661/10661
f 10663/10663 10665/10665 10664/10664
f 10666/10666 10668/10668 10667/10667
f 10669/10669 10671/10671 10670/10670
f 10672/10672 10674/10674 10673/10673
f 10675/10675 10677/10677 10676/10676
f 10678/10678 10680/10680 10679/10679
f 10681/10681 10683/10683 10682/10682
f 10684/10684 10686/10686 10685/10685
f 10687/10687 10689/10689 10688/10688
f 10690/10690 10692/10692 10691/10691
f 10693/10693 10695/10695 10694/10694
f 10696/10696 10698/10698 10697/10697
f 10699/10699 10701/10701 10700/10700
f 10702/10702 10704/10704 10703/10703
f 10705/10705 10707/10707 10706/10706
f 10708/10708 10710/10710 10709/10709
f 10711/10711 10713/10713 10712/10712
f 10714/10714 10716/10716 10715/10715
f 10717/10717 10719/10719 10718/10718
f 10720/10720 10722/10722 10721/10721
f 10723/10723 10725/10725 10724/10724
f 10726/10726 10728/10728 10727/10727
f 10729/10729 10731/10731 10730/10730
f 10732/10732 10734/10734 10733/10733
f 10735/10735 10737/10737 10736/10736
f 10738/10738 10740/10740 10739/10739
f 10741/10741 10743/10743 10742/10742
f 10744/10744 10746/10746 10745/10745
f 10747/10747 10749/10749 10748/10748
f 10750/10750 10752/10752 10751/10751
f 10753/10753 10755/10755 10754/10754
f 10756/10756 10758/10758 10757/10757
f 10759/10759 10761/10761 10760/10760
f 10762/10762 10764/10764 10763/10763
f 10765/10765 10767/10767 10766/10766
f 10768/10768 10770/10770 10769/10769
f 10771/10771 10773/10773 10772/10772
f 10774/10774 10776/10776 10775/10775
f 10777/10777 10779/10779 10778/10778
f 10780/10780 10782/10782 10781/10781
f 10783/10783 10785/10785 10784/10784
f 10786/10786 10788/10788 10787/10787
f 10789/10789 10791/10791 10790/10790
f 10792/10792 10794/10794 10793/10793
f 10795/10795 10797/10797 10796/10796
f 10798/10798 10800/10800 10799/10799
f 10801/10801 10803/10803 10802/10802
f 10804/10804 10806/10806 10805/10805
f 10807/10807 10809/10809 10808/10808
f 10810/10810 10812/10812 10811/10811
f 10813/10813 10815/10815 10814/10814
f 10816/10816 10818/10818 10817/10817
f 10819/10819 10821/10821 10820/10820
f 10822/10822 10824/10824 10823/10823
f 10825/10825 10827/10827 10826/10826
f 10828/10828 10830/10830 10829/10829
f 10831/10831 10833/10833 10832/10832
f 10834/10834 10836/10836 10835/10835
f 10837/10837 10839/10839 10838/10838
f 10840/10840 10842/10842 10841/10841
f 10843/10843 10845/10845 10844/10844
f 10846/10846 10848/10848 10847/10847
f 10849/10849 10851/10851 10850/10850
f 10852/10852 10854/10854 10853/10853
f 10855/10855 10857/10857 10856/10856
f 10858/10858 10860/10860 10859/10859
f 10861/10861 10863/10863 10862/10862
f 10864/10864 10866/10866 10865/10865
f 10867/10867 10869/10869 10868/10868
f 10870/10870 10872/10872 10871/10871
f 10873/10873 10875/10875 10874/10874
f 10876/10876 10878/10878 10877/10877
f 10879/10879 10881/10881 10880/10880
f 10882/10882 10884/10884 10883/10883
f 10885/10885 10887/10887 10886/10886
f 10888/10888 10890/10890 10889/10889
f 10891/10891 10893/10893 10892/10892
f 10894/10894 10896/10896 10895/10895
f 10897/10897 10899/10899 10898/10898
f 10900/10900 10902/10902 10901/10901
f 10903/10903 10905/10905 10904/10904
f 10906/10906 10908/10908 10907/10907
f 10909/10909 10911/10911 10910/10910
f 10912/10912 10914/10914 10913/10913
f 10915/10915 10917/10917 10916/10916
f 10918/10918 10920/10920 10919/10919
f 10921/10921 10923/10923 10922/10922
f 10924/10924 10926/10926 10925/10925
f 10927/10927 10929/10929 10928/10928
f 10930/10930 10932/10932 10931/10931
f 10933/10933 10935/10935 10934/10934
f 10936/10936 10938/10938 10937/10937
f 10939/10939 10941/10941 10940/10940
f 10942/10942 10944/10944 10943/10943
f 10945/10945 10947/10947 10946/10946
f 10948/10948 10950/10950 10949/10949
f 10951/10951 10953/10953 10952/10952
f 10954/10954 10956/10956 10955/10955
f 10957/10957 10959/10959 10958/10958
f 10960/10960 10962/10962 10961/10961
f 10963/10963 10965/10965 10964/10964
f 10966/10966 10968/10968 10967/10967
f 10969/10969 10971/10971 10970/10970
f 10972/10972 10974/10974 10973/10973
f 10975/10975 10977/10977 10976/10976
f 10978/10978 10980/10980 10979/10979
f 10981/10981 10983/10983 10982/10982
f 10984/10984 10986/10986 10985/10985
f 10987/10987 10989/10989 10988/10988
f 10990/10990 10992/10992 10991/10991
f 10993/10993 10995/10995 10994/10994
f 10996/10996 10998/10998 10997/10997
f 10999/10999 11001/11001 11000/11000
f 11002/11002 11004/11004 11003/11003
f 11005/11005 11007/11007 11006/11006
f 11008/11008 11010/11010 11009/11009
f 11011/11011 11013/11013 11012/11012
f 11014/11014 11016/11016 11015/11015
f 11017/11017 11019/11019 11018/11018
f 11020/11020 11022/11022 11021/11021
f 11023/11023 11025/11025 11024/11024
f 11026/11026 11028/11028 11027/11027
f 11029/11029 11031/11031 11030/11030
f 11032/11032 11034/11034 11033/11033
f 11035/11035 11037/11037 11036/11036
f 11038/11038 11040/11040 11039/11039
f 11041/11041 11043/11043 11042/11042
f 11044/11044 11046/11046 11045/11045
f 11047/11047 11049/11049 11048/11048
f 11050/11050 11052/11052 11051/11051
f 11053/11053 11055/11055 11054/11054
f 11056/11056 11058/11058 11057/11057
f 11059/11059 11061/11061 11060/11060
f 11062/11062 11064/11064 11063/11063
f 11065/11065 11067/11067 11066/11066
f 11068/11068 11070/11070 11069/11069
f 11071/11071 11073/11073 11072/11072
f 11074/11074 11076/11076 11075/11075
f 11077/11077 11079/11079 11078/11078
f 11080/11080 11082/11082 11081/11081
f 11083/11083 11085/11085 11084/11084
f 11086/11086 11088/11088 11087/11087
f 11089/11089 11091/11091 11090/11090
f 11092/11092 11094/11094 11093/11093
f 11095/11095 11097/11097 11096/11096
f 11098/11098 11100/11100 11099/11099
f 11101/11101 11103/11103 11102/11102
f 11104/11104 11106/11106 11105/11105
f 11107/11107 11109/11109 11108/11108
f 11110/11110 11112/11112 11111/11111
f 11113/11113 11115/11115 11114/11114
f 11116/11116 11118/11118 11117/11117
f 11119/11119 11121/11121 11120/11120
f 11122/11122 11124/11124 11123/11123
f 11125/11125 11127/11127 11126/11126
f 11128/11128 11130/11130 11129/11129
f 11131/11131 11133/11133 11132/11132
f 11134/11134 11136/11136 11135/11135
f 11137/11137 11139/11139 11138/11138
f 11140/11140 11142/11142 11141/11141
f 11143/11143 11145/11145 11144/11144
f 11146/11146 11148/11148 11147/11147
f 11149/11149 11151/11151 11150/11150
f 11152/11152 11154/11154 11153/11153
f 11155/11155 11157/11157 11156/11156
f 11158/11158 11160/11160 11159/11159
f 11161/11161 11163/11163 11162/11162
f 11164/11164 11166/11166 11165/11165
f 11167/11167 11169/11169 11168/11168
f 11170/11170 11172/11172 11171/11171
f 11173/11173 11175/11175 11174/11174
f 11176/11176 11178/11178 11177/11177
f 11179/11179 11181/11181 11180/11180
f 11182/11182 11184/11184 11183/11183
f 11185/11185 11187/11187 11186/11186
f 11188/11188 11190/11190 11189/11189
f 11191/11191 11193/11193 11192/11192
f 11194/11194 11196/11196 11195/11195
f 11197/11197 11199/11199 11198/11198
f 11200/11200 11202/11202 11201/11201
f 11203/11203 11205/11205 11204/11204
f 11206/11206 11208/11208 11207/11207
f 11209/11209 11211/11211 11210/11210
f 11212/11212 11214/11214 11213/11213
f 11215/11215 11217/11217 11216/11216
f 11218/11218 11220/11220 11219/11219
f 11221/11221 11223/11223 11222/11222
f 11224/11224 11226/11226 11225/11225
f 11227/11227 11229/11229 11228/11228
f 11230/11230 11232/11232 11231/11231
f 11233/11233 11235/11235 11234/11234
f 11236/11236 11238/11238 11237/11237
f 11239/11239 11241/11241 11240/11240
f 11242/11242 11244/11244 11243/11243
f 11245/11245 11247/11247 11246/11246
f 11248/11248 11250/11250 11249/11249
f 11251/11251 11253/11253 11252/11252
f 11254/11254 11256/11256 11255/11255
f 11257/11257 11259/11259 11258/11258
f 11260/11260 11262/11262 11261/11261
f 11263/11263 11265/11265 11264/11264
f 11266/11266 11268/11268 11267/11267
f 11269/11269 11271/11271 11270/11270
f 11272/11272 11274/11274 11273/11273
f 11275/11275 11277/11277 11276/11276
f 11278/11278 11280/11280 11279/11279
f 11281/11281 11283/11283 11282/11282
f 11284/11284 11286/11286 11285/11285
f 11287/11287 11289/11289 11288/11288
f 11290/11290 11292/11292 11291/11291
f 11293/11293 11295/11295 11294/11294
f 11296/11296 11298/11298 11297/11297
f 11299/11299 11301/11301 11300/11300
f 11302/11302 11304/11304 11303/11303
f 11305/11305 11307/11307 11306/11306
f 11308/11308 11310/11310 11309/11309
f 11311/11311 11313/11313 11312/11312
f 11314/11314 11316/11316 11315/11315
f 11317/11317 11319/11319 11318/11318
f 11320/11320 11322/11322 11321/11321
f 11323/11323 11325/11325 11324/11324
f 11326/11326 11328/11328 11327/11327
f 11329/11329 11331/11331 11330/11330
f 11332/11332 11334/11334 11333/11333
f 11335/11335 11337/11337 11336/11336
f 11338/11338 11340/11340 11339/11339
f 11341/11341 11343/11343 11342/11342
f 11344/11344 11346/11346 11345/11345
f 11347/11347 11349/11349 11348/11348
f 11350/11350 11352/11352 11351/11351
f 11353/11353 11355/11355 11354/11354
f 11356/11356 11358/11358 11357/11357
f 11359/11359 11361/11361 11360/11360
f 11362/11362 11364/11364 11363/11363
f 11365/11365 11367/11367 11366/11366
f 11368/11368 11370/11370 11369/11369
f 11371/11371 11373/11373 11372/11372
f 11374/11374 11376/11376 11375/11375
f 11377/11377 11379/11379 11378/11378
f 11380/11380 11382/11382 11381/11381
f 11383/11383 11385/11385 11384/11384
f 11386/11386 11388/11388 11387/11387
f 11389/11389 11391/11391 11390/11390
f 11392/11392 11394/11394 11393/11393
f 11395/11395 11397/11397 11396/11396
f 11398/11398 11400/11400 11399/11399
f 11401/11401 11403/11403 11402/11402
f 11404/11404 11406/11406 11405/11405
f 11407/11407 11409/11409 11408/11408
f 11410/11410 11412/11412 11411/11411
f 11413/11413 11415/11415 11414/11414
f 11416/11416 11418/11418 11417/11417
f 11419/11419 11421/11421 11420/11420
f 11422/11422 11424/11424 11423/11423
f 11425/11425 11427/11427 11426/11426
f 11428/11428 11430/11430 11429/11429
f 11431/11431 11433/11433 11432/11432
f 11434/11434 11436/11436 11435/11435
f 11437/11437 11439/11439 11438/11438
f 11440/11440 11442/11442 11441/11441
f 11443/11443 11445/11445 11444/11444
f 11446/11446 11448/11448 11447/11447
f 11449/11449 11451/11451 11450/11450
f 11452/11452 11454/11454 11453/11453
f 11455/11455 11457/11457 11456/11456
f 11458/11458 11460/11460 11459/11459
f 11461/11461 11463/11463 11462/11462
f 11464/11464 11466/11466 11465/11465
f 11467/11467 11469/11469 11468/11468
f 11470/11470 11472/11472 11471/11471
f 11473/11473 11475/11475 11474/11474
f 11476/11476 11478/11478 11477/11477
f 11479/11479 11481/11481 11480/11480
f 11482/11482 11484/11484 11483/11483
f 11485/11485 11487/11487 11486/11486
f 11488/11488 11490/11490 11489/11489
f 11491/11491 11493/11493 11492/11492
f 11494/11494 11496/11496 11495/11495
f 11497/11497 11499/11499 11498/11498
f 11500/11500 11502/11502 11501/11501
f 11503/11503 11505/11505 11504/11504
f 11506/11506 11508/11508 11507/11507
f 11509/11509 11511/11511 11510/11510
f 11512/11512 11514/11514 11513/11513
f 11515/11515 11517/11517 11516/11516
f 11518/11518 11520/11520 11519/11519
f 11521/11521 11523/11523 11522/11522
f 11524/11524 11526/11526 11525/11525
f 11527/11527 11529/11529 11528/11528
f 11530/11530 11532/11532 11531/11531
f 11533/11533 11535/11535 11534/11534
f 11536/11536 11538/11538 11537/11537
f 11539/11539 11541/11541 11540/11540
f 11542/11542 11544/11544 11543/11543
f 11545/11545 11547/11547 11546/11546
f 11548/11548 11550/11550 11549/11549
f 11551/11551 11553/11553 11552/11552
f 11554/11554 11556/11556 11555/11555
f 11557/11557 11559/11559 11558/11558
f 11560/11560 11562/11562 11561/11561
f 11563/11563 11565/11565 11564/11564
f 11566/11566 11568/11568 11567/11567
f 11569/11569 11571/11571 11570/11570
f 11572/11572 11574/11574 11573/11573
f 11575/11575 11577/11577 11576/11576
f 11578/11578 11580/11580 11579/11579
f 11581/11581 11583/11583 11582/11582
f 11584/11584 11586/11586 11585/11585
f 11587/11587 11589/11589 11588/11588
f 11590/11590 11592/11592 11591/11591
f 11593/11593 11595/11595 11594/11594
f 11596/11596 11598/11598 11597/11597
f 11599/11599 11601/11601 11600/11600
f 11602/11602 11604/11604 11603/11603
f 11605/11605 11607/11607 11606/11606
f 11608/11608 11610/11610 11609/11609
f 11611/11611 11613/11613 11612/11612
f 11614/11614 11616/11616 11615/11615
f 11617/11617 11619/11619 11618/11618
f 11620/11620 11622/11622 11621/11621
f 11623/11623 11625/11625 11624/11624
f 11626/11626 11628/11628 11627/11627
f 11629/11629 11631/11631 11630/11630
f 11632/11632 11634/11634 11633/11633
f 11635/11635 11637/11637 11636/11636
f 11638/11638 11640/11640 11639/11639
f 11641/11641 11643/11643 11642/11642
f 11644/11644 11646/11646 11645/11645
f 11647/11647 11649/11649 11648/11648
f 11650/11650 11652/11652 11651/11651
f 11653/11653 11655/11655 11654/11654
f 11656/11656 11658/11658 11657/11657
f 11659/11659 11661/11661 11660/11660
f 11662/11662 11664/11664 11663/11663
f 11665/11665 11667/11667 11666/11666
f 11668/11668 11670/11670 11669/11669
f 11671/11671 11673/11673 11672/11672
f 11674/11674 11676/11676 11675/11675
f 11677/11677 11679/11679 11678/11678
f 11680/11680 11682/11682 11681/11681
f 11683/11683 11685/11685 11684/11684
f 11686/11686 11688/11688 11687/11687
f 11689/11689 11691/11691 11690/11690
f 11692/11692 11694/11694 11693/11693
f 11695/11695 11697/11697 11696/11696
f 11698/11698 11700/11700 11699/11699
f 11701/11701 11703/11703 11702/11702
f 11704/11704 11706/11706 11705/11705
f 11707/11707 11709/11709 11708/11708
f 11710/11710 11712/11712 11711/11711
f 11713/11713 11715/11715 11714/11714
f 11716/11716 11718/11718 11717/11717
f 11719/11719 11721/11721 11720/11720
f 11722/11722 11724/11724 11723/11723
f 11725/11725 11727/11727 11726/11726
f 11728/11728 11730/11730 11729/11729
f 11731/11731 11733/11733 11732/11732
f 11734/11734 11736/11736 11735/11735
f 11737/11737 11739/11739 11738/11738
f 11740/11740 11742/11742 11741/11741
f 11743/11743 11745/11745 11744/11744
f 11746/11746 11748/11748 11747/11747
f 11749/11749 11751/11751 11750/11750
f 11752/11752 11754/11754 11753/11753
f 11755/11755 11757/11757 11756/11756
f 11758/11758 11760/11760 11759/11759
f 11761/11761 11763/11763 11762/11762
f 11764/11764 11766/11766 11765/11765
f 11767/11767 11769/11769 11768/11768
f 11770/11770 11772/11772 11771/11771
f 11773/11773 11775/11775 11774/11774
f 11776/11776 11778/11778 11777/11777
f 11779/11779 11781/11781 11780/11780
f 11782/11782 11784/11784 11783/11783
f 11785/11785 11787/11787 11786/11786
f 11788/11788 11790/11790 11789/11789
f 11791/11791 11793/11793 11792/11792
f 11794/11794 11796/11796 11795/11795
f 11797/11797 11799/11799 11798/11798
f 11800/11800 11802/11802 11801/11801
f 11803/11803 11805/11805 11804/11804
f 11806/11806 11808/11808 11807/11807
f 11809/11809 11811/11811 11810/11810
f 11812/11812 11814/11814 11813/11813
f 11815/11815 11817/11817 11816/11816
f 11818/11818 11820/11820 11819/11819
f 11821/11821 11823/11823 11822/11822
f 11824/11824 11826/11826 11825/11825
f 11827/11827 11829/11829 11828/11828
f 11830/11830 11832/11832 11831/11831
f 11833/11833 11835/11835 11834/11834
f 11836/11836 11838/11838 11837/11837
f 11839/11839 11841/11841 11840/11840
f 11842/11842 11844/11844 11843/11843
f 11845/11845 11847/11847 11846/11846
f 11848/11848 11850/11850 11849/11849
f 11851/11851 11853/11853 11852/11852
f 11854/11854 11856/11856 11855/11855
f 11857/11857 11859/11859 11858/11858
f 11860/11860 11862/11862 11861/11861
f 11863/11863 11865/11865 11864/11864
f 11866/11866 11868/11868 11867/11867
f 11869/11869 11871/11871 11870/11870
f 11872/11872 11874/11874 11873/11873
f 11875/11875 11877/11877 11876/11876
f 11878/11878 11880/11880 11879/11879
f 11881/11881 11883/11883 11882/11882
f 11884/11884 11886/11886 11885/11885
f 11887/11887 11889/11889 11888/11888
f 11890/11890 11892/11892 11891/11891
f 11893/11893 11895/11895 11894/11894
f 11896/11896 11898/11898 11897/11897
f 11899/11899 11901/11901 11900/11900
f 11902/11902 11904/11904 11903/11903
f 11905/11905 11907/11907 11906/11906
f 11908/11908 11910/11910 11909/11909
f 11911/11911 11913/11913 11912/11912
f 11914/11914 11916/11916 11915/11915
f 11917/11917 11919/11919 11918/11918
f 11920/11920 11922/11922 11921/11921
f 11923/11923 11925/11925 11924/11924
f 11926/11926 11928/11928 11927/11927
f 11929/11929 11931/11931 11930/11930
f 11932/11932 11934/11934 11933/11933
f 11935/11935 11937/11937 11936/11936
f 11938/11938 11940/11940 11939/11939
f 11941/11941 11943/11943 11942/11942
f 11944/11944 11946/11946 11945/11945
f 11947/11947 11949/11949 11948/11948
f 11950/11950 11952/11952 11951/11951
f 11953/11953 11955/11955 11954/11954
f 11956/11956 11958/11958 11957/11957
f 11959/11959 11961/11961 11960/11960
f 11962/11962 11964/11964 11963/11963
f 11965/11965 11967/11967 11966/11966
f 11968/11968 11970/11970 11969/11969
f 11971/11971 11973/11973 11972/11972
f 11974/11974 11976/11976 11975/11975
f 11977/11977 11979/11979 11978/11978
f 11980/11980 11982/11982 11981/11981
f 11983/11983 11985/11985 11984/11984
f 11986/11986 11988/11988 11987/11987
f 11989/11989 11991/11991 11990/11990
f 11992/11992 11994/11994 11993/11993
f 11995/11995 11997/11997 11996/11996
f 11998/11998 12000/12000 11999/11999
f 12001/12001 12003/12003 12002/12002
f 12004/12004 12006/12006 12005/12005
f 12007/12007 12009/12009 12008/12008
f 12010/12010 12012/12012 12011/12011
f 12013/12013 12015/12015 12014/12014
f 12016/12016 12018/12018 12017/12017
f 12019/12019 12021/12021 12020/12020
f 12022/12022 12024/12024 12023/12023
f 12025/12025 12027/12027 12026/12026
f 12028/12028 12030/12030 12029/12029
f 12031/12031 12033/12033 12032/12032
f 12034/12034 12036/12036 12035/12035
f 12037/12037 12039/12039 12038/12038
f 12040/12040 12042/12042 12041/12041
f 12043/12043 12045/12045 12044/12044
f 12046/12046 12048/12048 12047/12047
f 12049/12049 12051/12051 12050/12050
f 12052/12052 12054/12054 12053/12053
f 12055/12055 12057/12057 12056/12056
f 12058/12058 12060/12060 12059/12059
f 12061/12061 12063/12063 12062/12062
f 12064/12064 12066/12066 12065/12065
f 12067/12067 12069/12069 12068/12068
f 12070/12070 12072/12072 12071/12071
f 12073/12073 12075/12075 12074/12074
f 12076/12076 12078/12078 12077/12077
f 12079/12079 12081/12081 12080/12080
f 12082/12082 12084/12084 12083/12083
f 12085/12085 12087/12087 12086/12086
f 12088/12088 12090/12090 12089/12089
f 12091/12091 12093/12093 12092/12092
f 12094/12094 12096/12096 12095/12095
f 12097/12097 12099/12099 12098/12098
f 12100/12100 12102/12102 12101/12101
f 12103/12103 12105/12105 12104/12104
f 12106/12106 12108/12108 12107/12107
f 12109/12109 12111/12111 12110/12110
f 12112/12112 12114/12114 12113/12113
f 12115/12115 12117/12117 12116/12116
f 12118/12118 12120/12120 12119/12119
f 12121/12121 12123/12123 12122/12122
f 12124/12124 12126/12126 12125/12125
f 12127/12127 12129/12129 12128/12128
f 12130/12130 12132/12132 12131/12131
f 12133/12133 12135/12135 12134/12134
f 12136/12136 12138/12138 12137/12137
f 12139/12139 12141/12141 12140/12140
f 12142/12142 12144/12144 12143/12143
f 12145/12145 12147/12147 12146/12146
f 12148/12148 12150/12150 12149/12149
f 12151/12151 12153/12153 12152/12152
f 12154/12154 12156/12156 12155/12155
f 12157/12157 12159/12159 12158/12158
f 12160/12160 12162/12162 12161/12161
f 12163/12163 12165/12165 12164/12164
f 12166/12166 12168/12168 12167/12167
f 12169/12169 12171/12171 12170/12170
f 12172/12172 12174/12174 12173/12173
f 12175/12175 12177/12177 12176/12176
f 12178/12178 12180/12180 12179/12179
f 12181/12181 12183/12183 12182/12182
f 12184/12184 12186/12186 12185/12185
f 12187/12187 12189/12189 12188/12188
f 12190/12190 12192/12192 12191/12191
f 12193/12193 12195/12195 12194/12194
f 12196/12196 12198/12198 12197/12197
f 12199/12199 12201/12201 12200/12200
f 12202/12202 12204/12204 12203/12203
f 12205/12205 12207/12207 12206/12206
f 12208/12208 12210/12210 12209/12209
f 12211/12211 12213/12213 12212/12212
f 12214/12214 12216/12216 12215/12215
f 12217/12217 12219/12219 12218/12218
f 12220/12220 12222/12222 12221/12221
f 12223/12223 12225/12225 12224/12224
f 12226/12226 12228/12228 12227/12227
f 12229/12229 12231/12231 12230/12230
f 12232/12232 12234/12234 12233/12233
f 12235/12235 12237/12237 12236/12236
f 12238/12238 12240/12240 12239/12239
f 12241/12241 12243/12243 12242/12242
f 12244/12244 12246/12246 12245/12245
f 12247/12247 12249/12249 12248/12248
f 12250/12250 12252/12252 12251/12251
f 12253/12253 12255/12255 12254/12254
f 12256/12256 12258/12258 12257/12257
f 12259/12259 12261/12261 12260/12260
f 12262/12262 12264/12264 12263/12263
f 12265/12265 12267/12267 12266/12266
f 12268/12268 12270/12270 12269/12269
f 12271/12271 12273/12273 12272/12272
f 12274/12274 12276/12276 12275/12275
f 12277/12277 12279/12279 12278/12278
f 12280/12280 12282/12282 12281/12281
f 12283/12283 12285/12285 12284/12284
f 12286/12286 12288/12288 12287/12287
f 12289/12289 12291/12291 12290/12290
f 12292/12292 12294/12294 12293/12293
f 12295/12295 12297/12297 12296/12296
f 12298/12298 12300/12300 12299/12299
f 12301/12301 12303/12303 12302/12302
f 12304/12304 12306/12306 12305/12305
f 12307/12307 12309/12309 12308/12308
f 12310/12310 12312/12312 12311/12311
f 12313/12313 12315/12315 12314/12314
f 12316/12316 12318/12318 12317/12317
f 12319/12319 12321/12321 12320/12320
f 12322/12322 12324/12324 12323/12323
f 12325/12325 12327/12327 12326/12326
f 12328/12328 12330/12330 12329/12329
f 12331/12331 12333/12333 12332/12332
f 12334/12334 12336/12336 12335/12335
f 12337/12337 12339/12339 12338/12338
f 12340/12340 12342/12342 12341/12341
f 12343/12343 12345/12345 12344/12344
f 12346/12346 12348/12348 12347/12347
f 12349/12349 12351/12351 12350/12350
f 12352/12352 12354/12354 12353/12353
f 12355/12355 12357/12357 12356/12356
f 12358/12358 12360/12360 12359/12359
f 12361/12361 12363/12363 12362/12362
f 12364/12364 12366/12366 12365/12365
f 12367/12367 12369/12369 12368/12368
f 12370/12370 12372/12372 12371/12371
f 12373/12373 12375/12375 12374/12374
f 12376/12376 12378/12378 12377/12377
f 12379/12379 12381/12381 12380/12380
f 12382/12382 12384/12384 12383/12383
f 12385/12385 12387/12387 12386/12386
f 12388/12388 12390/12390 12389/12389
f 12391/12391 12393/12393 12392/12392
f 12394/12394 12396/12396 12395/12395
f 12397/12397 12399/12399 12398/12398
f 12400/12400 12402/12402 12401/12401
f 12403/12403 12405/12405 12404/12404
f 12406/12406 12408/12408 12407/12407
f 12409/12409 12411/12411 12410/12410
f 12412/12412 12414/12414 12413/12413
f 12415/12415 12417/12417 12416/12416
f 12418/12418 12420/12420 12419/12419
f 12421/12421 12423/12423 12422/12422
f 12424/12424 12426/12426 12425/12425
f 12427/12427 12429/12429 12428/12428
f 12430/12430 12432/12432 12431/12431
f 12433/12433 12435/12435 12434/12434
f 12436/12436 12438/12438 12437/12437
f 12439/12439 12441/12441 12440/12440
f 12442/12442 12444/12444 12443/12443
f 12445/12445 12447/12447 12446/12446
f 12448/12448 12450/12450 12449/12449
f 12451/12451 12453/12453 12452/12452
f 12454/12454 12456/12456 12455/12455
f 12457/12457 12459/12459 12458/12458
f 12460/12460 12462/12462 12461/12461
f 12463/12463 12465/12465 12464/12464
f 12466/12466 12468/12468 12467/12467
f 12469/12469 12471/12471 12470/12470
f 12472/12472 12474/12474 12473/12473
f 12475/12475 12477/12477 12476/12476
f 12478/12478 12480/12480 12479/12479
f 12481/12481 12483/12483 12482/12482
f 12484/12484 12486/12486 12485/12485
f 12487/12487 12489/12489 12488/12488
f 12490/12490 12492/12492 12491/12491
f 12493/12493 12495/12495 12494/12494
f 12496/12496 12498/12498 12497/12497
f 12499/12499 12501/12501 12500/12500
f 12502/12502 12504/12504 12503/12503
f 12505/12505 12507/12507 12506/12506
f 12508/12508 12510/12510 12509/12509
f 12511/12511 12513/12513 12512/12512
f 12514/12514 12516/12516 12515/12515
f 12517/12517 12519/12519 12518/12518
f 12520/12520 12522/12522 12521/12521
f 12523/12523 12525/12525 12524/12524
f 12526/12526 12528/12528 12527/12527
f 12529/12529 12531/12531 12530/12530
f 12532/12532 12534/12534 12533/12533
f 12535/12535 12537/12537 12536/12536
f 12538/12538 12540/12540 12539/12539
f 12541/12541 12543/12543 12542/12542
f 12544/12544 12546/12546 12545/12545
f 12547/12547 12549/12549 12548/12548
f 12550/12550 12552/12552 12551/12551
f 12553/12553 12555/12555 12554/12554
f 12556/12556 12558/12558 12557/12557
f 12559/12559 12561/12561 12560/12560
f 12562/12562 12564/12564 12563/12563
f 12565/12565 12567/12567 12566/12566
f 12568/12568 12570/12570 12569/12569
f 12571/12571 12573/12573 12572/12572
f 12574/12574 12576/12576 12575/12575
f 12577/12577 12579/12579 12578/12578
f 12580/12580 12582/12582 12581/12581
f 12583/12583 12585/12585 12584/12584
f 12586/12586 12588/12588 12587/12587
f 12589/12589 12591/12591 12590/12590
f 12592/12592 12594/12594 12593/12593
f 12595/12595 12597/12597 12596/12596
f 12598/12598 12600/12600 12599/12599
f 12601/12601 12603/12603 12602/12602
f 12604/12604 12606/12606 12605/12605
f 12607/12607 12609/12609 12608/12608
f 12610/12610 12612/12612 12611/12611
f 12613/12613 12615/12615 12614/12614
f 12616/12616 12618/12618 12617/12617
f 12619/12619 12621/12621 12620/12620
f 12622/12622 12624/12624 12623/12623
f 12625/12625 12627/12627 12626/12626
f 12628/12628 12630/12630 12629/12629
f 12631/12631 12633/12633 12632/12632
f 12634/12634 12636/12636 12635/12635
f 12637/12637 12639/12639 12638/12638
f 12640/12640 12642/12642 12641/12641
f 12643/12643 12645/12645 12644/12644
f 12646/12646 12648/12648 12647/12647
f 12649/12649 12651/12651 12650/12650
f 12652/12652 12654/12654 12653/12653
f 12655/12655 12657/12657 12656/12656
f 12658/12658 12660/12660 12659/12659
f 12661/12661 12663/12663 12662/12662
f 12664/12664 12666/12666 12665/12665
f 12667/12667 12669/12669 12668/12668
f 12670/12670 12672/12672 12671/12671
f 12673/12673 12675/12675 12674/12674
f 12676/12676 12678/12678 12677/12677
f 12679/12679 12681/12681 12680/12680
f 12682/12682 12684/12684 12683/12683
f 12685/12685 12687/12687 12686/12686
f 12688/12688 12690/12690 12689/12689
f 12691/12691 12693/12693 12692/12692
f 12694/12694 12696/12696 12695/12695
f 12697/12697 12699/12699 12698/12698
f 12700/12700 12702/12702 12701/12701
f 12703/12703 12705/12705 12704/12704
f 12706/12706 12708/12708 12707/12707
f 12709/12709 12711/12711 12710/12710
f 12712/12712 12714/12714 12713/12713
f 12715/12715 12717/12717 12716/12716
f 12718/12718 12720/12720 12719/12719
f 12721/12721 12723/12723 12722/12722
f 12724/12724 12726/12726 12725/12725
f 12727/12727 12729/12729 12728/12728
f 12730/12730 12732/12732 12731/12731
f 12733/12733 12735/12735 12734/12734
f 12736/12736 12738/12738 12737/12737
f 12739/12739 12741/12741 12740/12740
f 12742/12742 12744/12744 12743/12743
f 12745/12745 12747/12747 12746/12746
f 12748/12748 12750/12750 12749/12749
f 12751/12751 12753/12753 12752/12752
f 12754/12754 12756/12756 12755/12755
f 12757/12757 12759/12759 12758/12758
f 12760/12760 12762/12762 12761/12761
f 12763/12763 12765/12765 12764/12764
f 12766/12766 12768/12768 12767/12767
f 12769/12769 12771/12771 12770/12770
f 12772/12772 12774/12774 12773/12773
f 12775/12775 12777/12777 12776/12776
f 12778/12778 12780/12780 12779/12779
f 12781/12781 12783/12783 12782/12782
f 12784/12784 12786/12786 12785/12785
f 12787/12787 12789/12789 12788/12788
f 12790/12790 12792/12792 12791/12791
f 12793/12793 12795/12795 12794/12794
f 12796/12796 12798/12798 12797/12797
f 12799/12799 12801/12801 12800/12800
f 12802/12802 12804/12804 12803/12803
f 12805/12805 12807/12807 12806/12806
f 12808/12808 12810/12810 12809/12809
f 12811/12811 12813/12813 12812/12812
f 12814/12814 12816/12816 12815/12815
f 12817/12817 12819/12819 12818/12818
f 12820/12820 12822/12822 12821/12821
f 12823/12823 12825/12825 12824/12824
f 12826/12826 12828/12828 12827/12827
f 12829/12829 12831/12831 12830/12830
f 12832/12832 12834/12834 12833/12833
f 12835/12835 12837/12837 12836/12836
f 12838/12838 12840/12840 12839/12839
f 12841/12841 12843/12843 12842/12842
f 12844/12844 12846/12846 12845/12845
f 12847/12847 12849/12849 12848/12848
f 12850/12850 12852/12852 12851/12851
f 12853/12853 12855/12855 12854/12854
f 12856/12856 12858/12858 12857/12857
f 12859/12859 12861/12861 12860/12860
f 12862/12862 12864/12864 12863/12863
f 12865/12865 12867/12867 12866/12866
f 12868/12868 12870/12870 12869/12869
f 12871/12871 12873/12873 12872/12872
f 12874/12874 12876/12876 12875/12875
f 12877/12877 12879/12879 12878/12878
f 12880/12880 12882/12882 12881/12881
f 12883/12883 12885/12885 12884/12884
f 12886/12886 12888/12888 12887/12887
f 12889/12889 12891/12891 12890/12890
f 12892/12892 12894/12894 12893/12893
f 12895/12895 12897/12897 12896/12896
f 12898/12898 12900/12900 12899/12899
f 12901/12901 12903/12903 12902/12902
f 12904/12904 12906/12906 12905/12905
f 12907/12907 12909/12909 12908/12908
f 12910/12910 12912/12912 12911/12911
f 12913/12913 12915/12915 12914/12914
f 12916/12916 12918/12918 12917/12917
f 12919/12919 12921/12921 12920/12920
f 12922/12922 12924/12924 12923/12923
f 12925/12925 12927/12927 12926/12926
f 12928/12928 12930/12930 12929/12929
f 12931/12931 12933/12933 12932/12932
f 12934/12934 12936/12936 12935/12935
